N,W_mld,W_sld,K_mld,K_sld,damping,starts,converged_runs,all_converged,max_iterations,max_residual,solution_spread_inf
1,4.0,4.0,1,1,0.4,25,25,True,68,1.6723289419928733e-12,4.197531211502792e-12
1,4.0,4.0,1,3,0.4,25,25,True,83,1.816324868286756e-12,5.3232973584727006e-12
1,4.0,4.0,1,6,0.4,25,25,True,95,1.8820500713445654e-12,6.205258529234925e-12
1,4.0,4.0,3,1,0.4,25,25,True,83,1.816324868286756e-12,5.3232973584727006e-12
1,4.0,4.0,3,3,0.4,25,25,True,110,1.9835244557953047e-12,7.717382288774388e-12
1,4.0,4.0,3,6,0.4,25,25,True,134,2.0479173912235638e-12,9.505396469933203e-12
1,4.0,4.0,6,1,0.4,25,25,True,95,1.8820500713445654e-12,6.205258529234925e-12
1,4.0,4.0,6,3,0.4,25,25,True,134,2.0479173912235638e-12,9.505396469933203e-12
1,4.0,4.0,6,6,0.4,25,25,True,163,2.047140235106326e-12,1.165101348732378e-11
1,4.0,8.0,1,1,0.4,25,25,True,66,1.6325829577112927e-12,3.84969833788773e-12
1,4.0,8.0,1,3,0.4,25,25,True,75,1.755817713444685e-12,4.750200233161195e-12
1,4.0,8.0,1,6,0.4,25,25,True,83,1.7882362257637396e-12,5.311751039016599e-12
1,4.0,8.0,3,1,0.4,25,25,True,73,1.6748824549495112e-12,4.350630966598601e-12
1,4.0,8.0,3,3,0.4,25,25,True,86,1.8348655927979962e-12,5.5140336741033025e-12
1,4.0,8.0,3,6,0.4,25,25,True,96,1.8302026560945706e-12,6.104894367808811e-12
1,4.0,8.0,6,1,0.4,25,25,True,75,1.7414958364270205e-12,4.3078873801505324e-12
1,4.0,8.0,6,3,0.4,25,25,True,88,1.844080443902385e-12,5.317746243349575e-12
1,4.0,8.0,6,6,0.4,25,25,True,98,1.908473379330644e-12,6.449063505442609e-12
1,4.0,16.0,1,1,0.4,25,25,True,64,1.5443202272535927e-12,3.4696689965585392e-12
1,4.0,16.0,1,3,0.4,25,25,True,69,1.6675549829869851e-12,4.1531222905177856e-12
1,4.0,16.0,1,6,0.4,25,25,True,74,1.7305046284832315e-12,4.576450329807358e-12
1,4.0,16.0,3,1,0.4,25,25,True,66,1.6462387009141821e-12,3.892886013545649e-12
1,4.0,16.0,3,3,0.4,25,25,True,73,1.7150725284409418e-12,4.432454403513475e-12
1,4.0,16.0,3,6,0.4,25,25,True,78,1.7421619702417956e-12,4.674594045184222e-12
1,4.0,16.0,6,1,0.4,25,25,True,67,1.6331380692236053e-12,3.827493877395227e-12
1,4.0,16.0,6,3,0.4,25,25,True,73,1.7036372312873027e-12,4.0538683521162966e-12
1,4.0,16.0,6,6,0.4,25,25,True,78,1.7569279364693102e-12,4.7486459209267196e-12
1,8.0,4.0,1,1,0.4,25,25,True,66,1.6325829577112927e-12,3.84969833788773e-12
1,8.0,4.0,1,3,0.4,25,25,True,73,1.6748824549495112e-12,4.350630966598601e-12
1,8.0,4.0,1,6,0.4,25,25,True,75,1.7414958364270205e-12,4.3078873801505324e-12
1,8.0,4.0,3,1,0.4,25,25,True,75,1.755817713444685e-12,4.750200233161195e-12
1,8.0,4.0,3,3,0.4,25,25,True,86,1.8348655927979962e-12,5.5140336741033025e-12
1,8.0,4.0,3,6,0.4,25,25,True,88,1.844080443902385e-12,5.317746243349575e-12
1,8.0,4.0,6,1,0.4,25,25,True,83,1.7882362257637396e-12,5.311751039016599e-12
1,8.0,4.0,6,3,0.4,25,25,True,96,1.8302026560945706e-12,6.104894367808811e-12
1,8.0,4.0,6,6,0.4,25,25,True,98,1.908473379330644e-12,6.449063505442609e-12
1,8.0,8.0,1,1,0.4,25,25,True,63,1.5834000777203983e-12,3.701927653310122e-12
1,8.0,8.0,1,3,0.4,25,25,True,69,1.6255885526561542e-12,4.011457832575616e-12
1,8.0,8.0,1,6,0.4,25,25,True,70,1.6833201499366623e-12,4.2441605785370484e-12
1,8.0,8.0,3,1,0.4,25,25,True,69,1.6255885526561542e-12,4.011457832575616e-12
1,8.0,8.0,3,3,0.4,25,25,True,75,1.7500445537166343e-12,4.804490139065365e-12
1,8.0,8.0,3,6,0.4,25,25,True,78,1.7696955012524995e-12,4.9680259905926505e-12
1,8.0,8.0,6,1,0.4,25,25,True,70,1.6833201499366623e-12,4.2441605785370484e-12
1,8.0,8.0,6,3,0.4,25,25,True,78,1.7696955012524995e-12,4.9680259905926505e-12
1,8.0,8.0,6,6,0.4,25,25,True,80,1.7655876760613864e-12,5.076383757796066e-12
1,8.0,16.0,1,1,0.4,25,25,True,61,1.5333290193098037e-12,3.4198199827528697e-12
1,8.0,16.0,1,3,0.4,25,25,True,64,1.6403545188836688e-12,3.838929174548866e-12
1,8.0,16.0,1,6,0.4,25,25,True,65,1.6570078642530461e-12,3.843370066647367e-12
1,8.0,16.0,3,1,0.4,25,25,True,64,1.5987211554602254e-12,3.5019764865751313e-12
1,8.0,16.0,3,3,0.4,25,25,True,68,1.6262546864709293e-12,3.948952276289219e-12
1,8.0,16.0,3,6,0.4,25,25,True,69,1.7027490528676026e-12,4.2054137949776305e-12
1,8.0,16.0,6,1,0.4,25,25,True,64,1.6221468612798162e-12,3.724909269919863e-12
1,8.0,16.0,6,3,0.4,25,25,True,68,1.684319350658825e-12,4.1670000783256e-12
1,8.0,16.0,6,6,0.4,25,25,True,69,1.6829870830292748e-12,4.243605467024736e-12
1,16.0,4.0,1,1,0.4,25,25,True,64,1.5443202272535927e-12,3.4696689965585392e-12
1,16.0,4.0,1,3,0.4,25,25,True,66,1.6462387009141821e-12,3.892886013545649e-12
1,16.0,4.0,1,6,0.4,25,25,True,67,1.6331380692236053e-12,3.827493877395227e-12
1,16.0,4.0,3,1,0.4,25,25,True,69,1.6675549829869851e-12,4.1531222905177856e-12
1,16.0,4.0,3,3,0.4,25,25,True,73,1.7150725284409418e-12,4.432454403513475e-12
1,16.0,4.0,3,6,0.4,25,25,True,73,1.7036372312873027e-12,4.0538683521162966e-12
1,16.0,4.0,6,1,0.4,25,25,True,74,1.7305046284832315e-12,4.576450329807358e-12
1,16.0,4.0,6,3,0.4,25,25,True,78,1.7421619702417956e-12,4.674594045184222e-12
1,16.0,4.0,6,6,0.4,25,25,True,78,1.7569279364693102e-12,4.7486459209267196e-12
1,16.0,8.0,1,1,0.4,25,25,True,61,1.5333290193098037e-12,3.4198199827528697e-12
1,16.0,8.0,1,3,0.4,25,25,True,64,1.5987211554602254e-12,3.5019764865751313e-12
1,16.0,8.0,1,6,0.4,25,25,True,64,1.6221468612798162e-12,3.724909269919863e-12
1,16.0,8.0,3,1,0.4,25,25,True,64,1.6403545188836688e-12,3.838929174548866e-12
1,16.0,8.0,3,3,0.4,25,25,True,68,1.6262546864709293e-12,3.948952276289219e-12
1,16.0,8.0,3,6,0.4,25,25,True,68,1.684319350658825e-12,4.1670000783256e-12
1,16.0,8.0,6,1,0.4,25,25,True,65,1.6570078642530461e-12,3.843370066647367e-12
1,16.0,8.0,6,3,0.4,25,25,True,69,1.7027490528676026e-12,4.2054137949776305e-12
1,16.0,8.0,6,6,0.4,25,25,True,69,1.6829870830292748e-12,4.243605467024736e-12
1,16.0,16.0,1,1,0.4,25,25,True,58,1.4520606939072422e-12,3.1916691511924e-12
1,16.0,16.0,1,3,0.4,25,25,True,60,1.5940582187567998e-12,3.5489389205167754e-12
1,16.0,16.0,1,6,0.4,25,25,True,61,1.6086021403793893e-12,3.6057823393775834e-12
1,16.0,16.0,3,1,0.4,25,25,True,60,1.5940582187567998e-12,3.5489389205167754e-12
1,16.0,16.0,3,3,0.4,25,25,True,62,1.578404074109585e-12,3.653521929436465e-12
1,16.0,16.0,3,6,0.4,25,25,True,62,1.6107115641261771e-12,3.696598582791921e-12
1,16.0,16.0,6,1,0.4,25,25,True,61,1.6086021403793893e-12,3.6057823393775834e-12
1,16.0,16.0,6,3,0.4,25,25,True,62,1.6107115641261771e-12,3.696598582791921e-12
1,16.0,16.0,6,6,0.4,25,25,True,62,1.628142065612792e-12,3.786304603181634e-12
2,4.0,4.0,1,1,0.4,25,25,True,61,1.6168177907616155e-12,3.6247671530986736e-12
2,4.0,4.0,1,3,0.4,25,25,True,70,1.687538997430238e-12,4.164002476159112e-12
2,4.0,4.0,1,6,0.4,25,25,True,77,1.7533752227905097e-12,4.8054893397875276e-12
2,4.0,4.0,3,1,0.4,25,25,True,68,1.6891488208159444e-12,4.2039149938943865e-12
2,4.0,4.0,3,3,0.4,25,25,True,88,1.8315349237241207e-12,5.649924972317422e-12
2,4.0,4.0,3,6,0.4,25,25,True,106,1.9477752744023746e-12,7.126188528161492e-12
2,4.0,4.0,6,1,0.4,25,25,True,73,1.7300050281221502e-12,4.4646508712276045e-12
2,4.0,4.0,6,3,0.4,25,25,True,104,1.942890293094024e-12,6.931788476549627e-12
2,4.0,4.0,6,6,0.4,25,25,True,136,2.069677762506217e-12,9.675149570398389e-12
2,4.0,8.0,1,1,0.4,25,25,True,63,1.6150414339222152e-12,3.7405634145670774e-12
2,4.0,8.0,1,3,0.4,25,25,True,72,1.7275070263167436e-12,4.2063019733973306e-12
2,4.0,8.0,1,6,0.4,25,25,True,79,1.7529311335806597e-12,4.778177853381749e-12
2,4.0,8.0,3,1,0.4,25,25,True,72,1.729949516970919e-12,4.413469589792385e-12
2,4.0,8.0,3,3,0.4,25,25,True,87,1.8561818748707992e-12,5.510703005029427e-12
2,4.0,8.0,3,6,0.4,25,25,True,100,1.9193535649719706e-12,6.603606550470431e-12
2,4.0,8.0,6,1,0.4,25,25,True,79,1.7720269696042124e-12,4.939937348069634e-12
2,4.0,8.0,6,3,0.4,25,25,True,95,1.8777202015485273e-12,6.185496559396597e-12
2,4.0,8.0,6,6,0.4,25,25,True,108,1.9489965197294623e-12,7.154166148382046e-12
2,4.0,16.0,1,1,0.4,25,25,True,63,1.6042722705833512e-12,3.5091929362351948e-12
2,4.0,16.0,1,3,0.4,25,25,True,70,1.6848744621711376e-12,4.02489153117358e-12
2,4.0,16.0,1,6,0.4,25,25,True,75,1.7030821197749901e-12,4.5458081743277035e-12
2,4.0,16.0,3,1,0.4,25,25,True,69,1.677213923301224e-12,4.053535285208909e-12
2,4.0,16.0,3,3,0.4,25,25,True,77,1.776023772492863e-12,4.869660230610862e-12
2,4.0,16.0,3,6,0.4,25,25,True,84,1.7875700919489645e-12,5.119793478058909e-12
2,4.0,16.0,6,1,0.4,25,25,True,70,1.7004175845158898e-12,4.241051954068098e-12
2,4.0,16.0,6,3,0.4,25,25,True,79,1.7750245717707003e-12,4.619304938557889e-12
2,4.0,16.0,6,6,0.4,25,25,True,85,1.8020029912690916e-12,5.357048138421305e-12
2,8.0,4.0,1,1,0.4,25,25,True,58,1.5310530621093221e-12,3.162192729888602e-12
2,8.0,4.0,1,3,0.4,25,25,True,62,1.6011636461144008e-12,3.5621505745098148e-12
2,8.0,4.0,1,6,0.4,25,25,True,64,1.581845765485923e-12,3.591016373150069e-12
2,8.0,4.0,3,1,0.4,25,25,True,62,1.6074919173547642e-12,3.6010083803716952e-12
2,8.0,4.0,3,3,0.4,25,25,True,70,1.7003065622134272e-12,4.259703700881801e-12
2,8.0,4.0,3,6,0.4,25,25,True,74,1.7316148515078567e-12,4.515054996545587e-12
2,8.0,4.0,6,1,0.4,25,25,True,65,1.6242007738753728e-12,3.811451154689394e-12
2,8.0,4.0,6,3,0.4,25,25,True,76,1.7570389587717727e-12,4.619082893952964e-12
2,8.0,4.0,6,6,0.4,25,25,True,82,1.7897905379982149e-12,5.1454396299277505e-12
2,8.0,8.0,1,1,0.4,25,25,True,60,1.5877299475164364e-12,3.5149660959632456e-12
2,8.0,8.0,1,3,0.4,25,25,True,64,1.6008305792070132e-12,3.662292691331004e-12
2,8.0,8.0,1,6,0.4,25,25,True,66,1.6553425297161084e-12,3.786193580879171e-12
2,8.0,8.0,3,1,0.4,25,25,True,65,1.6090462295892394e-12,3.816058580241588e-12
2,8.0,8.0,3,3,0.4,25,25,True,73,1.7293944054586063e-12,4.534594921778989e-12
2,8.0,8.0,3,6,0.4,25,25,True,76,1.6936452240656763e-12,4.508615703002761e-12
2,8.0,8.0,6,1,0.4,25,25,True,69,1.681543793097262e-12,4.225619854025808e-12
2,8.0,8.0,6,3,0.4,25,25,True,78,1.7621459846850485e-12,4.865219338512361e-12
2,8.0,8.0,6,6,0.4,25,25,True,82,1.7974510768681284e-12,5.25091081726714e-12
2,8.0,16.0,1,1,0.4,25,25,True,60,1.5651924201165457e-12,3.4663383274846638e-12
2,8.0,16.0,1,3,0.4,25,25,True,64,1.6289192217300297e-12,3.787858915416109e-12
2,8.0,16.0,1,6,0.4,25,25,True,65,1.6120438317557273e-12,3.82849307811739e-12
2,8.0,16.0,3,1,0.4,25,25,True,64,1.6266987756807794e-12,3.70492525547661e-12
2,8.0,16.0,3,3,0.4,25,25,True,69,1.7065238111513281e-12,4.280686916047216e-12
2,8.0,16.0,3,6,0.4,25,25,True,71,1.7175150190951172e-12,4.414024701304697e-12
2,8.0,16.0,6,1,0.4,25,25,True,65,1.5957235532937375e-12,3.752997912442879e-12
2,8.0,16.0,6,3,0.4,25,25,True,70,1.7050805212193154e-12,4.3227643686805095e-12
2,8.0,16.0,6,6,0.4,25,25,True,73,1.7141843500212417e-12,4.494293825985096e-12
2,16.0,4.0,1,1,0.4,25,25,True,56,1.5388801344329295e-12,3.1850633241958803e-12
2,16.0,4.0,1,3,0.4,25,25,True,58,1.5260015473472777e-12,3.163025397157071e-12
2,16.0,4.0,1,6,0.4,25,25,True,59,1.52522439123004e-12,3.2385205628315816e-12
2,16.0,4.0,3,1,0.4,25,25,True,59,1.5021317523178368e-12,3.135047776936517e-12
2,16.0,4.0,3,3,0.4,25,25,True,62,1.5892842597509116e-12,3.474776022471815e-12
2,16.0,4.0,3,6,0.4,25,25,True,63,1.6129320101754274e-12,3.658184866139891e-12
2,16.0,4.0,6,1,0.4,25,25,True,60,1.5863976798868862e-12,3.4824365613417285e-12
2,16.0,4.0,6,3,0.4,25,25,True,65,1.638911228951656e-12,3.797295811125423e-12
2,16.0,4.0,6,6,0.4,25,25,True,67,1.6638912470057221e-12,3.7914116290949096e-12
2,16.0,8.0,1,1,0.4,25,25,True,58,1.4891421429297225e-12,3.1370461783808423e-12
2,16.0,8.0,1,3,0.4,25,25,True,59,1.567412866165796e-12,3.3056890558214036e-12
2,16.0,8.0,1,6,0.4,25,25,True,60,1.5452084056732929e-12,3.323230579610481e-12
2,16.0,8.0,3,1,0.4,25,25,True,61,1.592836973429712e-12,3.5782488083668795e-12
2,16.0,8.0,3,3,0.4,25,25,True,64,1.5918377727075494e-12,3.699929251865797e-12
2,16.0,8.0,3,6,0.4,25,25,True,65,1.638467139741806e-12,3.817612892476063e-12
2,16.0,8.0,6,1,0.4,25,25,True,63,1.6410206526984439e-12,3.7909675398850595e-12
2,16.0,8.0,6,3,0.4,25,25,True,67,1.6727730312027234e-12,3.972711049016198e-12
2,16.0,8.0,6,6,0.4,25,25,True,69,1.6850965067760626e-12,3.9042102883968255e-12
2,16.0,16.0,1,1,0.4,25,25,True,57,1.5711876244495215e-12,3.3726355042063005e-12
2,16.0,16.0,1,3,0.4,25,25,True,59,1.5578649481540197e-12,3.3685276790151875e-12
2,16.0,16.0,1,6,0.4,25,25,True,60,1.5815126985785355e-12,3.4585667663122877e-12
2,16.0,16.0,3,1,0.4,25,25,True,60,1.5865087021893487e-12,3.5371705564557487e-12
2,16.0,16.0,3,3,0.4,25,25,True,63,1.6271428648906294e-12,3.631539513548887e-12
2,16.0,16.0,3,6,0.4,25,25,True,63,1.584843367652411e-12,3.640865386955738e-12
2,16.0,16.0,6,1,0.4,25,25,True,61,1.6050494267005888e-12,3.6219915955371107e-12
2,16.0,16.0,6,3,0.4,25,25,True,64,1.6316947792915926e-12,3.810951554328312e-12
2,16.0,16.0,6,6,0.4,25,25,True,64,1.6038281813735011e-12,3.767874900972856e-12
3,4.0,4.0,1,1,0.4,25,25,True,58,1.4410694859634532e-12,3.0868640976677852e-12
3,4.0,4.0,1,3,0.4,25,25,True,65,1.6239232181192165e-12,3.817168803266213e-12
3,4.0,4.0,1,6,0.4,25,25,True,72,1.7112977701572163e-12,4.320321878026334e-12
3,4.0,4.0,3,1,0.4,25,25,True,62,1.6145973447123652e-12,3.6811664827496315e-12
3,4.0,4.0,3,3,0.4,25,25,True,77,1.6894263765721007e-12,4.562239475092156e-12
3,4.0,4.0,3,6,0.4,25,25,True,93,1.8667289936047382e-12,6.0066396301294844e-12
3,4.0,4.0,6,1,0.4,25,25,True,62,1.6170953465177718e-12,3.595179709492413e-12
3,4.0,4.0,6,3,0.4,25,25,True,84,1.8173240690089187e-12,5.338396391607603e-12
3,4.0,4.0,6,6,0.4,25,25,True,112,1.9205748102990583e-12,7.392753076373992e-12
3,4.0,8.0,1,1,0.4,25,25,True,61,1.599720356182388e-12,3.610667320685934e-12
3,4.0,8.0,1,3,0.4,25,25,True,69,1.659339332604759e-12,4.097833183891453e-12
3,4.0,8.0,1,6,0.4,25,25,True,75,1.7491563752969341e-12,4.711231404996852e-12
3,4.0,8.0,3,1,0.4,25,25,True,68,1.6672219160795976e-12,4.177103107849689e-12
3,4.0,8.0,3,3,0.4,25,25,True,85,1.7942314300967155e-12,5.389688695345285e-12
3,4.0,8.0,3,6,0.4,25,25,True,98,1.9068080447937064e-12,6.551981179825361e-12
3,4.0,8.0,6,1,0.4,25,25,True,75,1.7423840148467207e-12,4.675482223603922e-12
3,4.0,8.0,6,3,0.4,25,25,True,98,1.8870460749553786e-12,6.511902128636393e-12
3,4.0,8.0,6,6,0.4,25,25,True,113,1.982081165863292e-12,7.718270467194088e-12
3,4.0,16.0,1,1,0.4,25,25,True,62,1.6241452627241415e-12,3.729794251228213e-12
3,4.0,16.0,1,3,0.4,25,25,True,70,1.7004175845158898e-12,4.115152663075605e-12
3,4.0,16.0,1,6,0.4,25,25,True,75,1.752376022068347e-12,4.6874726322698734e-12
3,4.0,16.0,3,1,0.4,25,25,True,70,1.7025270082626776e-12,4.255040764178375e-12
3,4.0,16.0,3,3,0.4,25,25,True,80,1.8008927682444664e-12,5.094369370794993e-12
3,4.0,16.0,3,6,0.4,25,25,True,88,1.8455237338343977e-12,5.444089623551918e-12
3,4.0,16.0,6,1,0.4,25,25,True,73,1.7135182162064666e-12,4.454436819401053e-12
3,4.0,16.0,6,3,0.4,25,25,True,83,1.801003790546929e-12,5.112021916886533e-12
3,4.0,16.0,6,6,0.4,25,25,True,91,1.866062859789963e-12,5.83344483828796e-12
3,8.0,4.0,1,1,0.4,25,25,True,56,1.4755419108780643e-12,2.988831404593384e-12
3,8.0,4.0,1,3,0.4,25,25,True,59,1.5486500970496309e-12,3.2434055441399323e-12
3,8.0,4.0,1,6,0.4,25,25,True,61,1.5092371796754378e-12,3.2959190932047022e-12
3,8.0,4.0,3,1,0.4,25,25,True,58,1.5278889264891404e-12,3.2751579226442118e-12
3,8.0,4.0,3,3,0.4,25,25,True,64,1.6301959782083486e-12,3.720634911275056e-12
3,8.0,4.0,3,6,0.4,25,25,True,69,1.6785461909307742e-12,4.084510507595951e-12
3,8.0,4.0,6,1,0.4,25,25,True,58,1.5576429035490946e-12,3.314570840018405e-12
3,8.0,4.0,6,3,0.4,25,25,True,68,1.6708301409096293e-12,3.940625603604531e-12
3,8.0,4.0,6,6,0.4,25,25,True,74,1.7119639039719914e-12,4.469979941745805e-12
3,8.0,8.0,1,1,0.4,25,25,True,58,1.563749130184533e-12,3.3767433293974136e-12
3,8.0,8.0,1,3,0.4,25,25,True,61,1.5744072712209345e-12,3.465783215972351e-12
3,8.0,8.0,1,6,0.4,25,25,True,63,1.609823385706477e-12,3.559597061553177e-12
3,8.0,8.0,3,1,0.4,25,25,True,62,1.6150414339222152e-12,3.6843861295210445e-12
3,8.0,8.0,3,3,0.4,25,25,True,69,1.6917578449238135e-12,4.232836303685872e-12
3,8.0,8.0,3,6,0.4,25,25,True,73,1.6607826225367717e-12,4.256039964900538e-12
3,8.0,8.0,6,1,0.4,25,25,True,66,1.6628920462835595e-12,4.019007349143067e-12
3,8.0,8.0,6,3,0.4,25,25,True,76,1.7362777882112823e-12,4.6775916473507095e-12
3,8.0,8.0,6,6,0.4,25,25,True,81,1.804889571133117e-12,5.19528864373342e-12
3,8.0,16.0,1,1,0.4,25,25,True,59,1.5893952820533741e-12,3.3107960817346793e-12
3,8.0,16.0,1,3,0.4,25,25,True,63,1.6188161922059408e-12,3.678279902885606e-12
3,8.0,16.0,1,6,0.4,25,25,True,64,1.6325829577112927e-12,3.790856517582597e-12
3,8.0,16.0,3,1,0.4,25,25,True,64,1.645572567099407e-12,3.861688746553682e-12
3,8.0,16.0,3,3,0.4,25,25,True,69,1.6951995363001515e-12,4.280686916047216e-12
3,8.0,16.0,3,6,0.4,25,25,True,72,1.7169599075828046e-12,4.447331392043452e-12
3,8.0,16.0,6,1,0.4,25,25,True,66,1.6541212843890207e-12,3.963496197911809e-12
3,8.0,16.0,6,3,0.4,25,25,True,72,1.7149615061384793e-12,4.384936858059518e-12
3,8.0,16.0,6,6,0.4,25,25,True,75,1.7278400932241311e-12,4.578004642041833e-12
3,16.0,4.0,1,1,0.4,25,25,True,55,1.5137335829251697e-12,3.0647706594777446e-12
3,16.0,4.0,1,3,0.4,25,25,True,56,1.495303880716392e-12,2.9879432261736838e-12
3,16.0,4.0,1,6,0.4,25,25,True,57,1.5242251905078774e-12,3.1151747847957267e-12
3,16.0,4.0,3,1,0.4,25,25,True,56,1.520894521434002e-12,3.058830966296e-12
3,16.0,4.0,3,3,0.4,25,25,True,59,1.5486500970496309e-12,3.2621683132560975e-12
3,16.0,4.0,3,6,0.4,25,25,True,60,1.588951192843524e-12,3.4001690352170044e-12
3,16.0,4.0,6,1,0.4,25,25,True,56,1.512956426807932e-12,3.019029470863188e-12
3,16.0,4.0,6,3,0.4,25,25,True,60,1.5679679776781086e-12,3.4448000008069357e-12
3,16.0,4.0,6,6,0.4,25,25,True,63,1.5987211554602254e-12,3.6133318559450345e-12
3,16.0,8.0,1,1,0.4,25,25,True,56,1.5152323840084136e-12,3.128164394183841e-12
3,16.0,8.0,1,3,0.4,25,25,True,58,1.5439871603462052e-12,3.256728220435434e-12
3,16.0,8.0,1,6,0.4,25,25,True,58,1.5542012121727566e-12,3.312239371666692e-12
3,16.0,8.0,3,1,0.4,25,25,True,59,1.5552004128949193e-12,3.375966173280176e-12
3,16.0,8.0,3,3,0.4,25,25,True,62,1.5863976798868862e-12,3.552269589590651e-12
3,16.0,8.0,3,6,0.4,25,25,True,63,1.6014967130217883e-12,3.639533119326188e-12
3,16.0,8.0,6,1,0.4,25,25,True,61,1.6038281813735011e-12,3.5764724515274793e-12
3,16.0,8.0,6,3,0.4,25,25,True,65,1.6516787937348454e-12,3.889111255261923e-12
3,16.0,8.0,6,6,0.4,25,25,True,67,1.6712187189682481e-12,3.9752645619728355e-12
3,16.0,16.0,1,1,0.4,25,25,True,57,1.471600619140645e-12,3.1097346919750635e-12
3,16.0,16.0,1,3,0.4,25,25,True,58,1.5655254870239332e-12,3.3499869545039473e-12
3,16.0,16.0,1,6,0.4,25,25,True,59,1.550204409284106e-12,3.3599789617255738e-12
3,16.0,16.0,3,1,0.4,25,25,True,60,1.5912826611952369e-12,3.5269565046291973e-12
3,16.0,16.0,3,3,0.4,25,25,True,62,1.6209256159527285e-12,3.504974088741619e-12
3,16.0,16.0,3,6,0.4,25,25,True,63,1.6143753001074401e-12,3.6383118739991005e-12
3,16.0,16.0,6,1,0.4,25,25,True,61,1.59539048638635e-12,3.552047544985726e-12
3,16.0,16.0,6,3,0.4,25,25,True,64,1.6402434965812063e-12,3.675837412231431e-12
3,16.0,16.0,6,6,0.4,25,25,True,65,1.6154855231320653e-12,3.833267037123278e-12
4,4.0,4.0,1,1,0.4,25,25,True,57,1.381617042994776e-12,2.873701276939755e-12
4,4.0,4.0,1,3,0.4,25,25,True,63,1.6228129950945913e-12,3.56414897595414e-12
4,4.0,4.0,1,6,0.4,25,25,True,69,1.6669998714746725e-12,4.102607142897341e-12
4,4.0,4.0,3,1,0.4,25,25,True,59,1.5589196600274136e-12,3.3855696024431836e-12
4,4.0,4.0,3,3,0.4,25,25,True,71,1.6610046671416967e-12,4.116595953007618e-12
4,4.0,4.0,3,6,0.4,25,25,True,85,1.8104406862562428e-12,5.320077711701288e-12
4,4.0,4.0,6,1,0.4,25,25,True,58,1.538547067525542e-12,3.2552849305034215e-12
4,4.0,4.0,6,3,0.4,25,25,True,74,1.6893708654208694e-12,4.275690912436403e-12
4,4.0,4.0,6,6,0.4,25,25,True,98,1.8706147741909263e-12,6.08102457277937e-12
4,4.0,8.0,1,1,0.4,25,25,True,60,1.5768497618751098e-12,3.4492408929054363e-12
4,4.0,8.0,1,3,0.4,25,25,True,67,1.659561377209684e-12,3.988365193663412e-12
4,4.0,8.0,1,6,0.4,25,25,True,73,1.7255086248724183e-12,4.456435220845378e-12
4,4.0,8.0,3,1,0.4,25,25,True,65,1.655675596623496e-12,3.97104571447926e-12
4,4.0,8.0,3,3,0.4,25,25,True,81,1.7990053891026037e-12,5.1383342025701495e-12
4,4.0,8.0,3,6,0.4,25,25,True,95,1.8181012251261564e-12,6.046385614411065e-12
4,4.0,8.0,6,1,0.4,25,25,True,69,1.7016388298429774e-12,4.2549297418759124e-12
4,4.0,8.0,6,3,0.4,25,25,True,94,1.894484569220367e-12,6.3410388051465816e-12
4,4.0,8.0,6,6,0.4,25,25,True,114,1.9888535263135054e-12,7.788214517745473e-12
4,4.0,16.0,1,1,0.4,25,25,True,62,1.6225909504896663e-12,3.5967895328781196e-12
4,4.0,16.0,1,3,0.4,25,25,True,69,1.6923129564361261e-12,4.203082326625918e-12
4,4.0,16.0,1,6,0.4,25,25,True,75,1.751265799043722e-12,4.607092485287012e-12
4,4.0,16.0,3,1,0.4,25,25,True,69,1.701527807540515e-12,4.265254816004926e-12
4,4.0,16.0,3,3,0.4,25,25,True,82,1.8076651286946799e-12,5.225930799213074e-12
4,4.0,16.0,3,6,0.4,25,25,True,90,1.869060461956451e-12,5.5357940453859555e-12
4,4.0,16.0,6,1,0.4,25,25,True,74,1.7493784199018592e-12,4.629741034989365e-12
4,4.0,16.0,6,3,0.4,25,25,True,87,1.820210648872944e-12,5.461964214248383e-12
4,4.0,16.0,6,6,0.4,25,25,True,95,1.8967050152696174e-12,6.193823232081286e-12
4,8.0,4.0,1,1,0.4,25,25,True,55,1.5040191314596996e-12,3.0496716263428425e-12
4,8.0,4.0,1,3,0.4,25,25,True,58,1.5289436383625343e-12,3.252786928698015e-12
4,8.0,4.0,1,6,0.4,25,25,True,60,1.564193219394383e-12,3.3627545192871366e-12
4,8.0,4.0,3,1,0.4,25,25,True,56,1.5054624213917123e-12,3.06676906092207e-12
4,8.0,4.0,3,3,0.4,25,25,True,62,1.5574208589441696e-12,3.4412472871281352e-12
4,8.0,4.0,3,6,0.4,25,25,True,66,1.6525669721545455e-12,3.894551348082587e-12
4,8.0,4.0,6,1,0.4,25,25,True,56,1.5098478023389816e-12,3.1289415503010787e-12
4,8.0,4.0,6,3,0.4,25,25,True,63,1.6239232181192165e-12,3.5962899325170383e-12
4,8.0,4.0,6,6,0.4,25,25,True,70,1.6897594434794883e-12,4.135136677518858e-12
4,8.0,8.0,1,1,0.4,25,25,True,57,1.5347723092418164e-12,3.2470692801211953e-12
4,8.0,8.0,1,3,0.4,25,25,True,60,1.5593082380860324e-12,3.3646418984289994e-12
4,8.0,8.0,1,6,0.4,25,25,True,61,1.5888401705410615e-12,3.543498827696112e-12
4,8.0,8.0,3,1,0.4,25,25,True,60,1.6048273820956638e-12,3.5653702212812277e-12
4,8.0,8.0,3,3,0.4,25,25,True,67,1.5362155991738291e-12,3.690159289249095e-12
4,8.0,8.0,3,6,0.4,25,25,True,70,1.7091883464104285e-12,4.27069490882559e-12
4,8.0,8.0,6,1,0.4,25,25,True,62,1.5922818619173995e-12,3.5541569687325136e-12
4,8.0,8.0,6,3,0.4,25,25,True,73,1.7218448888911553e-12,4.507949569187986e-12
4,8.0,8.0,6,6,0.4,25,25,True,78,1.7541523789077473e-12,4.891864691103365e-12
4,8.0,16.0,1,1,0.4,25,25,True,59,1.5760726057578722e-12,3.4182656705183945e-12
4,8.0,16.0,1,3,0.4,25,25,True,62,1.6003864899971632e-12,3.534839088104036e-12
4,8.0,16.0,1,6,0.4,25,25,True,63,1.6040502259784262e-12,3.681832616564407e-12
4,8.0,16.0,3,1,0.4,25,25,True,63,1.6339152253408429e-12,3.7700953470221066e-12
4,8.0,16.0,3,3,0.4,25,25,True,69,1.6683321391042227e-12,4.141798015666609e-12
4,8.0,16.0,3,6,0.4,25,25,True,72,1.6859846851957627e-12,4.359290706190677e-12
4,8.0,16.0,6,1,0.4,25,25,True,66,1.6273649094955545e-12,3.9399594697897555e-12
4,8.0,16.0,6,3,0.4,25,25,True,73,1.7114087924596788e-12,4.492517469145696e-12
4,8.0,16.0,6,6,0.4,25,25,True,76,1.748046152272309e-12,4.704570066849101e-12
4,16.0,4.0,1,1,0.4,25,25,True,54,1.5065726444163374e-12,3.046951579932511e-12
4,16.0,4.0,1,3,0.4,25,25,True,56,1.5033529976449245e-12,2.9435898163399088e-12
4,16.0,4.0,1,6,0.4,25,25,True,56,1.5057954882990998e-12,3.1046276660617877e-12
4,16.0,4.0,3,1,0.4,25,25,True,55,1.5236700789955648e-12,3.1186164761720647e-12
4,16.0,4.0,3,3,0.4,25,25,True,58,1.3886114480499145e-12,2.9202196216715492e-12
4,16.0,4.0,3,6,0.4,25,25,True,59,1.5766277172701848e-12,3.246791724365039e-12
4,16.0,4.0,6,1,0.4,25,25,True,55,1.5072387782311125e-12,3.0645486148728196e-12
4,16.0,4.0,6,3,0.4,25,25,True,58,1.5031864641912307e-12,3.153088901086676e-12
4,16.0,4.0,6,6,0.4,25,25,True,61,1.5496492977717935e-12,3.2042146713706643e-12
4,16.0,8.0,1,1,0.4,25,25,True,55,1.5017986854104493e-12,2.8933522244756205e-12
4,16.0,8.0,1,3,0.4,25,25,True,57,1.5449863610683678e-12,3.2344127376404685e-12
4,16.0,8.0,1,6,0.4,25,25,True,57,1.5488721416545559e-12,3.248734614658133e-12
4,16.0,8.0,3,1,0.4,25,25,True,57,1.5292211941186906e-12,3.244404744862095e-12
4,16.0,8.0,3,3,0.4,25,25,True,60,1.5494272531668685e-12,3.355538069627073e-12
4,16.0,8.0,3,6,0.4,25,25,True,61,1.5947243525715749e-12,3.552935723405426e-12
4,16.0,8.0,6,1,0.4,25,25,True,58,1.5717982471130654e-12,3.3222868900395497e-12
4,16.0,8.0,6,3,0.4,25,25,True,63,1.6273649094955545e-12,3.651301483387215e-12
4,16.0,8.0,6,6,0.4,25,25,True,65,1.6501244815003702e-12,3.85014242709758e-12
4,16.0,16.0,1,1,0.4,25,25,True,56,1.5022427746202993e-12,3.148814542441869e-12
4,16.0,16.0,1,3,0.4,25,25,True,58,1.550204409284106e-12,3.2647218262127353e-12
4,16.0,16.0,1,6,0.4,25,25,True,58,1.5270007480694403e-12,3.0772051573535464e-12
4,16.0,16.0,3,1,0.4,25,25,True,59,1.5442092049511302e-12,3.364974965336387e-12
4,16.0,16.0,3,3,0.4,25,25,True,62,1.6163737015517654e-12,3.644196056029614e-12
4,16.0,16.0,3,6,0.4,25,25,True,63,1.6152634785271403e-12,3.644418100634539e-12
4,16.0,16.0,6,1,0.4,25,25,True,61,1.6148193893172902e-12,3.602451670303708e-12
4,16.0,16.0,6,3,0.4,25,25,True,64,1.591948795010012e-12,3.733013897999626e-12
4,16.0,16.0,6,6,0.4,25,25,True,65,1.5839551892327108e-12,3.735012299443952e-12
5,4.0,4.0,1,1,0.4,25,25,True,56,1.3908041385235492e-12,2.854272374008815e-12
5,4.0,4.0,1,3,0.4,25,25,True,61,1.5747958492795533e-12,3.3245628472400313e-12
5,4.0,4.0,1,6,0.4,25,25,True,67,1.6688872506165353e-12,3.9614977964674836e-12
5,4.0,4.0,3,1,0.4,25,25,True,57,1.5359102878420572e-12,3.237965451319269e-12
5,4.0,4.0,3,3,0.4,25,25,True,67,1.6550094628087209e-12,3.954503391412345e-12
5,4.0,4.0,3,6,0.4,25,25,True,81,1.7643664307342988e-12,4.986899782011278e-12
5,4.0,4.0,6,1,0.4,25,25,True,56,1.5185075419310579e-12,3.1398217359424052e-12
5,4.0,4.0,6,3,0.4,25,25,True,68,1.670108495943623e-12,4.039046874737551e-12
5,4.0,4.0,6,6,0.4,25,25,True,90,1.854183473426474e-12,5.735856234423409e-12
5,4.0,8.0,1,1,0.4,25,25,True,59,1.5710210909958278e-12,3.3799074650175953e-12
5,4.0,8.0,1,3,0.4,25,25,True,65,1.6446843886797069e-12,3.866573727862033e-12
5,4.0,8.0,1,6,0.4,25,25,True,71,1.708855279503041e-12,4.283684518213704e-12
5,4.0,8.0,3,1,0.4,25,25,True,63,1.6273649094955545e-12,3.764655254201443e-12
5,4.0,8.0,3,3,0.4,25,25,True,78,1.747602063062459e-12,4.839684208945982e-12
5,4.0,8.0,3,6,0.4,25,25,True,91,1.8584023209200495e-12,5.985656414964069e-12
5,4.0,8.0,6,1,0.4,25,25,True,65,1.5785706075632788e-12,3.724520691861244e-12
5,4.0,8.0,6,3,0.4,25,25,True,89,1.8659518374875006e-12,5.842104577880036e-12
5,4.0,8.0,6,6,0.4,25,25,True,112,1.981192987443592e-12,7.738920615452116e-12
5,4.0,16.0,1,1,0.4,25,25,True,61,1.5565326805244695e-12,3.4912073232362673e-12
5,4.0,16.0,1,3,0.4,25,25,True,68,1.609823385706477e-12,3.783973134829921e-12
5,4.0,16.0,1,6,0.4,25,25,True,74,1.7219559111936178e-12,4.4220183070819985e-12
5,4.0,16.0,3,1,0.4,25,25,True,68,1.6959766924173891e-12,3.984146346169837e-12
5,4.0,16.0,3,3,0.4,25,25,True,82,1.7931212070720903e-12,5.150213588933639e-12
5,4.0,16.0,3,6,0.4,25,25,True,92,1.829869589187183e-12,5.890732346358618e-12
5,4.0,16.0,6,1,0.4,25,25,True,74,1.7132961716015416e-12,4.533040609544514e-12
5,4.0,16.0,6,3,0.4,25,25,True,90,1.8663959266973507e-12,5.8906213240561556e-12
5,4.0,16.0,6,6,0.4,25,25,True,99,1.87916349148054e-12,6.270761687687809e-12
5,8.0,4.0,1,1,0.4,25,25,True,55,1.5045742429720121e-12,3.0070390621972365e-12
5,8.0,4.0,1,3,0.4,25,25,True,57,1.5477619186299307e-12,3.2130964555676655e-12
5,8.0,4.0,1,6,0.4,25,25,True,59,1.5302203948408533e-12,3.2316371800789057e-12
5,8.0,4.0,3,1,0.4,25,25,True,55,1.5075996007141157e-12,3.014033467252375e-12
5,8.0,4.0,3,3,0.4,25,25,True,60,1.5649703755116207e-12,3.2607250233240848e-12
5,8.0,4.0,3,6,0.4,25,25,True,64,1.6365797605999433e-12,3.5379477125729863e-12
5,8.0,4.0,6,1,0.4,25,25,True,55,1.5180912082968234e-12,3.0577484988469905e-12
5,8.0,4.0,6,3,0.4,25,25,True,61,1.5802914532514478e-12,3.293254557945602e-12
5,8.0,4.0,6,6,0.4,25,25,True,67,1.63113966777928e-12,3.921585278732209e-12
5,8.0,8.0,1,1,0.4,25,25,True,56,1.4370171719235714e-12,2.994882120077591e-12
5,8.0,8.0,1,3,0.4,25,25,True,59,1.556865747431857e-12,3.361311229355124e-12
5,8.0,8.0,1,6,0.4,25,25,True,61,1.5322187962851785e-12,3.2752689449466743e-12
5,8.0,8.0,3,1,0.4,25,25,True,59,1.57818202950466e-12,3.4343639043754592e-12
5,8.0,8.0,3,3,0.4,25,25,True,65,1.5681900222830336e-12,3.65374397404139e-12
5,8.0,8.0,3,6,0.4,25,25,True,69,1.6678880498943727e-12,4.0786263255654376e-12
5,8.0,8.0,6,1,0.4,25,25,True,60,1.5754619830943284e-12,3.3201219551415306e-12
5,8.0,8.0,6,3,0.4,25,25,True,70,1.695532603207539e-12,4.1171510645199305e-12
5,8.0,8.0,6,6,0.4,25,25,True,76,1.7507106875314093e-12,4.684808097010773e-12
5,8.0,16.0,1,1,0.4,25,25,True,58,1.56052948341312e-12,3.2750469003417493e-12
5,8.0,16.0,1,3,0.4,25,25,True,61,1.6009416015094757e-12,3.3549829581147605e-12
5,8.0,16.0,1,6,0.4,25,25,True,62,1.5577539258515571e-12,3.529510017585835e-12
5,8.0,16.0,3,1,0.4,25,25,True,62,1.6263657087733918e-12,3.73845399082029e-12
5,8.0,16.0,3,3,0.4,25,25,True,68,1.6669998714746725e-12,3.987254970638787e-12
5,8.0,16.0,3,6,0.4,25,25,True,71,1.7207346658665301e-12,4.27469171171424e-12
5,8.0,16.0,6,1,0.4,25,25,True,65,1.6314727346866675e-12,3.9429570719562435e-12
5,8.0,16.0,6,3,0.4,25,25,True,73,1.7208456881689926e-12,4.4396708531735385e-12
5,8.0,16.0,6,6,0.4,25,25,True,77,1.7565948695619227e-12,4.803601960645665e-12
5,16.0,4.0,1,1,0.4,25,25,True,54,1.48991929904696e-12,2.946198840447778e-12
5,16.0,4.0,1,3,0.4,25,25,True,55,1.48991929904696e-12,3.031075390680371e-12
5,16.0,4.0,1,6,0.4,25,25,True,56,1.5307199952019346e-12,3.0991320620898932e-12
5,16.0,4.0,3,1,0.4,25,25,True,54,1.4937218129063012e-12,2.958466804869886e-12
5,16.0,4.0,3,3,0.4,25,25,True,57,1.510125358095138e-12,3.098910017484968e-12
5,16.0,4.0,3,6,0.4,25,25,True,58,1.501521129654293e-12,3.188449504420987e-12
5,16.0,4.0,6,1,0.4,25,25,True,54,1.4114542867815771e-12,2.785160990725899e-12
5,16.0,4.0,6,3,0.4,25,25,True,57,1.526279103103434e-12,3.1517011223058944e-12
5,16.0,4.0,6,6,0.4,25,25,True,60,1.448563491379673e-12,3.101907619651456e-12
5,16.0,8.0,1,1,0.4,25,25,True,55,1.5065171332651062e-12,2.954192446225079e-12
5,16.0,8.0,1,3,0.4,25,25,True,56,1.4940271242380732e-12,3.0688784846688577e-12
5,16.0,8.0,1,6,0.4,25,25,True,57,1.5416556919944924e-12,3.1646907316940087e-12
5,16.0,8.0,3,1,0.4,25,25,True,56,1.4749867993657517e-12,3.0821456498131283e-12
5,16.0,8.0,3,3,0.4,25,25,True,59,1.5724088697766092e-12,3.3639757646142243e-12
5,16.0,8.0,3,6,0.4,25,25,True,60,1.5663026431411708e-12,3.4464653353438734e-12
5,16.0,8.0,6,1,0.4,25,25,True,57,1.552757922240744e-12,3.219868816017879e-12
5,16.0,8.0,6,3,0.4,25,25,True,61,1.598832177762688e-12,3.394506897791416e-12
5,16.0,8.0,6,6,0.4,25,25,True,64,1.6117107648483397e-12,3.723688024592775e-12
5,16.0,16.0,1,1,0.4,25,25,True,56,1.525002346625115e-12,3.163691530971846e-12
5,16.0,16.0,1,3,0.4,25,25,True,57,1.5297763056310032e-12,3.222422328974517e-12
5,16.0,16.0,1,6,0.4,25,25,True,58,1.556421658222007e-12,3.171463092144222e-12
5,16.0,16.0,3,1,0.4,25,25,True,58,1.5457635171856055e-12,3.2653879600275104e-12
5,16.0,16.0,3,3,0.4,25,25,True,61,1.588063014423824e-12,3.486655408835304e-12
5,16.0,16.0,3,6,0.4,25,25,True,62,1.5716317136593716e-12,3.5569325262940765e-12
5,16.0,16.0,6,1,0.4,25,25,True,60,1.584621323047486e-12,3.43880479647396e-12
5,16.0,16.0,6,3,0.4,25,25,True,64,1.641464741908294e-12,3.801625680921461e-12
5,16.0,16.0,6,6,0.4,25,25,True,65,1.6230350396995163e-12,3.821609695364714e-12
6,4.0,4.0,1,1,0.4,25,25,True,55,1.5180634527212078e-12,3.0780933357732465e-12
6,4.0,4.0,1,3,0.4,25,25,True,60,1.5540346787190629e-12,3.422262473407045e-12
6,4.0,4.0,1,6,0.4,25,25,True,65,1.6505685707102202e-12,3.854583319196081e-12
6,4.0,4.0,3,1,0.4,25,25,True,56,1.5016876631079867e-12,3.083810984350066e-12
6,4.0,4.0,3,3,0.4,25,25,True,65,1.6465162566703384e-12,3.6369796063695503e-12
6,4.0,4.0,3,6,0.4,25,25,True,78,1.733391208347257e-12,4.727884750366229e-12
6,4.0,4.0,6,1,0.4,25,25,True,55,1.518951631140908e-12,3.041344953658154e-12
6,4.0,4.0,6,3,0.4,25,25,True,65,1.517230785452739e-12,3.51824125388589e-12
6,4.0,4.0,6,6,0.4,25,25,True,84,1.779076885810582e-12,5.01521046913922e-12
6,4.0,8.0,1,1,0.4,25,25,True,58,1.5429879596240426e-12,3.2451819009793326e-12
6,4.0,8.0,1,3,0.4,25,25,True,64,1.6393553181615061e-12,3.815836535636663e-12
6,4.0,8.0,1,6,0.4,25,25,True,70,1.7061907442439406e-12,4.212852289242619e-12
6,4.0,8.0,3,1,0.4,25,25,True,61,1.6019408022316384e-12,3.606781540099746e-12
6,4.0,8.0,3,3,0.4,25,25,True,75,1.6993073614912646e-12,4.462985536690667e-12
6,4.0,8.0,3,6,0.4,25,25,True,88,1.836752971939859e-12,5.706546346573305e-12
6,4.0,8.0,6,1,0.4,25,25,True,61,1.5651369089653144e-12,3.5250136143361033e-12
6,4.0,8.0,6,3,0.4,25,25,True,83,1.8182122474286189e-12,5.3409499045642406e-12
6,4.0,8.0,6,6,0.4,25,25,True,108,1.967648266543165e-12,7.254197242900773e-12
6,4.0,16.0,1,1,0.4,25,25,True,60,1.5862866575844237e-12,3.488542787977167e-12
6,4.0,16.0,1,3,0.4,25,25,True,67,1.6684431614066852e-12,4.036437850629682e-12
6,4.0,16.0,1,6,0.4,25,25,True,73,1.7315038292053941e-12,4.4928505360530835e-12
6,4.0,16.0,3,1,0.4,25,25,True,67,1.6292522886374172e-12,3.919975455346503e-12
6,4.0,16.0,3,3,0.4,25,25,True,81,1.7817969322209137e-12,5.130673663700236e-12
6,4.0,16.0,3,6,0.4,25,25,True,92,1.8700596626786137e-12,6.011413589135373e-12
6,4.0,16.0,6,1,0.4,25,25,True,73,1.7401635687974704e-12,4.5247139368598255e-12
6,4.0,16.0,6,3,0.4,25,25,True,91,1.8336443474709085e-12,5.761724430897175e-12
6,4.0,16.0,6,6,0.4,25,25,True,102,1.928013304564047e-12,6.748490655184014e-12
6,8.0,4.0,1,1,0.4,25,25,True,54,1.495165102838314e-12,2.9860280914562054e-12
6,8.0,4.0,1,3,0.4,25,25,True,56,1.5265566588595902e-12,3.174405183159479e-12
6,8.0,4.0,1,6,0.4,25,25,True,58,1.542654892716655e-12,3.2742697442245117e-12
6,8.0,4.0,3,1,0.4,25,25,True,55,1.4830636718698997e-12,2.965100387442021e-12
6,8.0,4.0,3,3,0.4,25,25,True,59,1.4497847367067607e-12,3.019196004316882e-12
6,8.0,4.0,3,6,0.4,25,25,True,63,1.6140977443512838e-12,3.6755598564752745e-12
6,8.0,4.0,6,1,0.4,25,25,True,54,1.4826473382356653e-12,2.948363775345797e-12
6,8.0,4.0,6,3,0.4,25,25,True,59,1.5395462682477046e-12,3.242461854569001e-12
6,8.0,4.0,6,6,0.4,25,25,True,65,1.5987766666114567e-12,3.739231146937527e-12
6,8.0,8.0,1,1,0.4,25,25,True,56,1.3744561044859438e-12,2.8266278206956486e-12
6,8.0,8.0,1,3,0.4,25,25,True,58,1.5166756739404263e-12,3.233857626128156e-12
6,8.0,8.0,1,6,0.4,25,25,True,60,1.5868417690967362e-12,3.3276714717089817e-12
6,8.0,8.0,3,1,0.4,25,25,True,58,1.5647483309066956e-12,3.2772673463909996e-12
6,8.0,8.0,3,3,0.4,25,25,True,63,1.5308865286556284e-12,3.510525203864745e-12
6,8.0,8.0,3,6,0.4,25,25,True,67,1.66644475996236e-12,3.948508187079369e-12
6,8.0,8.0,6,1,0.4,25,25,True,58,1.5349943538467414e-12,3.2884805989397137e-12
6,8.0,8.0,6,3,0.4,25,25,True,67,1.5791812302268227e-12,3.7909675398850595e-12
6,8.0,8.0,6,6,0.4,25,25,True,74,1.7249535133601057e-12,4.449218771185315e-12
6,8.0,16.0,1,1,0.4,25,25,True,57,1.5384360452230794e-12,3.289590821964339e-12
6,8.0,16.0,1,3,0.4,25,25,True,60,1.4875878306952472e-12,3.2802649485574875e-12
6,8.0,16.0,1,6,0.4,25,25,True,62,1.5927259511272496e-12,3.5280667276538225e-12
6,8.0,16.0,3,1,0.4,25,25,True,61,1.6194823260207158e-12,3.681610571959482e-12
6,8.0,16.0,3,3,0.4,25,25,True,67,1.6656676038451224e-12,4.0394354527961696e-12
6,8.0,16.0,3,6,0.4,25,25,True,70,1.6903145549918008e-12,4.269695708103427e-12
6,8.0,16.0,6,1,0.4,25,25,True,64,1.6459056340067946e-12,3.840150419875954e-12
6,8.0,16.0,6,3,0.4,25,25,True,73,1.6829870830292748e-12,4.3615111522399275e-12
6,8.0,16.0,6,6,0.4,25,25,True,77,1.741606858729483e-12,4.7594150842655836e-12
6,16.0,4.0,1,1,0.4,25,25,True,54,1.437044927499187e-12,2.8135271890050717e-12
6,16.0,4.0,1,3,0.4,25,25,True,55,1.5139556275300947e-12,3.056221942188131e-12
6,16.0,4.0,1,6,0.4,25,25,True,56,1.5192291868970642e-12,3.0726532429525832e-12
6,16.0,4.0,3,1,0.4,25,25,True,54,1.5006051956589772e-12,2.831013201642918e-12
6,16.0,4.0,3,3,0.4,25,25,True,56,1.5304424394457783e-12,3.082090138661897e-12
6,16.0,4.0,3,6,0.4,25,25,True,58,1.528888127211303e-12,3.045230734244342e-12
6,16.0,4.0,6,1,0.4,25,25,True,54,1.493138945818373e-12,2.9526658895662194e-12
6,16.0,4.0,6,3,0.4,25,25,True,56,1.4943046799942294e-12,3.0441205112197167e-12
6,16.0,4.0,6,6,0.4,25,25,True,59,1.5510925877038062e-12,3.2946423367263833e-12
6,16.0,8.0,1,1,0.4,25,25,True,55,1.492250767398673e-12,2.956301869971867e-12
6,16.0,8.0,1,3,0.4,25,25,True,56,1.4616086119190186e-12,2.9196645101592367e-12
6,16.0,8.0,1,6,0.4,25,25,True,56,1.4966916594971735e-12,3.0694335961811703e-12
6,16.0,8.0,3,1,0.4,25,25,True,56,1.5090151350705128e-12,3.1243896359001155e-12
6,16.0,8.0,3,3,0.4,25,25,True,58,1.5356604876615165e-12,3.2148728124070658e-12
6,16.0,8.0,3,6,0.4,25,25,True,60,1.5588641488761823e-12,3.2335245592207684e-12
6,16.0,8.0,6,1,0.4,25,25,True,56,1.5283330156989905e-12,2.9861668693342835e-12
6,16.0,8.0,6,3,0.4,25,25,True,60,1.581845765485923e-12,3.3416602818192587e-12
6,16.0,8.0,6,6,0.4,25,25,True,62,1.6204815267428785e-12,3.673505943879718e-12
6,16.0,16.0,1,1,0.4,25,25,True,56,1.3027356970951587e-12,2.6868507418953413e-12
6,16.0,16.0,1,3,0.4,25,25,True,57,1.5331069747048787e-12,3.176126028847648e-12
6,16.0,16.0,1,6,0.4,25,25,True,57,1.5437651157412802e-12,3.256728220435434e-12
6,16.0,16.0,3,1,0.4,25,25,True,58,1.5590861934811073e-12,3.2436275887448573e-12
6,16.0,16.0,3,3,0.4,25,25,True,60,1.5673018438633335e-12,3.339328813467546e-12
6,16.0,16.0,3,6,0.4,25,25,True,61,1.5925039065223245e-12,3.445466134621711e-12
6,16.0,16.0,6,1,0.4,25,25,True,60,1.5883960813312115e-12,3.450906227442374e-12
6,16.0,16.0,6,3,0.4,25,25,True,63,1.627920021007867e-12,3.743449994431103e-12
6,16.0,16.0,6,6,0.4,25,25,True,65,1.585509501467186e-12,3.722688823870612e-12
7,4.0,4.0,1,1,0.4,25,25,True,55,1.3148926392148041e-12,2.6635083028025974e-12
7,4.0,4.0,1,3,0.4,25,25,True,59,1.5590861934811073e-12,3.3537062016364416e-12
7,4.0,4.0,1,6,0.4,25,25,True,64,1.6174839245763906e-12,3.703259920939672e-12
7,4.0,4.0,3,1,0.4,25,25,True,55,1.5160372957012669e-12,3.1141478284979485e-12
7,4.0,4.0,3,3,0.4,25,25,True,63,1.6106005418237146e-12,3.5179081869785023e-12
7,4.0,4.0,3,6,0.4,25,25,True,75,1.7428281040565707e-12,4.4437786783646516e-12
7,4.0,4.0,6,1,0.4,25,25,True,54,1.5005774400833616e-12,2.8481939029489922e-12
7,4.0,4.0,6,3,0.4,25,25,True,62,1.606825783539989e-12,3.5590974611920956e-12
7,4.0,4.0,6,6,0.4,25,25,True,79,1.7559842468983788e-12,4.600875236349111e-12
7,4.0,8.0,1,1,0.4,25,25,True,57,1.5324963520413348e-12,3.1450952953093747e-12
7,4.0,8.0,1,3,0.4,25,25,True,63,1.6114887202434147e-12,3.646749568986252e-12
7,4.0,8.0,1,6,0.4,25,25,True,68,1.6349144260630055e-12,4.020561661377542e-12
7,4.0,8.0,3,1,0.4,25,25,True,59,1.5879519921213614e-12,3.3986702341337605e-12
7,4.0,8.0,3,3,0.4,25,25,True,72,1.6635581800983346e-12,4.164002476159112e-12
7,4.0,8.0,3,6,0.4,25,25,True,86,1.829203455372408e-12,5.296318938974309e-12
7,4.0,8.0,6,1,0.4,25,25,True,59,1.5381584894669231e-12,3.3502089991088724e-12
7,4.0,8.0,6,3,0.4,25,25,True,78,1.7490453529944716e-12,4.771294470629073e-12
7,4.0,8.0,6,6,0.4,25,25,True,103,1.9378942894832107e-12,6.84141632234514e-12
7,4.0,16.0,1,1,0.4,25,25,True,60,1.5939471964543372e-12,3.4587888109172127e-12
7,4.0,16.0,1,3,0.4,25,25,True,67,1.6353585152728556e-12,3.885558541583123e-12
7,4.0,16.0,1,6,0.4,25,25,True,72,1.7138512831138542e-12,4.4082515415766466e-12
7,4.0,16.0,3,1,0.4,25,25,True,65,1.6388002066491936e-12,3.927191905006566e-12
7,4.0,16.0,3,3,0.4,25,25,True,80,1.7699175458574246e-12,5.072386954907415e-12
7,4.0,16.0,3,6,0.4,25,25,True,92,1.8105517085587053e-12,5.804245972740318e-12
7,4.0,16.0,6,1,0.4,25,25,True,70,1.6308066008718924e-12,4.008793297316515e-12
7,4.0,16.0,6,3,0.4,25,25,True,92,1.8735013540549517e-12,5.931144464454974e-12
7,4.0,16.0,6,6,0.4,25,25,True,105,1.9341195311994852e-12,6.849298905819978e-12
7,8.0,4.0,1,1,0.4,25,25,True,54,1.5093482019779003e-12,2.9736768603072505e-12
7,8.0,4.0,1,3,0.4,25,25,True,56,1.5053513990892498e-12,3.0942470807815425e-12
7,8.0,4.0,1,6,0.4,25,25,True,58,1.4661050151687505e-12,3.1187274984745272e-12
7,8.0,4.0,3,1,0.4,25,25,True,54,1.4894474542614944e-12,3.0258850980402485e-12
7,8.0,4.0,3,3,0.4,25,25,True,58,1.5557000132560006e-12,3.2417402096029946e-12
7,8.0,4.0,3,6,0.4,25,25,True,62,1.6050494267005888e-12,3.5157987632317145e-12
7,8.0,4.0,6,1,0.4,25,25,True,54,1.4984402607609582e-12,2.9575786264501858e-12
7,8.0,4.0,6,3,0.4,25,25,True,58,1.505406910240481e-12,3.102518242315e-12
7,8.0,4.0,6,6,0.4,25,25,True,64,1.5653034424190082e-12,3.5392799802025365e-12
7,8.0,8.0,1,1,0.4,25,25,True,55,1.4956924587750109e-12,3.071487508776727e-12
7,8.0,8.0,1,3,0.4,25,25,True,58,1.5263346142546652e-12,3.2543967520837214e-12
7,8.0,8.0,1,6,0.4,25,25,True,59,1.5514256546111937e-12,3.2537306182689463e-12
7,8.0,8.0,3,1,0.4,25,25,True,57,1.548483563595937e-12,3.2399638527635943e-12
7,8.0,8.0,3,3,0.4,25,25,True,62,1.5863976798868862e-12,3.3805735988323704e-12
7,8.0,8.0,3,6,0.4,25,25,True,66,1.6499024368954451e-12,3.881339694089547e-12
7,8.0,8.0,6,1,0.4,25,25,True,57,1.5435430711363551e-12,3.1635805086693836e-12
7,8.0,8.0,6,3,0.4,25,25,True,65,1.6390777624053499e-12,3.6897707111904765e-12
7,8.0,8.0,6,6,0.4,25,25,True,72,1.6643353362155722e-12,3.9580561050911456e-12
7,8.0,16.0,1,1,0.4,25,25,True,57,1.5237811012980274e-12,3.2296387786345804e-12
7,8.0,16.0,1,3,0.4,25,25,True,60,1.5670797992584085e-12,3.206102050512527e-12
7,8.0,16.0,1,6,0.4,25,25,True,61,1.5761836280603347e-12,3.383959779057477e-12
7,8.0,16.0,3,1,0.4,25,25,True,60,1.5732970481963093e-12,3.3818503553106893e-12
7,8.0,16.0,3,3,0.4,25,25,True,66,1.6557866189259585e-12,3.984368390774762e-12
7,8.0,16.0,3,6,0.4,25,25,True,70,1.6763257448815239e-12,4.120259688988881e-12
7,8.0,16.0,6,1,0.4,25,25,True,63,1.6131540547803525e-12,3.721467578543525e-12
7,8.0,16.0,6,3,0.4,25,25,True,72,1.7260637363847309e-12,4.4545478417035156e-12
7,8.0,16.0,6,6,0.4,25,25,True,76,1.7589263379136355e-12,4.7344350662115176e-12
7,16.0,4.0,1,1,0.4,25,25,True,54,1.5015488852299086e-12,3.015088179125769e-12
7,16.0,4.0,1,3,0.4,25,25,True,55,1.487532319544016e-12,3.0012659024691857e-12
7,16.0,4.0,1,6,0.4,25,25,True,55,1.512290292993157e-12,3.0362934388961094e-12
7,16.0,4.0,3,1,0.4,25,25,True,54,1.4857004515533845e-12,2.92929569489786e-12
7,16.0,4.0,3,3,0.4,25,25,True,56,1.411093464298574e-12,2.821132216723754e-12
7,16.0,4.0,3,6,0.4,25,25,True,57,1.545652494883143e-12,3.191891195797325e-12
7,16.0,4.0,6,1,0.4,25,25,True,54,1.491501366857051e-12,2.9606594953435206e-12
7,16.0,4.0,6,3,0.4,25,25,True,56,1.4864220965193908e-12,2.925326647584825e-12
7,16.0,4.0,6,6,0.4,25,25,True,58,1.5528689445432065e-12,3.20887760807409e-12
7,16.0,8.0,1,1,0.4,25,25,True,54,1.464717236387969e-12,2.856881398116684e-12
7,16.0,8.0,1,3,0.4,25,25,True,56,1.4889200983247974e-12,3.0505598047625426e-12
7,16.0,8.0,1,6,0.4,25,25,True,56,1.4972467710094861e-12,3.10296233152485e-12
7,16.0,8.0,3,1,0.4,25,25,True,55,1.4829804051430528e-12,2.993327807843116e-12
7,16.0,8.0,3,3,0.4,25,25,True,58,1.4410694859634532e-12,3.021805028424751e-12
7,16.0,8.0,3,6,0.4,25,25,True,59,1.5092371796754378e-12,3.26139115713886e-12
7,16.0,8.0,6,1,0.4,25,25,True,55,1.5115131368759194e-12,2.984501534797346e-12
7,16.0,8.0,6,3,0.4,25,25,True,59,1.5349388426955102e-12,3.2077118738982335e-12
7,16.0,8.0,6,6,0.4,25,25,True,62,1.5761836280603347e-12,3.540057136319774e-12
7,16.0,16.0,1,1,0.4,25,25,True,55,1.525002346625115e-12,3.1392666244300926e-12
7,16.0,16.0,1,3,0.4,25,25,True,56,1.5375478668033793e-12,3.2025493368337266e-12
7,16.0,16.0,1,6,0.4,25,25,True,57,1.5409895581797173e-12,3.1958879986859756e-12
7,16.0,16.0,3,1,0.4,25,25,True,57,1.5524248553333564e-12,3.151590100003432e-12
7,16.0,16.0,3,3,0.4,25,25,True,60,1.5031309530399994e-12,3.2197577937154165e-12
7,16.0,16.0,3,6,0.4,25,25,True,61,1.5554224574998443e-12,3.3767433293974136e-12
7,16.0,16.0,6,1,0.4,25,25,True,59,1.5841772338376359e-12,3.446132268436486e-12
7,16.0,16.0,6,3,0.4,25,25,True,63,1.6039392036759637e-12,3.63609142794985e-12
7,16.0,16.0,6,6,0.4,25,25,True,64,1.6198153929281034e-12,3.640421297745888e-12
8,4.0,4.0,1,1,0.4,25,25,True,54,1.5156348398548403e-12,3.0583313659349187e-12
8,4.0,4.0,1,3,0.4,25,25,True,59,1.5548673459875317e-12,3.338940235408927e-12
8,4.0,4.0,1,6,0.4,25,25,True,64,1.6259216195635418e-12,3.710587392902198e-12
8,4.0,4.0,3,1,0.4,25,25,True,55,1.4797052472204086e-12,3.0029312370061234e-12
8,4.0,4.0,3,3,0.4,25,25,True,62,1.5898393712632242e-12,3.3605340732378863e-12
8,4.0,4.0,3,6,0.4,25,25,True,73,1.6204815267428785e-12,4.1828207564265085e-12
8,4.0,4.0,6,1,0.4,25,25,True,54,1.4984957719121894e-12,2.974689938817221e-12
8,4.0,4.0,6,3,0.4,25,25,True,60,1.5522583218796626e-12,3.4090508194140057e-12
8,4.0,4.0,6,6,0.4,25,25,True,76,1.7471579738526088e-12,4.44944081579024e-12
8,4.0,8.0,1,1,0.4,25,25,True,56,1.546762717907768e-12,3.084255073559916e-12
8,4.0,8.0,1,3,0.4,25,25,True,62,1.5518697438210438e-12,3.371858348089063e-12
8,4.0,8.0,1,6,0.4,25,25,True,67,1.6715517858756357e-12,3.8689051962137455e-12
8,4.0,8.0,3,1,0.4,25,25,True,58,1.4731549313751202e-12,3.174183138554554e-12
8,4.0,8.0,3,3,0.4,25,25,True,70,1.656119685833346e-12,4.16655598911575e-12
8,4.0,8.0,3,6,0.4,25,25,True,84,1.8111068200710179e-12,5.311306949806749e-12
8,4.0,8.0,6,1,0.4,25,25,True,58,1.4930834346671418e-12,3.100131262812056e-12
8,4.0,8.0,6,3,0.4,25,25,True,74,1.6856516182883752e-12,4.4119152775579096e-12
8,4.0,8.0,6,6,0.4,25,25,True,99,1.9076962232134065e-12,6.425970866530406e-12
8,4.0,16.0,1,1,0.4,25,25,True,59,1.557087792036782e-12,3.3233416019129436e-12
8,4.0,16.0,1,3,0.4,25,25,True,66,1.6043832928858137e-12,3.8301584126543275e-12
8,4.0,16.0,1,6,0.4,25,25,True,71,1.7064127888488656e-12,4.3335335320193735e-12
8,4.0,16.0,3,1,0.4,25,25,True,64,1.635247492970393e-12,3.867239861676808e-12
8,4.0,16.0,3,3,0.4,25,25,True,79,1.7662538098761615e-12,4.9510395783158856e-12
8,4.0,16.0,3,6,0.4,25,25,True,91,1.855737785660949e-12,5.8621996146257516e-12
8,4.0,16.0,6,1,0.4,25,25,True,68,1.6960877147198516e-12,4.178657420084164e-12
8,4.0,16.0,6,3,0.4,25,25,True,91,1.822098028014807e-12,5.846212403071149e-12
8,4.0,16.0,6,6,0.4,25,25,True,106,1.929345572193597e-12,7.094547171959675e-12
8,8.0,4.0,1,1,0.4,25,25,True,54,1.4862278074900814e-12,2.9422853042859742e-12
8,8.0,4.0,1,3,0.4,25,25,True,56,1.4129808434404367e-12,2.9219959785109495e-12
8,8.0,4.0,1,6,0.4,25,25,True,58,1.5141776721350197e-12,3.1637470421230773e-12
8,8.0,4.0,3,1,0.4,25,25,True,54,1.5069889780505719e-12,2.9548308244642385e-12
8,8.0,4.0,3,3,0.4,25,25,True,57,1.5383805340718482e-12,3.1855074134057304e-12
8,8.0,4.0,3,6,0.4,25,25,True,61,1.5446532941609803e-12,3.445965734982792e-12
8,8.0,4.0,6,1,0.4,25,25,True,54,1.4826612160234731e-12,2.9663632661325323e-12
8,8.0,4.0,6,3,0.4,25,25,True,57,1.535549465359054e-12,3.1332159089458855e-12
8,8.0,4.0,6,6,0.4,25,25,True,63,1.4814260929085776e-12,3.354649891207373e-12
8,8.0,8.0,1,1,0.4,25,25,True,55,1.4437340212225536e-12,2.9294899839271693e-12
8,8.0,8.0,1,3,0.4,25,25,True,57,1.468603016974157e-12,3.1016300638953e-12
8,8.0,8.0,1,6,0.4,25,25,True,59,1.5512036100062687e-12,3.3043567881918534e-12
8,8.0,8.0,3,1,0.4,25,25,True,56,1.5167311850916576e-12,3.1265545707981346e-12
8,8.0,8.0,3,3,0.4,25,25,True,61,1.603994714827195e-12,3.383071600637777e-12
8,8.0,8.0,3,6,0.4,25,25,True,65,1.6261436641684668e-12,3.730127318135601e-12
8,8.0,8.0,6,1,0.4,25,25,True,56,1.5119017149345382e-12,3.0623836799748005e-12
8,8.0,8.0,6,3,0.4,25,25,True,63,1.613709166292665e-12,3.667233183790586e-12
8,8.0,8.0,6,6,0.4,25,25,True,70,1.6497914145929826e-12,4.118372309847018e-12
8,8.0,16.0,1,1,0.4,25,25,True,57,1.5197842984093768e-12,3.1685765122801968e-12
8,8.0,16.0,1,3,0.4,25,25,True,59,1.5556445021047693e-12,3.3671954113856373e-12
8,8.0,16.0,1,6,0.4,25,25,True,61,1.5727419366839968e-12,3.4187097597282445e-12
8,8.0,16.0,3,1,0.4,25,25,True,60,1.546096584092993e-12,3.4100500201361683e-12
8,8.0,16.0,3,3,0.4,25,25,True,66,1.6469048347289572e-12,3.896771794131837e-12
8,8.0,16.0,3,6,0.4,25,25,True,69,1.6928680679484387e-12,4.194200542428916e-12
8,8.0,16.0,6,1,0.4,25,25,True,62,1.6084911180769268e-12,3.6270986214503864e-12
8,8.0,16.0,6,3,0.4,25,25,True,71,1.6820989046095747e-12,4.32542890393961e-12
8,8.0,16.0,6,6,0.4,25,25,True,76,1.726951914804431e-12,4.687583654572336e-12
8,16.0,4.0,1,1,0.4,25,25,True,54,1.4553913629811177e-12,2.8979041388765836e-12
8,16.0,4.0,1,3,0.4,25,25,True,55,1.48947520983711e-12,3.0235813852641513e-12
8,16.0,4.0,1,6,0.4,25,25,True,55,1.5128454045054696e-12,3.062716746882188e-12
8,16.0,4.0,3,1,0.4,25,25,True,54,1.45461420686388e-12,2.8835545062833035e-12
8,16.0,4.0,3,3,0.4,25,25,True,55,1.4835355166553654e-12,3.0062063949287676e-12
8,16.0,4.0,3,6,0.4,25,25,True,57,1.5352163984516665e-12,3.1866176364303556e-12
8,16.0,4.0,6,1,0.4,25,25,True,54,1.4981071938535706e-12,2.948946642433725e-12
8,16.0,4.0,6,3,0.4,25,25,True,55,1.5055179325429435e-12,3.056888076002906e-12
8,16.0,4.0,6,6,0.4,25,25,True,58,1.5470402736639244e-12,3.127942349578916e-12
8,16.0,8.0,1,1,0.4,25,25,True,54,1.5085710458606627e-12,2.928157716297619e-12
8,16.0,8.0,1,3,0.4,25,25,True,55,1.4918066781888228e-12,3.028244321967577e-12
8,16.0,8.0,1,6,0.4,25,25,True,56,1.4974688156144111e-12,3.0806468487298844e-12
8,16.0,8.0,3,1,0.4,25,25,True,55,1.4869772080317034e-12,3.0196956046779633e-12
8,16.0,8.0,3,3,0.4,25,25,True,57,1.4956924587750109e-12,3.1136204725612515e-12
8,16.0,8.0,3,6,0.4,25,25,True,59,1.5130119379591633e-12,3.2501779045901458e-12
8,16.0,8.0,6,1,0.4,25,25,True,55,1.5170642519990452e-12,3.054501096499962e-12
8,16.0,8.0,6,3,0.4,25,25,True,58,1.5504819650402624e-12,3.212097254845503e-12
8,16.0,8.0,6,6,0.4,25,25,True,61,1.5684120668879586e-12,3.270272941335861e-12
8,16.0,16.0,1,1,0.4,25,25,True,55,1.5226708782734022e-12,3.1226132790607153e-12
8,16.0,16.0,1,3,0.4,25,25,True,56,1.52522439123004e-12,3.1480373863246314e-12
8,16.0,16.0,1,6,0.4,25,25,True,57,1.5091261573729753e-12,3.1530333899354446e-12
8,16.0,16.0,3,1,0.4,25,25,True,57,1.532107773982716e-12,3.2371882952020314e-12
8,16.0,16.0,3,3,0.4,25,25,True,59,1.5500933869816436e-12,3.2662761384472105e-12
8,16.0,16.0,3,6,0.4,25,25,True,61,1.5725198920790717e-12,3.492428568563355e-12
8,16.0,16.0,6,1,0.4,25,25,True,58,1.553868145265369e-12,3.1913360842850125e-12
8,16.0,16.0,6,3,0.4,25,25,True,62,1.5878409698188989e-12,3.605671317075121e-12
8,16.0,16.0,6,6,0.4,25,25,True,64,1.63158375698913e-12,3.7911895844899846e-12
9,4.0,4.0,1,1,0.4,25,25,True,54,1.4887674426589115e-12,2.971928259043466e-12
9,4.0,4.0,1,3,0.4,25,25,True,58,1.5377699114083043e-12,3.1302183067793976e-12
9,4.0,4.0,1,6,0.4,25,25,True,63,1.6133760993852775e-12,3.4148239791420565e-12
9,4.0,4.0,3,1,0.4,25,25,True,54,1.4761109001781847e-12,2.977021407168934e-12
9,4.0,4.0,3,3,0.4,25,25,True,61,1.5660805985362458e-12,3.2578939546112906e-12
9,4.0,4.0,3,6,0.4,25,25,True,72,1.7132961716015416e-12,4.3443026953582375e-12
9,4.0,4.0,6,1,0.4,25,25,True,54,1.4956647031993953e-12,3.0060814948384973e-12
9,4.0,4.0,6,3,0.4,25,25,True,59,1.5699108679712026e-12,3.330336006968082e-12
9,4.0,4.0,6,6,0.4,25,25,True,73,1.7173484856414234e-12,4.286959676136348e-12
9,4.0,8.0,1,1,0.4,25,25,True,56,1.5253354135325026e-12,3.175903984242723e-12
9,4.0,8.0,1,3,0.4,25,25,True,61,1.556865747431857e-12,3.4714453533979395e-12
9,4.0,8.0,1,6,0.4,25,25,True,67,1.6582291095801338e-12,3.912759005686439e-12
9,4.0,8.0,3,1,0.4,25,25,True,57,1.5530909891481315e-12,3.289812866569264e-12
9,4.0,8.0,3,3,0.4,25,25,True,68,1.6783796574770804e-12,3.970768158723104e-12
9,4.0,8.0,3,6,0.4,25,25,True,82,1.7790213746593508e-12,5.123457214040172e-12
9,4.0,8.0,6,1,0.4,25,25,True,57,1.5055734436941748e-12,3.1519231669108194e-12
9,4.0,8.0,6,3,0.4,25,25,True,71,1.6652235146352723e-12,4.172329148843801e-12
9,4.0,8.0,6,6,0.4,25,25,True,95,1.864064458345638e-12,6.053491041768666e-12
9,4.0,16.0,1,1,0.4,25,25,True,59,1.5759615834554097e-12,3.387790048492434e-12
9,4.0,16.0,1,3,0.4,25,25,True,65,1.6506795930126827e-12,3.872679954497471e-12
9,4.0,16.0,1,6,0.4,25,25,True,71,1.6373569167171809e-12,4.144240506320784e-12
9,4.0,16.0,3,1,0.4,25,25,True,63,1.6268653091344731e-12,3.781974733385596e-12
9,4.0,16.0,3,3,0.4,25,25,True,77,1.7126300377867665e-12,4.75131045618582e-12
9,4.0,16.0,3,6,0.4,25,25,True,90,1.8423040870629848e-12,5.784372980599528e-12
9,4.0,16.0,6,1,0.4,25,25,True,66,1.671607297026867e-12,4.04520861252422e-12
9,4.0,16.0,6,3,0.4,25,25,True,89,1.8134382884227307e-12,5.709210881832405e-12
9,4.0,16.0,6,6,0.4,25,25,True,106,1.9595436384634013e-12,7.273626145831713e-12
9,8.0,4.0,1,1,0.4,25,25,True,54,1.4957063365628187e-12,3.005345972084683e-12
9,8.0,4.0,1,3,0.4,25,25,True,55,1.5207279879803082e-12,3.0710434195668768e-12
9,8.0,4.0,1,6,0.4,25,25,True,57,1.4884204979637161e-12,3.1099567365799885e-12
9,8.0,4.0,3,1,0.4,25,25,True,54,1.4855477958874985e-12,2.962338707668266e-12
9,8.0,4.0,3,3,0.4,25,25,True,57,1.4913625889789728e-12,3.087252675726404e-12
9,8.0,4.0,3,6,0.4,25,25,True,61,1.5877854586676676e-12,3.4171554474937693e-12
9,8.0,4.0,6,1,0.4,25,25,True,54,1.4815787485744636e-12,2.95996560595313e-12
9,8.0,4.0,6,3,0.4,25,25,True,56,1.5167311850916576e-12,3.0955238372598615e-12
9,8.0,4.0,6,6,0.4,25,25,True,62,1.59539048638635e-12,3.5330072201134044e-12
9,8.0,8.0,1,1,0.4,25,25,True,55,1.3870571358154393e-12,2.8143043451223093e-12
9,8.0,8.0,1,3,0.4,25,25,True,57,1.5319967516802535e-12,3.2105429426110277e-12
9,8.0,8.0,1,6,0.4,25,25,True,59,1.4878098753001723e-12,3.1081803797405883e-12
9,8.0,8.0,3,1,0.4,25,25,True,56,1.5032974864936932e-12,3.085531830038235e-12
9,8.0,8.0,3,3,0.4,25,25,True,60,1.562250329101289e-12,3.4167668694351505e-12
9,8.0,8.0,3,6,0.4,25,25,True,64,1.628142065612792e-12,3.796518655008185e-12
9,8.0,8.0,6,1,0.4,25,25,True,55,1.4988565943951926e-12,2.964128942295474e-12
9,8.0,8.0,6,3,0.4,25,25,True,62,1.503686064552312e-12,3.373357149172307e-12
9,8.0,8.0,6,6,0.4,25,25,True,69,1.688649220454863e-12,3.804290216180561e-12
9,8.0,16.0,1,1,0.4,25,25,True,56,1.536604177232448e-12,3.1684654899777343e-12
9,8.0,16.0,1,3,0.4,25,25,True,59,1.5444312495560553e-12,3.302358386747528e-12
9,8.0,16.0,1,6,0.4,25,25,True,60,1.5949463971764999e-12,3.443578755479848e-12
9,8.0,16.0,3,1,0.4,25,25,True,59,1.5635825967308392e-12,3.3995584125534606e-12
9,8.0,16.0,3,3,0.4,25,25,True,65,1.5936141295469497e-12,3.6048941609578833e-12
9,8.0,16.0,3,6,0.4,25,25,True,68,1.6635581800983346e-12,4.070521697485674e-12
9,8.0,16.0,6,1,0.4,25,25,True,60,1.5511480988550375e-12,3.4269254101104707e-12
9,8.0,16.0,6,3,0.4,25,25,True,70,1.7034151866823777e-12,4.1733283495659634e-12
9,8.0,16.0,6,6,0.4,25,25,True,75,1.7199575097492925e-12,4.637845663069129e-12
9,16.0,4.0,1,1,0.4,25,25,True,54,1.5035750422498495e-12,2.998615244997893e-12
9,16.0,4.0,1,3,0.4,25,25,True,54,1.4624412791874875e-12,2.94453350591084e-12
9,16.0,4.0,1,6,0.4,25,25,True,55,1.4818701821184277e-12,3.0296321007483584e-12
9,16.0,4.0,3,1,0.4,25,25,True,54,1.4855755514631142e-12,2.9486274533141454e-12
9,16.0,4.0,3,3,0.4,25,25,True,55,1.5203394099216894e-12,3.0160318686967003e-12
9,16.0,4.0,3,6,0.4,25,25,True,57,1.5009660181419804e-12,3.125166792017353e-12
9,16.0,4.0,6,1,0.4,25,25,True,54,1.4753198662731393e-12,2.936983989343389e-12
9,16.0,4.0,6,3,0.4,25,25,True,55,1.5177303858138202e-12,2.9715674365604627e-12
9,16.0,4.0,6,6,0.4,25,25,True,57,1.5438761380437427e-12,3.2319702469862932e-12
9,16.0,8.0,1,1,0.4,25,25,True,54,1.505406910240481e-12,3.0430102881950916e-12
9,16.0,8.0,1,3,0.4,25,25,True,55,1.4926393454572917e-12,3.006261906079999e-12
9,16.0,8.0,1,6,0.4,25,25,True,56,1.5011325515956742e-12,3.0578872767250687e-12
9,16.0,8.0,3,1,0.4,25,25,True,55,1.4027667916138853e-12,2.8140823005173843e-12
9,16.0,8.0,3,3,0.4,25,25,True,57,1.5187850976872141e-12,3.130107284476935e-12
9,16.0,8.0,3,6,0.4,25,25,True,58,1.5347723092418164e-12,3.265498982329973e-12
9,16.0,8.0,6,1,0.4,25,25,True,54,1.4774848011711583e-12,2.8783087024919496e-12
9,16.0,8.0,6,3,0.4,25,25,True,57,1.5429879596240426e-12,3.2031599594972704e-12
9,16.0,8.0,6,6,0.4,25,25,True,60,1.5746293158258595e-12,3.3558711365344607e-12
9,16.0,16.0,1,1,0.4,25,25,True,55,1.5192291868970642e-12,3.11267678299032e-12
9,16.0,16.0,1,3,0.4,25,25,True,56,1.5125678487493133e-12,3.1332714200971168e-12
9,16.0,16.0,1,6,0.4,25,25,True,57,1.503908109157237e-12,3.119948743801615e-12
9,16.0,16.0,3,1,0.4,25,25,True,56,1.5360490657201353e-12,3.2120417436942716e-12
9,16.0,16.0,3,3,0.4,25,25,True,59,1.5683010445854961e-12,3.2999158960933528e-12
9,16.0,16.0,3,6,0.4,25,25,True,60,1.5619727733451327e-12,3.2985836284638026e-12
9,16.0,16.0,6,1,0.4,25,25,True,57,1.5701329125761276e-12,3.1187274984745272e-12
9,16.0,16.0,6,3,0.4,25,25,True,62,1.6142642778049776e-12,3.6259883984257613e-12
9,16.0,16.0,6,6,0.4,25,25,True,63,1.6233681066069039e-12,3.688382932409695e-12
10,4.0,4.0,1,1,0.4,25,25,True,54,1.4939161019356106e-12,2.968195134123164e-12
10,4.0,4.0,1,3,0.4,25,25,True,58,1.520894521434002e-12,3.1971092440130633e-12
10,4.0,4.0,1,6,0.4,25,25,True,62,1.6209256159527285e-12,3.654410107856165e-12
10,4.0,4.0,3,1,0.4,25,25,True,54,1.4993145613928505e-12,3.030048434382593e-12
10,4.0,4.0,3,3,0.4,25,25,True,60,1.556643702826932e-12,3.3270053378942066e-12
10,4.0,4.0,3,6,0.4,25,25,True,70,1.6845969064149813e-12,4.193312364009216e-12
10,4.0,4.0,6,1,0.4,25,25,True,54,1.4959977701067828e-12,2.948516431011683e-12
10,4.0,4.0,6,3,0.4,25,25,True,58,1.5542567233239879e-12,3.3071878569046476e-12
10,4.0,4.0,6,6,0.4,25,25,True,71,1.6747714326470486e-12,4.201139436332824e-12
10,4.0,8.0,1,1,0.4,25,25,True,56,1.5071000003530344e-12,3.0427327324389353e-12
10,4.0,8.0,1,3,0.4,25,25,True,61,1.5981105327966816e-12,3.5541014575812824e-12
10,4.0,8.0,1,6,0.4,25,25,True,66,1.6550094628087209e-12,3.740452392264615e-12
10,4.0,8.0,3,1,0.4,25,25,True,57,1.5364931549299854e-12,3.23580051642125e-12
10,4.0,8.0,3,3,0.4,25,25,True,67,1.6471268793338822e-12,3.9576120158812955e-12
10,4.0,8.0,3,6,0.4,25,25,True,80,1.7749135494682378e-12,4.9746873287404014e-12
10,4.0,8.0,6,1,0.4,25,25,True,56,1.5295542610260782e-12,3.159972283839352e-12
10,4.0,8.0,6,3,0.4,25,25,True,69,1.6640577804594159e-12,4.0120684552391594e-12
10,4.0,8.0,6,6,0.4,25,25,True,91,1.8256507416936074e-12,5.697886606981228e-12
10,4.0,16.0,1,1,0.4,25,25,True,58,1.528444038001453e-12,3.2974734054391774e-12
10,4.0,16.0,1,3,0.4,25,25,True,65,1.6407986080935189e-12,3.772981926886132e-12
10,4.0,16.0,1,6,0.4,25,25,True,70,1.6917578449238135e-12,4.210964910100756e-12
10,4.0,16.0,3,1,0.4,25,25,True,62,1.6115997425458772e-12,3.6285974225336304e-12
10,4.0,16.0,3,3,0.4,25,25,True,76,1.7718049249992873e-12,4.810263298793416e-12
10,4.0,16.0,3,6,0.4,25,25,True,89,1.7921220063499277e-12,5.5999649362092896e-12
10,4.0,16.0,6,1,0.4,25,25,True,64,1.638689184346731e-12,3.855527008767012e-12
10,4.0,16.0,6,3,0.4,25,25,True,87,1.8492984921181232e-12,5.661027202563673e-12
10,4.0,16.0,6,6,0.4,25,25,True,106,1.953437411827963e-12,7.172262783683436e-12
10,8.0,4.0,1,1,0.4,25,25,True,54,1.4881568199953676e-12,2.913794205916531e-12
10,8.0,4.0,1,3,0.4,25,25,True,55,1.5259460361960464e-12,3.084477118164841e-12
10,8.0,4.0,1,6,0.4,25,25,True,57,1.5478729409323932e-12,3.2089331192253212e-12
10,8.0,4.0,3,1,0.4,25,25,True,54,1.486713530063355e-12,2.979685942428034e-12
10,8.0,4.0,3,3,0.4,25,25,True,56,1.5346057757881226e-12,3.1750158058230227e-12
10,8.0,4.0,3,6,0.4,25,25,True,60,1.5892842597509116e-12,3.329891917758232e-12
10,8.0,4.0,6,1,0.4,25,25,True,54,1.467562182888571e-12,2.930419795710293e-12
10,8.0,4.0,6,3,0.4,25,25,True,56,1.5262235919522027e-12,3.131384040955254e-12
10,8.0,4.0,6,6,0.4,25,25,True,61,1.5326628854950286e-12,3.343436638658659e-12
10,8.0,8.0,1,1,0.4,25,25,True,55,1.4883094756612536e-12,2.794209308376594e-12
10,8.0,8.0,1,3,0.4,25,25,True,57,1.530164883689622e-12,3.215094857011991e-12
10,8.0,8.0,1,6,0.4,25,25,True,58,1.5268897257669778e-12,3.270939075150636e-12
10,8.0,8.0,3,1,0.4,25,25,True,55,1.5256684804398901e-12,3.0314084575877587e-12
10,8.0,8.0,3,3,0.4,25,25,True,60,1.576461183816491e-12,3.3558711365344607e-12
10,8.0,8.0,3,6,0.4,25,25,True,64,1.6084911180769268e-12,3.517186542012496e-12
10,8.0,8.0,6,1,0.4,25,25,True,55,1.5137613385007853e-12,2.9993507677517073e-12
10,8.0,8.0,6,3,0.4,25,25,True,61,1.57862611871451e-12,3.374689416801857e-12
10,8.0,8.0,6,6,0.4,25,25,True,68,1.5801804309489853e-12,3.479994070687553e-12
10,8.0,16.0,1,1,0.4,25,25,True,56,1.5142886944374823e-12,3.1079583351356632e-12
10,8.0,16.0,1,3,0.4,25,25,True,59,1.507349800533575e-12,3.2018832030189515e-12
10,8.0,16.0,1,6,0.4,25,25,True,60,1.5901724381706117e-12,3.4822145167368035e-12
10,8.0,16.0,3,1,0.4,25,25,True,58,1.5475398740250057e-12,3.3519853559482726e-12
10,8.0,16.0,3,3,0.4,25,25,True,64,1.5879519921213614e-12,3.668398917966442e-12
10,8.0,16.0,3,6,0.4,25,25,True,68,1.6789902801406242e-12,4.049649504622721e-12
10,8.0,16.0,6,1,0.4,25,25,True,59,1.5827894550568544e-12,3.404776460769199e-12
10,8.0,16.0,6,3,0.4,25,25,True,69,1.6189272145084033e-12,3.9190872769268026e-12
10,8.0,16.0,6,6,0.4,25,25,True,74,1.7473800184575339e-12,4.658828878234544e-12
10,16.0,4.0,1,1,0.4,25,25,True,54,1.4773737788686958e-12,2.945532706633003e-12
10,16.0,4.0,1,3,0.4,25,25,True,54,1.4082623955857798e-12,2.840727653108388e-12
10,16.0,4.0,1,6,0.4,25,25,True,55,1.491196055525279e-12,2.9592439609871235e-12
10,16.0,4.0,3,1,0.4,25,25,True,54,1.4964141037410172e-12,2.9465319073551655e-12
10,16.0,4.0,3,3,0.4,25,25,True,55,1.4870327191829347e-12,3.0010438578642606e-12
10,16.0,4.0,3,6,0.4,25,25,True,57,1.4924173008523667e-12,2.9961033654046787e-12
10,16.0,4.0,6,1,0.4,25,25,True,53,1.497482693402219e-12,3.0072472290143537e-12
10,16.0,4.0,6,3,0.4,25,25,True,55,1.49830148288288e-12,2.894517958651477e-12
10,16.0,4.0,6,6,0.4,25,25,True,57,1.5137335829251697e-12,3.0703217746008704e-12
10,16.0,8.0,1,1,0.4,25,25,True,54,1.507349800533575e-12,2.999961390415251e-12
10,16.0,8.0,1,3,0.4,25,25,True,55,1.515731984369495e-12,3.0937474804204612e-12
10,16.0,8.0,1,6,0.4,25,25,True,56,1.492250767398673e-12,3.0693225738787078e-12
10,16.0,8.0,3,1,0.4,25,25,True,54,1.50338075322054e-12,3.0189184485607257e-12
10,16.0,8.0,3,3,0.4,25,25,True,57,1.3303247392570938e-12,2.723377079405509e-12
10,16.0,8.0,3,6,0.4,25,25,True,58,1.5188961199896767e-12,3.1545877021699198e-12
10,16.0,8.0,6,1,0.4,25,25,True,54,1.5020762411666055e-12,2.901012763345534e-12
10,16.0,8.0,6,3,0.4,25,25,True,57,1.5341616865782726e-12,3.1207814110700838e-12
10,16.0,8.0,6,6,0.4,25,25,True,60,1.5839551892327108e-12,3.3747449279530883e-12
10,16.0,16.0,1,1,0.4,25,25,True,55,1.417366224387706e-12,2.883526750707688e-12
10,16.0,16.0,1,3,0.4,25,25,True,56,1.4962475702873235e-12,3.099964729358362e-12
10,16.0,16.0,1,6,0.4,25,25,True,56,1.5362155991738291e-12,3.198774578550001e-12
10,16.0,16.0,3,1,0.4,25,25,True,56,1.5375478668033793e-12,3.1648017539964712e-12
10,16.0,16.0,3,3,0.4,25,25,True,59,1.5736301151036969e-12,3.1267211042518284e-12
10,16.0,16.0,3,6,0.4,25,25,True,60,1.5197842984093768e-12,3.305578033518941e-12
10,16.0,16.0,6,1,0.4,25,25,True,57,1.5200063430143018e-12,3.1327718197360355e-12
10,16.0,16.0,6,3,0.4,25,25,True,61,1.6014967130217883e-12,3.4947600369150678e-12
10,16.0,16.0,6,6,0.4,25,25,True,63,1.5931700403370996e-12,3.5965674882731946e-12
11,4.0,4.0,1,1,0.4,25,25,True,54,1.4999806952076256e-12,3.0086905189463664e-12
11,4.0,4.0,1,3,0.4,25,25,True,57,1.5117906926320757e-12,3.112454738385395e-12
11,4.0,4.0,1,6,0.4,25,25,True,62,1.6088241849843143e-12,3.366917855629481e-12
11,4.0,4.0,3,1,0.4,25,25,True,54,1.4497708589189529e-12,2.90535651092938e-12
11,4.0,4.0,3,3,0.4,25,25,True,59,1.5608070391692763e-12,3.239852830461132e-12
11,4.0,4.0,3,6,0.4,25,25,True,69,1.6547874182037958e-12,4.045153101372989e-12
11,4.0,4.0,6,1,0.4,25,25,True,54,1.482973466249149e-12,2.9435967552338127e-12
11,4.0,4.0,6,3,0.4,25,25,True,57,1.5352163984516665e-12,3.2253644199897735e-12
11,4.0,4.0,6,6,0.4,25,25,True,70,1.639743896220125e-12,4.010458631853453e-12
11,4.0,8.0,1,1,0.4,25,25,True,55,1.3844481117075702e-12,2.765260243009493e-12
11,4.0,8.0,1,3,0.4,25,25,True,60,1.5836221223253233e-12,3.46572770482112e-12
11,4.0,8.0,1,6,0.4,25,25,True,65,1.648570169265895e-12,3.881561738694472e-12
11,4.0,8.0,3,1,0.4,25,25,True,56,1.5391021790378545e-12,3.1938618416660347e-12
11,4.0,8.0,3,3,0.4,25,25,True,66,1.5925039065223245e-12,3.752997912442879e-12
11,4.0,8.0,3,6,0.4,25,25,True,78,1.7491563752969341e-12,4.832134692378531e-12
11,4.0,8.0,6,1,0.4,25,25,True,55,1.4580836538158337e-12,2.9626023856366146e-12
11,4.0,8.0,6,3,0.4,25,25,True,67,1.6513457268274578e-12,3.895328504199824e-12
11,4.0,8.0,6,6,0.4,25,25,True,88,1.8136603330276557e-12,5.4498627832799684e-12
11,4.0,16.0,1,1,0.4,25,25,True,58,1.561362150681589e-12,3.3271718713479004e-12
11,4.0,16.0,1,3,0.4,25,25,True,64,1.638911228951656e-12,3.796185588100798e-12
11,4.0,16.0,1,6,0.4,25,25,True,69,1.6686652060116103e-12,3.973044115923585e-12
11,4.0,16.0,3,1,0.4,25,25,True,61,1.5876189252139739e-12,3.5578207047137766e-12
11,4.0,16.0,3,3,0.4,25,25,True,75,1.6369128275073308e-12,4.384825835757056e-12
11,4.0,16.0,3,6,0.4,25,25,True,88,1.8529622280993863e-12,5.536793246108118e-12
11,4.0,16.0,6,1,0.4,25,25,True,62,1.6144308112586714e-12,3.5690339572624907e-12
11,4.0,16.0,6,3,0.4,25,25,True,85,1.8265389201133075e-12,5.449973805582431e-12
11,4.0,16.0,6,6,0.4,25,25,True,105,1.945887895260512e-12,7.0282668573895535e-12
11,8.0,4.0,1,1,0.4,25,25,True,54,1.4939230408295145e-12,2.9552194025228573e-12
11,8.0,4.0,1,3,0.4,25,25,True,55,1.520672476829077e-12,3.0888624991121105e-12
11,8.0,4.0,1,6,0.4,25,25,True,57,1.5416001808432611e-12,3.1620261964349083e-12
11,8.0,4.0,3,1,0.4,25,25,True,54,1.495310819610296e-12,2.955406752658263e-12
11,8.0,4.0,3,3,0.4,25,25,True,56,1.5298318167822345e-12,3.0255242755572453e-12
11,8.0,4.0,3,6,0.4,25,25,True,60,1.5739076708598532e-12,3.4292568784621835e-12
11,8.0,4.0,6,1,0.4,25,25,True,54,1.4188442087892383e-12,2.8301389010110256e-12
11,8.0,4.0,6,3,0.4,25,25,True,55,1.4777623569273146e-12,3.005207194206605e-12
11,8.0,4.0,6,6,0.4,25,25,True,60,1.5520917884259688e-12,3.3102409702223667e-12
11,8.0,8.0,1,1,0.4,25,25,True,54,1.4005185899890193e-12,2.8146651676053125e-12
11,8.0,8.0,1,3,0.4,25,25,True,56,1.5178414081162828e-12,3.1665781108358715e-12
11,8.0,8.0,1,6,0.4,25,25,True,58,1.5517587215185813e-12,3.3237856911227937e-12
11,8.0,8.0,3,1,0.4,25,25,True,55,1.4989676166976551e-12,3.0656033267462135e-12
11,8.0,8.0,3,3,0.4,25,25,True,59,1.565914065082552e-12,3.2610580902314723e-12
11,8.0,8.0,3,6,0.4,25,25,True,63,1.6241452627241415e-12,3.714029084278536e-12
11,8.0,8.0,6,1,0.4,25,25,True,54,1.5090151350705128e-12,2.974620549878182e-12
11,8.0,8.0,6,3,0.4,25,25,True,60,1.5795142971342102e-12,3.4115488212194123e-12
11,8.0,8.0,6,6,0.4,25,25,True,67,1.5831780331154732e-12,3.4199310050553322e-12
11,8.0,16.0,1,1,0.4,25,25,True,56,1.5213941217950833e-12,3.1347702211803607e-12
11,8.0,16.0,1,3,0.4,25,25,True,58,1.5579759704564822e-12,3.347322419244847e-12
11,8.0,16.0,1,6,0.4,25,25,True,60,1.5543122344752192e-12,3.394506897791416e-12
11,8.0,16.0,3,1,0.4,25,25,True,58,1.5356604876615165e-12,3.2869817978564697e-12
11,8.0,16.0,3,3,0.4,25,25,True,63,1.610267474916327e-12,3.692712802205733e-12
11,8.0,16.0,3,6,0.4,25,25,True,67,1.624700374236454e-12,3.860467501226594e-12
11,8.0,16.0,6,1,0.4,25,25,True,58,1.5651369089653144e-12,3.341105170306946e-12
11,8.0,16.0,6,3,0.4,25,25,True,68,1.6803225477701744e-12,4.076738946423575e-12
11,8.0,16.0,6,6,0.4,25,25,True,74,1.7394974349826953e-12,4.5139447735209615e-12
11,16.0,4.0,1,1,0.4,25,25,True,53,1.5055803825880787e-12,3.017627814294599e-12
11,16.0,4.0,1,3,0.4,25,25,True,54,1.5097367800365191e-12,3.042011087472929e-12
11,16.0,4.0,1,6,0.4,25,25,True,55,1.5134560271690134e-12,3.08442160701361e-12
11,16.0,4.0,3,1,0.4,25,25,True,54,1.488351109024677e-12,3.000114046081137e-12
11,16.0,4.0,3,3,0.4,25,25,True,55,1.4700463069061698e-12,2.96129787358268e-12
11,16.0,4.0,3,6,0.4,25,25,True,56,1.5149548282522574e-12,3.134825732331592e-12
11,16.0,4.0,6,1,0.4,25,25,True,53,1.5008827514151335e-12,2.988671810033594e-12
11,16.0,4.0,6,3,0.4,25,25,True,54,1.5082379789532752e-12,3.0304647680168273e-12
11,16.0,4.0,6,6,0.4,25,25,True,57,1.508626557011894e-12,3.1484814755344814e-12
11,16.0,8.0,1,1,0.4,25,25,True,54,1.4115097979328084e-12,2.839312118751991e-12
11,16.0,8.0,1,3,0.4,25,25,True,55,1.5106804696074505e-12,3.0580538101787624e-12
11,16.0,8.0,1,6,0.4,25,25,True,56,1.5147882947985636e-12,3.1149527401908017e-12
11,16.0,8.0,3,1,0.4,25,25,True,54,1.487004963607319e-12,2.987915470598068e-12
11,16.0,8.0,3,3,0.4,25,25,True,56,1.5133450048665509e-12,3.113065361048939e-12
11,16.0,8.0,3,6,0.4,25,25,True,58,1.5556445021047693e-12,3.2554514639571153e-12
11,16.0,8.0,6,1,0.4,25,25,True,54,1.5089596239192815e-12,3.011479954295737e-12
11,16.0,8.0,6,3,0.4,25,25,True,56,1.538325022920617e-12,3.204769782882977e-12
11,16.0,8.0,6,6,0.4,25,25,True,59,1.489697254442035e-12,3.1403213363034865e-12
11,16.0,16.0,1,1,0.4,25,25,True,55,1.3248846464364306e-12,2.6900703886667543e-12
11,16.0,16.0,1,3,0.4,25,25,True,56,1.4911405443740477e-12,3.065103726385132e-12
11,16.0,16.0,1,6,0.4,25,25,True,56,1.468158927764307e-12,3.007816218314474e-12
11,16.0,16.0,3,1,0.4,25,25,True,56,1.5344392423344289e-12,3.162137218737371e-12
11,16.0,16.0,3,3,0.4,25,25,True,58,1.54243284811173e-12,3.209543741888865e-12
11,16.0,16.0,3,6,0.4,25,25,True,60,1.580957587066223e-12,3.4409142202207477e-12
11,16.0,16.0,6,1,0.4,25,25,True,56,1.5166756739404263e-12,3.1002977962657496e-12
11,16.0,16.0,6,3,0.4,25,25,True,60,1.535105376149204e-12,3.3816283107057643e-12
11,16.0,16.0,6,6,0.4,25,25,True,63,1.6202594821379535e-12,3.5711433810092785e-12
12,4.0,4.0,1,1,0.4,25,25,True,54,1.4880319199050973e-12,2.9528948730650484e-12
12,4.0,4.0,1,3,0.4,25,25,True,57,1.5447088053122116e-12,3.215594457373072e-12
12,4.0,4.0,1,6,0.4,25,25,True,62,1.5982770662503754e-12,3.5634273309881337e-12
12,4.0,4.0,3,1,0.4,25,25,True,54,1.4938744685721872e-12,3.007975812874264e-12
12,4.0,4.0,3,3,0.4,25,25,True,58,1.5208390102827707e-12,3.220479438681423e-12
12,4.0,4.0,3,6,0.4,25,25,True,68,1.6596168883609153e-12,4.00457444982294e-12
12,4.0,4.0,6,1,0.4,25,25,True,54,1.4913903445545884e-12,2.953984279407962e-12
12,4.0,4.0,6,3,0.4,25,25,True,57,1.536964999715451e-12,3.0576929876957593e-12
12,4.0,4.0,6,6,0.4,25,25,True,68,1.6502355038028327e-12,3.987699059848637e-12
12,4.0,8.0,1,1,0.4,25,25,True,55,1.511013536514838e-12,3.1062930005987255e-12
12,4.0,8.0,1,3,0.4,25,25,True,60,1.5876744363652051e-12,3.451128272047299e-12
12,4.0,8.0,1,6,0.4,25,25,True,65,1.5940582187567998e-12,3.59945406813722e-12
12,4.0,8.0,3,1,0.4,25,25,True,56,1.5190071422921392e-12,3.147399008085472e-12
12,4.0,8.0,3,3,0.4,25,25,True,65,1.605715560515364e-12,3.6981528950263964e-12
12,4.0,8.0,3,6,0.4,25,25,True,77,1.7464918400378338e-12,4.725886348921904e-12
12,4.0,8.0,6,1,0.4,25,25,True,55,1.5055179325429435e-12,3.006483950684924e-12
12,4.0,8.0,6,3,0.4,25,25,True,65,1.59539048638635e-12,3.578137786064417e-12
12,4.0,8.0,6,6,0.4,25,25,True,85,1.8088863740217676e-12,5.348499421131692e-12
12,4.0,16.0,1,1,0.4,25,25,True,57,1.5497048089230248e-12,3.2694402740673922e-12
12,4.0,16.0,1,3,0.4,25,25,True,63,1.6204815267428785e-12,3.5285108168636725e-12
12,4.0,16.0,1,6,0.4,25,25,True,69,1.6516787937348454e-12,3.988476215965875e-12
12,4.0,16.0,3,1,0.4,25,25,True,60,1.565247931267777e-12,3.4469094245537235e-12
12,4.0,16.0,3,3,0.4,25,25,True,74,1.741162769519633e-12,4.50328663248456e-12
12,4.0,16.0,3,6,0.4,25,25,True,86,1.816102823681831e-12,5.5672133569828475e-12
12,4.0,16.0,6,1,0.4,25,25,True,61,1.596889287469594e-12,3.5851321911195555e-12
12,4.0,16.0,6,3,0.4,25,25,True,82,1.8129941992128806e-12,5.200839758856546e-12
12,4.0,16.0,6,6,0.4,25,25,True,104,1.946109939865437e-12,7.024492099105828e-12
12,8.0,4.0,1,1,0.4,25,25,True,54,1.4725512476054803e-12,2.9450192284841137e-12
12,8.0,4.0,1,3,0.4,25,25,True,55,1.520672476829077e-12,3.051503494333474e-12
12,8.0,4.0,1,6,0.4,25,25,True,57,1.5127898933542383e-12,3.153310945691601e-12
12,8.0,4.0,3,1,0.4,25,25,True,54,1.4595269437478464e-12,2.908194518536078e-12
12,8.0,4.0,3,3,0.4,25,25,True,56,1.465161325597819e-12,2.996380921160835e-12
12,8.0,4.0,3,6,0.4,25,25,True,60,1.5767387395726473e-12,3.3495428652940973e-12
12,8.0,4.0,6,1,0.4,25,25,True,53,1.4941520243283435e-12,2.966987766583884e-12
12,8.0,4.0,6,3,0.4,25,25,True,55,1.4876155862708629e-12,2.9723445926777003e-12
12,8.0,4.0,6,6,0.4,25,25,True,60,1.5615286841352827e-12,3.342770504843884e-12
12,8.0,8.0,1,1,0.4,25,25,True,54,1.4564738304301272e-12,2.9395097467244113e-12
12,8.0,8.0,1,3,0.4,25,25,True,56,1.5266676811620528e-12,3.1779578968382793e-12
12,8.0,8.0,1,6,0.4,25,25,True,58,1.5016876631079867e-12,3.2083224965617774e-12
12,8.0,8.0,3,1,0.4,25,25,True,55,1.4750978216682142e-12,2.9934110745699627e-12
12,8.0,8.0,3,3,0.4,25,25,True,59,1.573241537045078e-12,3.3064662119386412e-12
12,8.0,8.0,3,6,0.4,25,25,True,63,1.6004975122996257e-12,3.446576357646336e-12
12,8.0,8.0,6,1,0.4,25,25,True,54,1.4347412147230898e-12,2.846722857441364e-12
12,8.0,8.0,6,3,0.4,25,25,True,59,1.5503154315865686e-12,3.2259750426533174e-12
12,8.0,8.0,6,6,0.4,25,25,True,66,1.6481815912072761e-12,3.526456904268116e-12
12,8.0,16.0,1,1,0.4,25,25,True,56,1.5055179325429435e-12,2.953970401620154e-12
12,8.0,16.0,1,3,0.4,25,25,True,58,1.5550893905924568e-12,3.22786242179518e-12
12,8.0,16.0,1,6,0.4,25,25,True,59,1.584843367652411e-12,3.446132268436486e-12
12,8.0,16.0,3,1,0.4,25,25,True,57,1.5489276528057871e-12,3.2225333512769794e-12
12,8.0,16.0,3,3,0.4,25,25,True,63,1.4247492075014634e-12,3.2637226254905727e-12
12,8.0,16.0,3,6,0.4,25,25,True,67,1.6682211168017602e-12,3.977040918812236e-12
12,8.0,16.0,6,1,0.4,25,25,True,58,1.563305040974683e-12,3.340216991887246e-12
12,8.0,16.0,6,3,0.4,25,25,True,67,1.6496803922905201e-12,3.93440835466663e-12
12,8.0,16.0,6,6,0.4,25,25,True,73,1.723954312637943e-12,4.498290628873747e-12
12,16.0,4.0,1,1,0.4,25,25,True,53,1.4810652704255745e-12,2.933861487086631e-12
12,16.0,4.0,1,3,0.4,25,25,True,54,1.475486399726833e-12,2.9659052991348744e-12
12,16.0,4.0,1,6,0.4,25,25,True,55,1.5041856649133933e-12,3.0345725932079404e-12
12,16.0,4.0,3,1,0.4,25,25,True,53,1.5007092790675358e-12,3.0060468003689778e-12
12,16.0,4.0,3,3,0.4,25,25,True,55,1.4633294576071876e-12,2.973565838004788e-12
12,16.0,4.0,3,6,0.4,25,25,True,56,1.5377699114083043e-12,3.194500219905194e-12
12,16.0,4.0,6,1,0.4,25,25,True,53,1.496212875817804e-12,2.948433164284836e-12
12,16.0,4.0,6,3,0.4,25,25,True,54,1.4891143873541068e-12,2.8769486792867838e-12
12,16.0,4.0,6,6,0.4,25,25,True,56,1.5339951531245788e-12,3.160027794990583e-12
12,16.0,8.0,1,1,0.4,25,25,True,54,1.501215818322521e-12,2.878197680189487e-12
12,16.0,8.0,1,3,0.4,25,25,True,55,1.4792611580105586e-12,2.994660075472666e-12
12,16.0,8.0,1,6,0.4,25,25,True,55,1.5211720771901582e-12,3.1022406865588437e-12
12,16.0,8.0,3,1,0.4,25,25,True,54,1.509292690826669e-12,2.9883318042323026e-12
12,16.0,8.0,3,3,0.4,25,25,True,56,1.4751533328194455e-12,2.948807864555647e-12
12,16.0,8.0,3,6,0.4,25,25,True,58,1.5146217613448698e-12,3.0427327324389353e-12
12,16.0,8.0,6,1,0.4,25,25,True,54,1.474292909975361e-12,2.9610203178265238e-12
12,16.0,8.0,6,3,0.4,25,25,True,56,1.4960255256823984e-12,3.101463530441606e-12
12,16.0,8.0,6,6,0.4,25,25,True,59,1.5391021790378545e-12,3.2693292517649297e-12
12,16.0,16.0,1,1,0.4,25,25,True,54,1.5186185642335204e-12,3.0668800832245324e-12
12,16.0,16.0,1,3,0.4,25,25,True,56,1.5322187962851785e-12,3.160027794990583e-12
12,16.0,16.0,1,6,0.4,25,25,True,56,1.5369927552910667e-12,3.1977753778278384e-12
12,16.0,16.0,3,1,0.4,25,25,True,55,1.5214496329463145e-12,3.144096094587212e-12
12,16.0,16.0,3,3,0.4,25,25,True,58,1.549538275469331e-12,3.2096547641913276e-12
12,16.0,16.0,3,6,0.4,25,25,True,59,1.5205614545266144e-12,3.2598368449043846e-12
12,16.0,16.0,6,1,0.4,25,25,True,56,1.5054624213917123e-12,3.0754843116653774e-12
12,16.0,16.0,6,3,0.4,25,25,True,60,1.5804024755539103e-12,3.392286451742166e-12
12,16.0,16.0,6,6,0.4,25,25,True,62,1.6079360065646142e-12,3.469224907348689e-12
13,4.0,4.0,1,1,0.4,25,25,True,54,1.4779844015322396e-12,2.95561491947538e-12
13,4.0,4.0,1,3,0.4,25,25,True,57,1.5332179970073412e-12,3.189115638235762e-12
13,4.0,4.0,1,6,0.4,25,25,True,61,1.5469847625126931e-12,3.4152125572006753e-12
13,4.0,4.0,3,1,0.4,25,25,True,54,1.4774431678077349e-12,2.9088259578813336e-12
13,4.0,4.0,3,3,0.4,25,25,True,58,1.5539236564166004e-12,3.1277480605496066e-12
13,4.0,4.0,3,6,0.4,25,25,True,67,1.6704415628510105e-12,3.9586667277546894e-12
13,4.0,4.0,6,1,0.4,25,25,True,54,1.4778386847602576e-12,2.9544561241934275e-12
13,4.0,4.0,6,3,0.4,25,25,True,56,1.530608972899472e-12,3.1115943155413106e-12
13,4.0,4.0,6,6,0.4,25,25,True,67,1.638467139741806e-12,3.845368468091692e-12
13,4.0,8.0,1,1,0.4,25,25,True,55,1.5041023981865465e-12,3.046563001873892e-12
13,4.0,8.0,1,3,0.4,25,25,True,59,1.5408785358772548e-12,3.3343328098567326e-12
13,4.0,8.0,1,6,0.4,25,25,True,65,1.6358026044827056e-12,3.745892485085278e-12
13,4.0,8.0,3,1,0.4,25,25,True,55,1.5065448888407218e-12,3.0253577421035516e-12
13,4.0,8.0,3,3,0.4,25,25,True,64,1.6296963778472673e-12,3.745059817816809e-12
13,4.0,8.0,3,6,0.4,25,25,True,76,1.7398305018900828e-12,4.516276241872674e-12
13,4.0,8.0,6,1,0.4,25,25,True,55,1.4737933096142797e-12,2.98822078192984e-12
13,4.0,8.0,6,3,0.4,25,25,True,64,1.621258682860116e-12,3.71375152852238e-12
13,4.0,8.0,6,6,0.4,25,25,True,83,1.7953416531213406e-12,5.17852427606158e-12
13,4.0,16.0,1,1,0.4,25,25,True,57,1.4591661212648432e-12,2.9407587476271146e-12
13,4.0,16.0,1,3,0.4,25,25,True,63,1.6293633109398797e-12,3.733124920302089e-12
13,4.0,16.0,1,6,0.4,25,25,True,68,1.6711076966657856e-12,4.104272477434279e-12
13,4.0,16.0,3,1,0.4,25,25,True,60,1.5888401705410615e-12,3.454125874213787e-12
13,4.0,16.0,3,3,0.4,25,25,True,72,1.734057342162032e-12,4.500289030318072e-12
13,4.0,16.0,3,6,0.4,25,25,True,85,1.819988604268019e-12,5.4645177272050205e-12
13,4.0,16.0,6,1,0.4,25,25,True,60,1.5761836280603347e-12,3.376632307094951e-12
13,4.0,16.0,6,3,0.4,25,25,True,80,1.7883472480662022e-12,5.0033310827757305e-12
13,4.0,16.0,6,6,0.4,25,25,True,103,1.9085844016331066e-12,6.812994612914736e-12
13,8.0,4.0,1,1,0.4,25,25,True,53,1.4989398611220395e-12,2.9806435097867734e-12
13,8.0,4.0,1,3,0.4,25,25,True,55,1.516925474120967e-12,3.061301212525791e-12
13,8.0,4.0,1,6,0.4,25,25,True,57,1.4906964551641977e-12,3.0352942381739467e-12
13,8.0,4.0,3,1,0.4,25,25,True,54,1.4551831961640005e-12,2.9153554570449103e-12
13,8.0,4.0,3,3,0.4,25,25,True,56,1.4450385332764881e-12,2.8928803796901548e-12
13,8.0,4.0,3,6,0.4,25,25,True,59,1.536826221837373e-12,3.232747403103531e-12
13,8.0,4.0,6,1,0.4,25,25,True,53,1.478407674060378e-12,2.987790570507798e-12
13,8.0,4.0,6,3,0.4,25,25,True,55,1.5151768728571824e-12,3.0101754422418026e-12
13,8.0,4.0,6,6,0.4,25,25,True,59,1.5507595207964187e-12,3.3622549189260553e-12
13,8.0,8.0,1,1,0.4,25,25,True,54,1.5111523143929162e-12,3.037958773433047e-12
13,8.0,8.0,1,3,0.4,25,25,True,56,1.495303880716392e-12,3.1021851754076124e-12
13,8.0,8.0,1,6,0.4,25,25,True,58,1.5510925877038062e-12,3.197220266315526e-12
13,8.0,8.0,3,1,0.4,25,25,True,54,1.498606794214652e-12,2.9933555634187314e-12
13,8.0,8.0,3,3,0.4,25,25,True,58,1.5205059433753831e-12,3.1394886690350177e-12
13,8.0,8.0,3,6,0.4,25,25,True,62,1.5790146967731289e-12,3.542388604671487e-12
13,8.0,8.0,6,1,0.4,25,25,True,54,1.5044077095183184e-12,3.0158653352430065e-12
13,8.0,8.0,6,3,0.4,25,25,True,58,1.5354939542078228e-12,3.153088901086676e-12
13,8.0,8.0,6,6,0.4,25,25,True,65,1.4965251260434798e-12,3.463618281074332e-12
13,8.0,16.0,1,1,0.4,25,25,True,55,1.5145107390424073e-12,2.9881097596273776e-12
13,8.0,16.0,1,3,0.4,25,25,True,58,1.5523138330308939e-12,3.243960655652245e-12
13,8.0,16.0,1,6,0.4,25,25,True,59,1.574740338128322e-12,3.4223734957095076e-12
13,8.0,16.0,3,1,0.4,25,25,True,57,1.5249468354738838e-12,3.122557767909484e-12
13,8.0,16.0,3,3,0.4,25,25,True,62,1.6172618799714655e-12,3.619660127185398e-12
13,8.0,16.0,3,6,0.4,25,25,True,66,1.6040502259784262e-12,3.784195179434846e-12
13,8.0,16.0,6,1,0.4,25,25,True,57,1.5364931549299854e-12,3.1877278594549807e-12
13,8.0,16.0,6,3,0.4,25,25,True,66,1.5673018438633335e-12,3.695044270557446e-12
13,8.0,16.0,6,6,0.4,25,25,True,72,1.7210677327739177e-12,4.385491969571831e-12
13,16.0,4.0,1,1,0.4,25,25,True,53,1.4929515956829675e-12,2.980518609696503e-12
13,16.0,4.0,1,3,0.4,25,25,True,54,1.504657509698859e-12,2.9720947924971597e-12
13,16.0,4.0,1,6,0.4,25,25,True,55,1.4538925618978737e-12,2.9474200857748656e-12
13,16.0,4.0,3,1,0.4,25,25,True,53,1.5201659375740917e-12,3.043655605328155e-12
13,16.0,4.0,3,3,0.4,25,25,True,54,1.501965218864143e-12,2.9498070652778097e-12
13,16.0,4.0,3,6,0.4,25,25,True,56,1.5107359807586818e-12,3.070876886113183e-12
13,16.0,4.0,6,1,0.4,25,25,True,53,1.4680617832496523e-12,2.9625885078488068e-12
13,16.0,4.0,6,3,0.4,25,25,True,54,1.4770962231125395e-12,2.929656517380863e-12
13,16.0,4.0,6,6,0.4,25,25,True,56,1.5141776721350197e-12,3.107292201320888e-12
13,16.0,8.0,1,1,0.4,25,25,True,54,1.4760415112391456e-12,2.809308341511496e-12
13,16.0,8.0,1,3,0.4,25,25,True,55,1.4420686866856158e-12,2.8826385722879877e-12
13,16.0,8.0,1,6,0.4,25,25,True,55,1.4899748101981913e-12,3.033850948241934e-12
13,16.0,8.0,3,1,0.4,25,25,True,54,1.442429509168619e-12,2.8510249716617864e-12
13,16.0,8.0,3,3,0.4,25,25,True,56,1.5276668818842154e-12,3.052169628148249e-12
13,16.0,8.0,3,6,0.4,25,25,True,58,1.5417667142969549e-12,3.1170621639375895e-12
13,16.0,8.0,6,1,0.4,25,25,True,54,1.4633294576071876e-12,2.8991808953549025e-12
13,16.0,8.0,6,3,0.4,25,25,True,56,1.46344047990965e-12,3.0061508837775364e-12
13,16.0,8.0,6,6,0.4,25,25,True,59,1.4990231278488864e-12,3.1638025532743086e-12
13,16.0,16.0,1,1,0.4,25,25,True,54,1.4411249971146844e-12,2.905564677746497e-12
13,16.0,16.0,1,3,0.4,25,25,True,55,1.5037970868547745e-12,3.092637257395836e-12
13,16.0,16.0,1,6,0.4,25,25,True,56,1.4964696148922485e-12,3.1119551380243138e-12
13,16.0,16.0,3,1,0.4,25,25,True,55,1.5019097077129118e-12,3.085476318887004e-12
13,16.0,16.0,3,3,0.4,25,25,True,58,1.5434320488338926e-12,3.1010749523829872e-12
13,16.0,16.0,3,6,0.4,25,25,True,59,1.5629719740672954e-12,3.2429614549300823e-12
13,16.0,16.0,6,1,0.4,25,25,True,55,1.5293322164211531e-12,3.146871652148775e-12
13,16.0,16.0,6,3,0.4,25,25,True,59,1.5542012121727566e-12,3.329669873153307e-12
13,16.0,16.0,6,6,0.4,25,25,True,62,1.6009416015094757e-12,3.536171355733586e-12
14,4.0,4.0,1,1,0.4,25,25,True,54,1.5150415644260562e-12,3.009304611056862e-12
14,4.0,4.0,1,3,0.4,25,25,True,56,1.5203116543460737e-12,3.152783589754904e-12
14,4.0,4.0,1,6,0.4,25,25,True,61,1.5465961844540743e-12,3.2294167340296553e-12
14,4.0,4.0,3,1,0.4,25,25,True,54,1.4498714728805595e-12,2.876546223440357e-12
14,4.0,4.0,3,3,0.4,25,25,True,57,1.5013545962005992e-12,3.1481761642027095e-12
14,4.0,4.0,3,6,0.4,25,25,True,67,1.6625034682249407e-12,3.895661571107212e-12
14,4.0,4.0,6,1,0.4,25,25,True,53,1.4983569940341113e-12,2.821663042107403e-12
14,4.0,4.0,6,3,0.4,25,25,True,56,1.5032697309180776e-12,3.0941083029034644e-12
14,4.0,4.0,6,6,0.4,25,25,True,66,1.6320278461989801e-12,3.833877659786822e-12
14,4.0,8.0,1,1,0.4,25,25,True,55,1.5132894937153196e-12,3.0949964813231645e-12
14,4.0,8.0,1,3,0.4,25,25,True,59,1.5734635816500031e-12,3.4031666373834923e-12
14,4.0,8.0,1,6,0.4,25,25,True,64,1.631805801594055e-12,3.7554404030970545e-12
14,4.0,8.0,3,1,0.4,25,25,True,55,1.5158985178231887e-12,3.100047996085209e-12
14,4.0,8.0,3,3,0.4,25,25,True,63,1.6195378371719471e-12,3.393840763976641e-12
14,4.0,8.0,3,6,0.4,25,25,True,75,1.705635632731628e-12,4.442002321525251e-12
14,4.0,8.0,6,1,0.4,25,25,True,54,1.5040468870353152e-12,2.991218384096328e-12
14,4.0,8.0,6,3,0.4,25,25,True,62,1.6138756997463588e-12,3.6353142718326126e-12
14,4.0,8.0,6,6,0.4,25,25,True,81,1.7501000648678655e-12,4.9348858333075896e-12
14,4.0,16.0,1,1,0.4,25,25,True,57,1.5471512959663869e-12,2.8474445024073702e-12
14,4.0,16.0,1,3,0.4,25,25,True,63,1.6192602814157908e-12,3.6222136401420357e-12
14,4.0,16.0,1,6,0.4,25,25,True,68,1.6264767310758543e-12,3.9009906416254125e-12
14,4.0,16.0,3,1,0.4,25,25,True,59,1.5689671784002712e-12,3.3504310437137974e-12
14,4.0,16.0,3,3,0.4,25,25,True,71,1.7170709298852671e-12,4.378719609121617e-12
14,4.0,16.0,3,6,0.4,25,25,True,84,1.8323120798413584e-12,5.362821298149356e-12
14,4.0,16.0,6,1,0.4,25,25,True,59,1.508626557011894e-12,3.281430682733344e-12
14,4.0,16.0,6,3,0.4,25,25,True,78,1.7714718580918998e-12,4.854228130568572e-12
14,4.0,16.0,6,6,0.4,25,25,True,102,1.9317880628477724e-12,6.730171975277699e-12
14,8.0,4.0,1,1,0.4,25,25,True,53,1.4823246796691336e-12,2.968101459055461e-12
14,8.0,4.0,1,3,0.4,25,25,True,55,1.4727663533165014e-12,2.9296287618052474e-12
14,8.0,4.0,1,6,0.4,25,25,True,56,1.5136225606227072e-12,3.1297742175695475e-12
14,8.0,4.0,3,1,0.4,25,25,True,54,1.448934722203532e-12,2.8092007886559855e-12
14,8.0,4.0,3,3,0.4,25,25,True,55,1.4830636718698997e-12,2.9984903449076228e-12
14,8.0,4.0,3,6,0.4,25,25,True,59,1.5418777365994174e-12,3.307465412660804e-12
14,8.0,4.0,6,1,0.4,25,25,True,53,1.4698520178768604e-12,2.778811902803824e-12
14,8.0,4.0,6,3,0.4,25,25,True,55,1.5075996007141157e-12,2.99196778463795e-12
14,8.0,4.0,6,6,0.4,25,25,True,59,1.5248358131714213e-12,3.2713831643604863e-12
14,8.0,8.0,1,1,0.4,25,25,True,54,1.4381551505238122e-12,2.8843594179761567e-12
14,8.0,8.0,1,3,0.4,25,25,True,56,1.4785950241957835e-12,3.064437592570357e-12
14,8.0,8.0,1,6,0.4,25,25,True,58,1.5094592242803628e-12,3.03324032557839e-12
14,8.0,8.0,3,1,0.4,25,25,True,54,1.501965218864143e-12,2.9769520182298947e-12
14,8.0,8.0,3,3,0.4,25,25,True,58,1.5449308499171366e-12,3.1716851367491472e-12
14,8.0,8.0,3,6,0.4,25,25,True,62,1.607047828144914e-12,3.5705327583457347e-12
14,8.0,8.0,6,1,0.4,25,25,True,54,1.505712221572253e-12,3.0235813852641513e-12
14,8.0,8.0,6,3,0.4,25,25,True,58,1.5420442700531112e-12,3.054501096499962e-12
14,8.0,8.0,6,6,0.4,25,25,True,64,1.613265077082815e-12,3.718803043284424e-12
14,8.0,16.0,1,1,0.4,25,25,True,55,1.526279103103434e-12,3.1457059179729185e-12
14,8.0,16.0,1,3,0.4,25,25,True,58,1.5197842984093768e-12,3.1816771439707736e-12
14,8.0,16.0,1,6,0.4,25,25,True,59,1.461497589616556e-12,3.159583705780733e-12
14,8.0,16.0,3,1,0.4,25,25,True,56,1.5270562592206716e-12,3.074096532884596e-12
14,8.0,16.0,3,3,0.4,25,25,True,62,1.5918377727075494e-12,3.4341418597705342e-12
14,8.0,16.0,3,6,0.4,25,25,True,66,1.6355805598777806e-12,3.88278298402156e-12
14,8.0,16.0,6,1,0.4,25,25,True,56,1.5302759059920845e-12,3.196443110198288e-12
14,8.0,16.0,6,3,0.4,25,25,True,65,1.5946133302691123e-12,3.73845399082029e-12
14,8.0,16.0,6,6,0.4,25,25,True,71,1.6898704657819508e-12,4.154898647357186e-12
14,16.0,4.0,1,1,0.4,25,25,True,53,1.4621394373026675e-12,2.9255660394245098e-12
14,16.0,4.0,1,3,0.4,25,25,True,54,1.5042689316402402e-12,2.935734988440686e-12
14,16.0,4.0,1,6,0.4,25,25,True,55,1.4805934256401088e-12,2.9446445282133027e-12
14,16.0,4.0,3,1,0.4,25,25,True,53,1.4734047315556609e-12,2.8028343534991507e-12
14,16.0,4.0,3,3,0.4,25,25,True,54,1.4888645871735662e-12,2.9538038681664602e-12
14,16.0,4.0,3,6,0.4,25,25,True,56,1.524558257415265e-12,3.003708393123361e-12
14,16.0,4.0,6,1,0.4,25,25,True,53,1.4552352378682798e-12,2.7570688787559305e-12
14,16.0,4.0,6,3,0.4,25,25,True,54,1.503686064552312e-12,2.9125590828016357e-12
14,16.0,4.0,6,6,0.4,25,25,True,56,1.5240586570541836e-12,3.1573632597314827e-12
14,16.0,8.0,1,1,0.4,25,25,True,54,1.4384882174311997e-12,2.735034421164073e-12
14,16.0,8.0,1,3,0.4,25,25,True,55,1.4122591984744304e-12,2.790545572395331e-12
14,16.0,8.0,1,6,0.4,25,25,True,55,1.5153434063108762e-12,3.0860869415505476e-12
14,16.0,8.0,3,1,0.4,25,25,True,54,1.507433067260422e-12,3.0186131372289537e-12
14,16.0,8.0,3,3,0.4,25,25,True,56,1.4906964551641977e-12,3.0303537457143648e-12
14,16.0,8.0,3,6,0.4,25,25,True,57,1.4852563623435344e-12,3.1383784460103925e-12
14,16.0,8.0,6,1,0.4,25,25,True,54,1.4970802375557923e-12,2.9899693831936247e-12
14,16.0,8.0,6,3,0.4,25,25,True,56,1.5117906926320757e-12,2.989497538408159e-12
14,16.0,8.0,6,6,0.4,25,25,True,58,1.464051102573194e-12,3.0959124153184803e-12
14,16.0,16.0,1,1,0.4,25,25,True,54,1.3751777494519501e-12,2.770061957590997e-12
14,16.0,16.0,1,3,0.4,25,25,True,55,1.514233183286251e-12,3.1179503423572896e-12
14,16.0,16.0,1,6,0.4,25,25,True,56,1.527999948791603e-12,3.1363800445660672e-12
14,16.0,16.0,3,1,0.4,25,25,True,55,1.5226708782734022e-12,3.1100122477312198e-12
14,16.0,16.0,3,3,0.4,25,25,True,57,1.5539236564166004e-12,3.2225333512769794e-12
14,16.0,16.0,3,6,0.4,25,25,True,59,1.4994672170587364e-12,3.169686735304822e-12
14,16.0,16.0,6,1,0.4,25,25,True,55,1.5048517987281684e-12,3.0361269054424156e-12
14,16.0,16.0,6,3,0.4,25,25,True,59,1.5458190283368367e-12,3.3519853559482726e-12
14,16.0,16.0,6,6,0.4,25,25,True,61,1.6032730698611886e-12,3.5718095148240536e-12
15,4.0,4.0,1,1,0.4,25,25,True,53,1.4968686012917232e-12,2.9933590328656834e-12
15,4.0,4.0,1,3,0.4,25,25,True,56,1.4736545317362015e-12,3.017835981111716e-12
15,4.0,4.0,1,6,0.4,25,25,True,61,1.5947798637228061e-12,3.4820479832831097e-12
15,4.0,4.0,3,1,0.4,25,25,True,54,1.4805170978071658e-12,2.764000833765934e-12
15,4.0,4.0,3,3,0.4,25,25,True,57,1.5261403252253558e-12,3.05089287166993e-12
15,4.0,4.0,3,6,0.4,25,25,True,66,1.5654144647214707e-12,3.689160088526933e-12
15,4.0,4.0,6,1,0.4,25,25,True,53,1.4866857744877393e-12,2.9461363904026427e-12
15,4.0,4.0,6,3,0.4,25,25,True,56,1.4901135880762695e-12,2.8669566720651574e-12
15,4.0,4.0,6,6,0.4,25,25,True,65,1.5798473640415978e-12,3.652689262167996e-12
15,4.0,8.0,1,1,0.4,25,25,True,54,1.4975243267656424e-12,2.994271497414047e-12
15,4.0,8.0,1,3,0.4,25,25,True,59,1.5498158312254873e-12,3.3423264156340338e-12
15,4.0,8.0,1,6,0.4,25,25,True,64,1.6330270469211428e-12,3.7696512578122565e-12
15,4.0,8.0,3,1,0.4,25,25,True,55,1.4817869153915808e-12,3.0137004003449874e-12
15,4.0,8.0,3,3,0.4,25,25,True,62,1.5415446696920299e-12,3.3421043710291087e-12
15,4.0,8.0,3,6,0.4,25,25,True,74,1.7255086248724183e-12,4.527267449816463e-12
15,4.0,8.0,6,1,0.4,25,25,True,54,1.4798717806741024e-12,2.8635149806888194e-12
15,4.0,8.0,6,3,0.4,25,25,True,61,1.5574208589441696e-12,3.454569963423637e-12
15,4.0,8.0,6,6,0.4,25,25,True,79,1.7119639039719914e-12,4.711508960753008e-12
15,4.0,16.0,1,1,0.4,25,25,True,57,1.5275003484305216e-12,3.204159160219433e-12
15,4.0,16.0,1,3,0.4,25,25,True,62,1.5543122344752192e-12,3.5138558729386205e-12
15,4.0,16.0,1,6,0.4,25,25,True,67,1.6616708009564718e-12,4.009348408828828e-12
15,4.0,16.0,3,1,0.4,25,25,True,58,1.5530354779969002e-12,3.346933841186228e-12
15,4.0,16.0,3,3,0.4,25,25,True,70,1.7087442572005784e-12,4.331091041365198e-12
15,4.0,16.0,3,6,0.4,25,25,True,84,1.7894574710908273e-12,5.161426841482353e-12
15,4.0,16.0,6,1,0.4,25,25,True,58,1.5629719740672954e-12,3.297806472346565e-12
15,4.0,16.0,6,3,0.4,25,25,True,76,1.7210677327739177e-12,4.548250664981879e-12
15,4.0,16.0,6,6,0.4,25,25,True,100,1.904587598744456e-12,6.502021143717229e-12
15,8.0,4.0,1,1,0.4,25,25,True,53,1.4740084153253008e-12,2.8178639976950137e-12
15,8.0,4.0,1,3,0.4,25,25,True,55,1.4486745136821355e-12,2.910588436932926e-12
15,8.0,4.0,1,6,0.4,25,25,True,56,1.5116241591783819e-12,3.050615315913774e-12
15,8.0,4.0,3,1,0.4,25,25,True,53,1.4919974977711803e-12,3.0100366643637244e-12
15,8.0,4.0,3,3,0.4,25,25,True,55,1.5074053116848063e-12,3.0686841956395483e-12
15,8.0,4.0,3,6,0.4,25,25,True,59,1.5731860258938468e-12,3.3282265832212943e-12
15,8.0,4.0,6,1,0.4,25,25,True,53,1.517751202495532e-12,3.016583510762061e-12
15,8.0,4.0,6,3,0.4,25,25,True,55,1.5114576257246881e-12,3.0411229090532288e-12
15,8.0,4.0,6,6,0.4,25,25,True,59,1.5445422718585178e-12,3.205213872092827e-12
15,8.0,8.0,1,1,0.4,25,25,True,54,1.4964141037410172e-12,2.9014290969797685e-12
15,8.0,8.0,1,3,0.4,25,25,True,56,1.4913070778277415e-12,2.9669600110082683e-12
15,8.0,8.0,1,6,0.4,25,25,True,57,1.5412116027846423e-12,3.2720492981752614e-12
15,8.0,8.0,3,1,0.4,25,25,True,54,1.4682699500667695e-12,2.9491686870386502e-12
15,8.0,8.0,3,3,0.4,25,25,True,58,1.5317191959240972e-12,3.178568519501823e-12
15,8.0,8.0,3,6,0.4,25,25,True,62,1.6081580511695392e-12,3.3166802637651926e-12
15,8.0,8.0,6,1,0.4,25,25,True,54,1.4815371152110401e-12,2.946337618325856e-12
15,8.0,8.0,6,3,0.4,25,25,True,57,1.4920842339449791e-12,3.12150305603609e-12
15,8.0,8.0,6,6,0.4,25,25,True,64,1.5952239529326562e-12,3.3156255518917988e-12
15,8.0,16.0,1,1,0.4,25,25,True,55,1.5220047444586271e-12,3.1222802121533277e-12
15,8.0,16.0,1,3,0.4,25,25,True,57,1.5270007480694403e-12,3.1799007871313734e-12
15,8.0,16.0,1,6,0.4,25,25,True,59,1.5583090373638697e-12,3.3349989436715077e-12
15,8.0,16.0,3,1,0.4,25,25,True,56,1.5435430711363551e-12,3.1465940963926187e-12
15,8.0,16.0,3,3,0.4,25,25,True,61,1.5623613514037515e-12,3.452849117735468e-12
15,8.0,16.0,3,6,0.4,25,25,True,65,1.6533441282717831e-12,3.909317314310101e-12
15,8.0,16.0,6,1,0.4,25,25,True,56,1.4983569940341113e-12,3.116118474366658e-12
15,8.0,16.0,6,3,0.4,25,25,True,64,1.6198709040793347e-12,3.7287395393548195e-12
15,8.0,16.0,6,6,0.4,25,25,True,71,1.7119639039719914e-12,4.321654145655884e-12
15,16.0,4.0,1,1,0.4,25,25,True,53,1.5158568844597653e-12,3.0089646052555707e-12
15,16.0,4.0,1,3,0.4,25,25,True,54,1.5009660181419804e-12,2.973121748794938e-12
15,16.0,4.0,1,6,0.4,25,25,True,55,1.439515173728978e-12,2.875144566871768e-12
15,16.0,4.0,3,1,0.4,25,25,True,53,1.469362825856635e-12,2.9492797093411127e-12
15,16.0,4.0,3,3,0.4,25,25,True,54,1.5095424910072097e-12,2.9057867223514222e-12
15,16.0,4.0,3,6,0.4,25,25,True,56,1.5139001163788635e-12,2.922551090023262e-12
15,16.0,4.0,6,1,0.4,25,25,True,53,1.5130466324286829e-12,3.001029980076453e-12
15,16.0,4.0,6,3,0.4,25,25,True,54,1.5072942893823438e-12,2.9961866321315256e-12
15,16.0,4.0,6,6,0.4,25,25,True,56,1.5216716775512396e-12,3.1203373218602337e-12
15,16.0,8.0,1,1,0.4,25,25,True,54,1.4672985049202225e-12,2.954358979678773e-12
15,16.0,8.0,1,3,0.4,25,25,True,55,1.511235581119763e-12,3.0608848788915566e-12
15,16.0,8.0,1,6,0.4,25,25,True,55,1.5211720771901582e-12,3.021805028424751e-12
15,16.0,8.0,3,1,0.4,25,25,True,54,1.5011047960200585e-12,3.0110913762371183e-12
15,16.0,8.0,3,3,0.4,25,25,True,55,1.4905854328617352e-12,2.9767299736249697e-12
15,16.0,8.0,3,6,0.4,25,25,True,57,1.4998557951173552e-12,3.0316305021926837e-12
15,16.0,8.0,6,1,0.4,25,25,True,54,1.4734879982825078e-12,2.9276581159365378e-12
15,16.0,8.0,6,3,0.4,25,25,True,55,1.5209500325852332e-12,3.118061364659752e-12
15,16.0,8.0,6,6,0.4,25,25,True,58,1.5574763700954009e-12,3.296918293926865e-12
15,16.0,16.0,1,1,0.4,25,25,True,54,1.4792056468593273e-12,2.9915514510037156e-12
15,16.0,16.0,1,3,0.4,25,25,True,55,1.505184865635556e-12,3.0498936709477675e-12
15,16.0,16.0,1,6,0.4,25,25,True,56,1.531441640167941e-12,3.135269821541442e-12
15,16.0,16.0,3,1,0.4,25,25,True,55,1.4868106745780096e-12,2.9510283106048973e-12
15,16.0,16.0,3,3,0.4,25,25,True,57,1.5060730440552561e-12,3.0724311983476582e-12
15,16.0,16.0,3,6,0.4,25,25,True,59,1.5589751711786448e-12,3.3515412667384226e-12
15,16.0,16.0,6,1,0.4,25,25,True,55,1.4682699500667695e-12,3.006483950684924e-12
15,16.0,16.0,6,3,0.4,25,25,True,58,1.5675793996194898e-12,3.37835315278312e-12
15,16.0,16.0,6,6,0.4,25,25,True,61,1.5862866575844237e-12,3.331224185387782e-12
16,4.0,4.0,1,1,0.4,25,25,True,53,1.4862035213614178e-12,2.7934425606002122e-12
16,4.0,4.0,1,3,0.4,25,25,True,56,1.5176471190869734e-12,2.978117752405751e-12
16,4.0,4.0,1,6,0.4,25,25,True,60,1.569133711853965e-12,3.4652281044600386e-12
16,4.0,4.0,3,1,0.4,25,25,True,54,1.4473214293708736e-12,2.807733212595309e-12
16,4.0,4.0,3,3,0.4,25,25,True,57,1.5358825322664416e-12,2.9878877150224525e-12
16,4.0,4.0,3,6,0.4,25,25,True,65,1.6400214519762812e-12,3.746336574295128e-12
16,4.0,4.0,6,1,0.4,25,25,True,53,1.481918754375755e-12,2.8840541066443848e-12
16,4.0,4.0,6,3,0.4,25,25,True,55,1.505712221572253e-12,3.0832003616865222e-12
16,4.0,4.0,6,6,0.4,25,25,True,65,1.5226708782734022e-12,3.41232597733665e-12
16,4.0,8.0,1,1,0.4,25,25,True,54,1.3951895194708186e-12,2.8133328999757623e-12
16,4.0,8.0,1,3,0.4,25,25,True,58,1.5658030427800895e-12,3.360867140145274e-12
16,4.0,8.0,1,6,0.4,25,25,True,63,1.6198153929281034e-12,3.616884569623835e-12
16,4.0,8.0,3,1,0.4,25,25,True,55,1.5127066266273914e-12,3.0380697957355096e-12
16,4.0,8.0,3,3,0.4,25,25,True,62,1.608102540018308e-12,3.1546987244723823e-12
16,4.0,8.0,3,6,0.4,25,25,True,73,1.7189583090271299e-12,4.458988733802016e-12
16,4.0,8.0,6,1,0.4,25,25,True,54,1.4956924587750109e-12,3.021055627883129e-12
16,4.0,8.0,6,3,0.4,25,25,True,61,1.5792922525292852e-12,3.382627511427927e-12
16,4.0,8.0,6,6,0.4,25,25,True,77,1.680433570072637e-12,4.524824959162288e-12
16,4.0,16.0,1,1,0.4,25,25,True,56,1.5132339825640884e-12,3.148814542441869e-12
16,4.0,16.0,1,3,0.4,25,25,True,62,1.5526468999382814e-12,3.502753642692369e-12
16,4.0,16.0,1,6,0.4,25,25,True,67,1.6694423621288479e-12,4.02577970959328e-12
16,4.0,16.0,3,1,0.4,25,25,True,58,1.5648593532091581e-12,3.2630564916757976e-12
16,4.0,16.0,3,3,0.4,25,25,True,70,1.6883161535474756e-12,4.114708573865755e-12
16,4.0,16.0,3,6,0.4,25,25,True,83,1.8167689574966062e-12,5.140665670921862e-12
16,4.0,16.0,6,1,0.4,25,25,True,57,1.5036305534010808e-12,3.137601289893155e-12
16,4.0,16.0,6,3,0.4,25,25,True,74,1.7350565428841946e-12,4.571176770440388e-12
16,4.0,16.0,6,6,0.4,25,25,True,98,1.8103296639537803e-12,6.166067656465657e-12
16,8.0,4.0,1,1,0.4,25,25,True,53,1.4928683289561206e-12,2.9903649001461474e-12
16,8.0,4.0,1,3,0.4,25,25,True,55,1.5167311850916576e-12,2.9193869544030804e-12
16,8.0,4.0,1,6,0.4,25,25,True,56,1.5343837311831976e-12,3.0122571104129747e-12
16,8.0,4.0,3,1,0.4,25,25,True,53,1.4854714680545555e-12,2.9153970904083337e-12
16,8.0,4.0,3,3,0.4,25,25,True,55,1.5047130208500903e-12,2.9814761770552423e-12
16,8.0,4.0,3,6,0.4,25,25,True,59,1.5141776721350197e-12,3.2001623573307825e-12
16,8.0,4.0,6,1,0.4,25,25,True,53,1.4860127017790603e-12,2.8746310887228788e-12
16,8.0,4.0,6,3,0.4,25,25,True,54,1.4676038162519944e-12,2.960104383831208e-12
16,8.0,4.0,6,6,0.4,25,25,True,58,1.5319412405290223e-12,3.2315816689276744e-12
16,8.0,8.0,1,1,0.4,25,25,True,54,1.4682560722789617e-12,2.933098208757201e-12
16,8.0,8.0,1,3,0.4,25,25,True,56,1.5081269566508126e-12,3.088140854146104e-12
16,8.0,8.0,1,6,0.4,25,25,True,57,1.5013545962005992e-12,3.1343261319705107e-12
16,8.0,8.0,3,1,0.4,25,25,True,54,1.5019790966519508e-12,2.9100333254206134e-12
16,8.0,8.0,3,3,0.4,25,25,True,57,1.555144901743688e-12,3.130107284476935e-12
16,8.0,8.0,3,6,0.4,25,25,True,61,1.5754064719430971e-12,3.4955927041835366e-12
16,8.0,8.0,6,1,0.4,25,25,True,54,1.4680201498862289e-12,2.886441086147329e-12
16,8.0,8.0,6,3,0.4,25,25,True,57,1.4645507029342753e-12,3.0689895069713202e-12
16,8.0,8.0,6,6,0.4,25,25,True,63,1.6062706720276765e-12,3.6211034171174106e-12
16,8.0,16.0,1,1,0.4,25,25,True,55,1.503686064552312e-12,2.9993230121760917e-12
16,8.0,16.0,1,3,0.4,25,25,True,57,1.5489276528057871e-12,3.2333580257670747e-12
16,8.0,16.0,1,6,0.4,25,25,True,59,1.571298646751984e-12,3.2718272535703363e-12
16,8.0,16.0,3,1,0.4,25,25,True,56,1.5271117703719028e-12,3.1052382887253316e-12
16,8.0,16.0,3,3,0.4,25,25,True,61,1.594335774512956e-12,3.528621839166135e-12
16,8.0,16.0,3,6,0.4,25,25,True,65,1.6302514893595799e-12,3.5857983249343306e-12
16,8.0,16.0,6,1,0.4,25,25,True,56,1.483868583562753e-12,3.063549414150657e-12
16,8.0,16.0,6,3,0.4,25,25,True,63,1.5816792320322293e-12,3.586519969900337e-12
16,8.0,16.0,6,6,0.4,25,25,True,70,1.7033041643799152e-12,4.2521541843143495e-12
16,16.0,4.0,1,1,0.4,25,25,True,53,1.476083144602569e-12,2.9177285587600466e-12
16,16.0,4.0,1,3,0.4,25,25,True,54,1.4943601911454607e-12,2.9276026047853065e-12
16,16.0,4.0,1,6,0.4,25,25,True,55,1.4028223027651165e-12,2.8304580901306053e-12
16,16.0,4.0,3,1,0.4,25,25,True,53,1.4862763797474088e-12,2.888741329476474e-12
16,16.0,4.0,3,3,0.4,25,25,True,54,1.5108470030611443e-12,3.0098978864856463e-12
16,16.0,4.0,3,6,0.4,25,25,True,56,1.5328294189487224e-12,3.074762666699371e-12
16,16.0,4.0,6,1,0.4,25,25,True,53,1.4799481085070454e-12,2.8644933647292703e-12
16,16.0,4.0,6,3,0.4,25,25,True,54,1.4961920591360922e-12,2.9946323198970504e-12
16,16.0,4.0,6,6,0.4,25,25,True,56,1.443400954315166e-12,2.9719560146190815e-12
16,16.0,8.0,1,1,0.4,25,25,True,54,1.5039774980962761e-12,2.9125729605894435e-12
16,16.0,8.0,1,3,0.4,25,25,True,54,1.4941381465405357e-12,2.996825010370685e-12
16,16.0,8.0,1,6,0.4,25,25,True,55,1.4971912598582549e-12,3.066602527468376e-12
16,16.0,8.0,3,1,0.4,25,25,True,54,1.500327639902821e-12,2.9632685194513897e-12
16,16.0,8.0,3,3,0.4,25,25,True,55,1.5240586570541836e-12,3.108346913194282e-12
16,16.0,8.0,3,6,0.4,25,25,True,57,1.5142886944374823e-12,3.0875857426337916e-12
16,16.0,8.0,6,1,0.4,25,25,True,54,1.4639539580585392e-12,2.9308083737689117e-12
16,16.0,8.0,6,3,0.4,25,25,True,55,1.4797607583716399e-12,2.950306665638891e-12
16,16.0,8.0,6,6,0.4,25,25,True,58,1.5530354779969002e-12,3.208211474259315e-12
16,16.0,16.0,1,1,0.4,25,25,True,54,1.427913343121645e-12,2.884859018337238e-12
16,16.0,16.0,1,3,0.4,25,25,True,55,1.506905711323725e-12,3.0270785877917206e-12
16,16.0,16.0,1,6,0.4,25,25,True,56,1.5291101718162281e-12,3.075650845119071e-12
16,16.0,16.0,3,1,0.4,25,25,True,55,1.507349800533575e-12,3.0535574069290305e-12
16,16.0,16.0,3,3,0.4,25,25,True,57,1.5072942893823438e-12,3.1627478414009147e-12
16,16.0,16.0,3,6,0.4,25,25,True,59,1.5691892230051963e-12,3.3635316754043743e-12
16,16.0,16.0,6,1,0.4,25,25,True,55,1.4445666884910224e-12,2.869982029807261e-12
16,16.0,16.0,6,3,0.4,25,25,True,58,1.5401013797600172e-12,3.0897506775318107e-12
16,16.0,16.0,6,6,0.4,25,25,True,61,1.592170839614937e-12,3.4845459850885163e-12
17,4.0,4.0,1,1,0.4,25,25,True,53,1.4832319400470695e-12,2.9227262970943357e-12
17,4.0,4.0,1,3,0.4,25,25,True,56,1.5319412405290223e-12,3.168632023431428e-12
17,4.0,4.0,1,6,0.4,25,25,True,60,1.5842882561400984e-12,3.4286462557986397e-12
17,4.0,4.0,3,1,0.4,25,25,True,54,1.4534155129419801e-12,2.7394024548765827e-12
17,4.0,4.0,3,3,0.4,25,25,True,56,1.528444038001453e-12,3.1552815915603105e-12
17,4.0,4.0,3,6,0.4,25,25,True,65,1.6393553181615061e-12,3.659739178374366e-12
17,4.0,4.0,6,1,0.4,25,25,True,53,1.5127604030551467e-12,3.0302912956692296e-12
17,4.0,4.0,6,3,0.4,25,25,True,55,1.5155376953401856e-12,3.0969393716162585e-12
17,4.0,4.0,6,6,0.4,25,25,True,64,1.5557555244072319e-12,3.521516411808534e-12
17,4.0,8.0,1,1,0.4,25,25,True,54,1.4982043383682253e-12,3.036904061559653e-12
17,4.0,8.0,1,3,0.4,25,25,True,58,1.5483170301422433e-12,3.293920691760377e-12
17,4.0,8.0,1,6,0.4,25,25,True,63,1.613265077082815e-12,3.672950832367405e-12
17,4.0,8.0,3,1,0.4,25,25,True,54,1.4926532232450995e-12,2.962782796878116e-12
17,4.0,8.0,3,3,0.4,25,25,True,61,1.5468182290589993e-12,3.3821279110668456e-12
17,4.0,8.0,3,6,0.4,25,25,True,72,1.7181811529098923e-12,4.384936858059518e-12
17,4.0,8.0,6,1,0.4,25,25,True,54,1.5003415176906287e-12,3.010605653663845e-12
17,4.0,8.0,6,3,0.4,25,25,True,60,1.4997447728148927e-12,3.2605029787191597e-12
17,4.0,8.0,6,6,0.4,25,25,True,76,1.7454371281644399e-12,4.577616063983214e-12
17,4.0,16.0,1,1,0.4,25,25,True,56,1.5438206268925114e-12,3.1525337895743633e-12
17,4.0,16.0,1,3,0.4,25,25,True,62,1.6058265828178264e-12,3.554267991034976e-12
17,4.0,16.0,1,6,0.4,25,25,True,67,1.6645573808204972e-12,3.870126441540833e-12
17,4.0,16.0,3,1,0.4,25,25,True,58,1.5554224574998443e-12,3.3217872896784684e-12
17,4.0,16.0,3,3,0.4,25,25,True,69,1.6740497876810423e-12,4.026112776500668e-12
17,4.0,16.0,3,6,0.4,25,25,True,82,1.8067769502749798e-12,5.111244760769296e-12
17,4.0,16.0,6,1,0.4,25,25,True,57,1.547817429781162e-12,3.239908341612363e-12
17,4.0,16.0,6,3,0.4,25,25,True,73,1.7181811529098923e-12,4.449107748882852e-12
17,4.0,16.0,6,6,0.4,25,25,True,96,1.8849366512085908e-12,6.1957106112231486e-12
17,8.0,4.0,1,1,0.4,25,25,True,53,1.474511485133334e-12,2.815907229614112e-12
17,8.0,4.0,1,3,0.4,25,25,True,54,1.481925693269659e-12,2.985223179763352e-12
17,8.0,4.0,1,6,0.4,25,25,True,56,1.526279103103434e-12,3.1400437805473302e-12
17,8.0,4.0,3,1,0.4,25,25,True,53,1.4977342283062356e-12,3.0130880429579676e-12
17,8.0,4.0,3,3,0.4,25,25,True,55,1.486033518460772e-12,2.8707036747732673e-12
17,8.0,4.0,3,6,0.4,25,25,True,58,1.5497048089230248e-12,3.2231994850917545e-12
17,8.0,4.0,6,1,0.4,25,25,True,53,1.5068900988124412e-12,3.014390820288426e-12
17,8.0,4.0,6,3,0.4,25,25,True,54,1.509514735431594e-12,3.0105362647248057e-12
17,8.0,4.0,6,6,0.4,25,25,True,58,1.5105139361537567e-12,3.155253835984695e-12
17,8.0,8.0,1,1,0.4,25,25,True,54,1.426567197704287e-12,2.8392010964495284e-12
17,8.0,8.0,1,3,0.4,25,25,True,56,1.5271117703719028e-12,3.1044056214568627e-12
17,8.0,8.0,1,6,0.4,25,25,True,57,1.5337175973684225e-12,3.0838664955012973e-12
17,8.0,8.0,3,1,0.4,25,25,True,54,1.4326456687641098e-12,2.7731705820599473e-12
17,8.0,8.0,3,3,0.4,25,25,True,57,1.5232259897857148e-12,3.078592936134328e-12
17,8.0,8.0,3,6,0.4,25,25,True,61,1.5972778655282127e-12,3.4628411249570945e-12
17,8.0,8.0,6,1,0.4,25,25,True,54,1.4967471706484048e-12,2.9899138720423935e-12
17,8.0,8.0,6,3,0.4,25,25,True,57,1.538769112130467e-12,3.17446069431071e-12
17,8.0,8.0,6,6,0.4,25,25,True,63,1.5991652446700755e-12,3.253064484454171e-12
17,8.0,16.0,1,1,0.4,25,25,True,55,1.507793889743425e-12,2.9213298446961744e-12
17,8.0,16.0,1,3,0.4,25,25,True,57,1.5486500970496309e-12,3.1691316237925093e-12
17,8.0,16.0,1,6,0.4,25,25,True,59,1.5707435352396715e-12,3.3208991112587682e-12
17,8.0,16.0,3,1,0.4,25,25,True,56,1.4794276914642523e-12,3.0442315335221792e-12
17,8.0,16.0,3,3,0.4,25,25,True,61,1.5662471319899396e-12,3.2216451728572792e-12
17,8.0,16.0,3,6,0.4,25,25,True,65,1.6356915821802431e-12,3.820943561549939e-12
17,8.0,16.0,6,1,0.4,25,25,True,55,1.5128454045054696e-12,3.1076252682282757e-12
17,8.0,16.0,6,3,0.4,25,25,True,62,1.6158185900394528e-12,3.6662894942196544e-12
17,8.0,16.0,6,6,0.4,25,25,True,69,1.6855405959859127e-12,4.186206936651615e-12
17,16.0,4.0,1,1,0.4,25,25,True,53,1.469204966020321e-12,2.760161890713597e-12
17,16.0,4.0,1,3,0.4,25,25,True,54,1.49830148288288e-12,2.991579206579331e-12
17,16.0,4.0,1,6,0.4,25,25,True,55,1.4429013539540847e-12,2.865707671162454e-12
17,16.0,4.0,3,1,0.4,25,25,True,53,1.5210176868007963e-12,3.030322520691797e-12
17,16.0,4.0,3,3,0.4,25,25,True,54,1.4996059949368146e-12,3.0035973708208985e-12
17,16.0,4.0,3,6,0.4,25,25,True,56,1.5310530621093221e-12,3.0867530753653227e-12
17,16.0,4.0,6,1,0.4,25,25,True,53,1.5039740286493242e-12,3.0062705796973788e-12
17,16.0,4.0,6,3,0.4,25,25,True,54,1.482064471147737e-12,2.955469202703398e-12
17,16.0,4.0,6,6,0.4,25,25,True,56,1.3767320616864254e-12,2.7631230636870896e-12
17,16.0,8.0,1,1,0.4,25,25,True,54,1.4609979892554747e-12,2.8420182873745148e-12
17,16.0,8.0,1,3,0.4,25,25,True,54,1.4856449404021532e-12,2.946864974262553e-12
17,16.0,8.0,1,6,0.4,25,25,True,55,1.5190626534433704e-12,3.0461744238152733e-12
17,16.0,8.0,3,1,0.4,25,25,True,54,1.4871992526366284e-12,2.9130864387383326e-12
17,16.0,8.0,3,3,0.4,25,25,True,55,1.5080714454995814e-12,3.0825897390229784e-12
17,16.0,8.0,3,6,0.4,25,25,True,57,1.4834800055041342e-12,2.9666269441008808e-12
17,16.0,8.0,6,1,0.4,25,25,True,54,1.4369616607723401e-12,2.841837876133013e-12
17,16.0,8.0,6,3,0.4,25,25,True,55,1.5130674491103946e-12,3.0087043967341742e-12
17,16.0,8.0,6,6,0.4,25,25,True,58,1.517230785452739e-12,3.1280533718813786e-12
17,16.0,16.0,1,1,0.4,25,25,True,54,1.5021317523178368e-12,2.922107000813412e-12
17,16.0,16.0,1,3,0.4,25,25,True,55,1.5037970868547745e-12,3.0406788198433787e-12
17,16.0,16.0,1,6,0.4,25,25,True,56,1.4785950241957835e-12,2.9731772599461692e-12
17,16.0,16.0,3,1,0.4,25,25,True,55,1.4724332864091139e-12,2.9125590828016357e-12
17,16.0,16.0,3,3,0.4,25,25,True,57,1.4563905637032803e-12,2.970790280443225e-12
17,16.0,16.0,3,6,0.4,25,25,True,58,1.5344392423344289e-12,3.274158721922049e-12
17,16.0,16.0,6,1,0.4,25,25,True,54,1.5029644195863057e-12,3.046507490722661e-12
17,16.0,16.0,6,3,0.4,25,25,True,58,1.5486500970496309e-12,3.2321922915912182e-12
17,16.0,16.0,6,6,0.4,25,25,True,61,1.538991156735392e-12,3.3614222516575865e-12
18,4.0,4.0,1,1,0.4,25,25,True,53,1.4855269792057868e-12,2.719860794919704e-12
18,4.0,4.0,1,3,0.4,25,25,True,56,1.4550305404981145e-12,2.9872215812076774e-12
18,4.0,4.0,1,6,0.4,25,25,True,60,1.5676904219219523e-12,3.254063685176334e-12
18,4.0,4.0,3,1,0.4,25,25,True,54,1.368159058268148e-12,2.6569406397225492e-12
18,4.0,4.0,3,3,0.4,25,25,True,56,1.5159817845500356e-12,3.146344296212078e-12
18,4.0,4.0,3,6,0.4,25,25,True,64,1.5722978474741467e-12,3.6380898293941755e-12
18,4.0,4.0,6,1,0.4,25,25,True,53,1.4862677061300289e-12,2.783594535427092e-12
18,4.0,4.0,6,3,0.4,25,25,True,55,1.4948320359309264e-12,3.0380697957355096e-12
18,4.0,4.0,6,6,0.4,25,25,True,63,1.5945023079666498e-12,3.5312863744252354e-12
18,4.0,8.0,1,1,0.4,25,25,True,54,1.557767803639365e-12,3.1548930135016917e-12
18,4.0,8.0,1,3,0.4,25,25,True,58,1.5296652833285407e-12,3.1766811403599604e-12
18,4.0,8.0,1,6,0.4,25,25,True,63,1.5815126985785355e-12,3.566702488910778e-12
18,4.0,8.0,3,1,0.4,25,25,True,54,1.4916123891595134e-12,3.0092039970952555e-12
18,4.0,8.0,3,3,0.4,25,25,True,60,1.5816792320322293e-12,3.4531266734916244e-12
18,4.0,8.0,3,6,0.4,25,25,True,71,1.7136847496601604e-12,4.309885781594858e-12
18,4.0,8.0,6,1,0.4,25,25,True,54,1.441832764292883e-12,2.8936714135952e-12
18,4.0,8.0,6,3,0.4,25,25,True,59,1.5722978474741467e-12,3.3300029400606945e-12
18,4.0,8.0,6,6,0.4,25,25,True,74,1.7349455205817321e-12,4.489741911584133e-12
18,4.0,16.0,1,1,0.4,25,25,True,56,1.5307755063531658e-12,3.0380697957355096e-12
18,4.0,16.0,1,3,0.4,25,25,True,61,1.6043832928858137e-12,3.547162563677375e-12
18,4.0,16.0,1,6,0.4,25,25,True,66,1.6430190541427692e-12,3.905098466816526e-12
18,4.0,16.0,3,1,0.4,25,25,True,57,1.5409895581797173e-12,3.2507885272536896e-12
18,4.0,16.0,3,3,0.4,25,25,True,68,1.6819878823071122e-12,4.029776512481931e-12
18,4.0,16.0,3,6,0.4,25,25,True,81,1.7744694602583877e-12,4.7798431879186865e-12
18,4.0,16.0,6,1,0.4,25,25,True,56,1.4747647547608267e-12,3.0720981314402707e-12
18,4.0,16.0,6,3,0.4,25,25,True,71,1.711242259005985e-12,4.291289545932386e-12
18,4.0,16.0,6,6,0.4,25,25,True,95,1.84385839929746e-12,6.080691505871982e-12
18,8.0,4.0,1,1,0.4,25,25,True,53,1.480345360183044e-12,2.8659661449603746e-12
18,8.0,4.0,1,3,0.4,25,25,True,54,1.5126788710517758e-12,2.959743561348205e-12
18,8.0,4.0,1,6,0.4,25,25,True,56,1.5147327836473323e-12,3.1308289294429414e-12
18,8.0,4.0,3,1,0.4,25,25,True,53,1.4877370169141813e-12,2.8043990740744817e-12
18,8.0,4.0,3,3,0.4,25,25,True,55,1.505934266177178e-12,2.9637403642368554e-12
18,8.0,4.0,3,6,0.4,25,25,True,58,1.55081503194765e-12,3.2664426719009043e-12
18,8.0,4.0,6,1,0.4,25,25,True,53,1.4799463737835694e-12,2.7730144569471094e-12
18,8.0,4.0,6,3,0.4,25,25,True,54,1.5096535133096722e-12,3.0093705305489493e-12
18,8.0,4.0,6,6,0.4,25,25,True,58,1.5478729409323932e-12,3.157418770882714e-12
18,8.0,8.0,1,1,0.4,25,25,True,54,1.3942319521120794e-12,2.7606666952451064e-12
18,8.0,8.0,1,3,0.4,25,25,True,55,1.5030754418887682e-12,3.096467526830793e-12
18,8.0,8.0,1,6,0.4,25,25,True,57,1.5383805340718482e-12,3.2428504326276197e-12
18,8.0,8.0,3,1,0.4,25,25,True,54,1.4999113062685865e-12,2.9879015928102604e-12
18,8.0,8.0,3,3,0.4,25,25,True,57,1.5026868638301494e-12,3.014477556462225e-12
18,8.0,8.0,3,6,0.4,25,25,True,61,1.5578094370027884e-12,3.3437697055660465e-12
18,8.0,8.0,6,1,0.4,25,25,True,54,1.4857698404924236e-12,2.9766883402615463e-12
18,8.0,8.0,6,3,0.4,25,25,True,56,1.5085710458606627e-12,3.011202398539581e-12
18,8.0,8.0,6,6,0.4,25,25,True,62,1.5559220578609256e-12,3.4876546095574668e-12
18,8.0,16.0,1,1,0.4,25,25,True,55,1.4288015215413452e-12,2.768563156507753e-12
18,8.0,16.0,1,3,0.4,25,25,True,57,1.523725590146796e-12,3.1459279625778436e-12
18,8.0,16.0,1,6,0.4,25,25,True,58,1.5700774014248964e-12,3.3220093342833934e-12
18,8.0,16.0,3,1,0.4,25,25,True,55,1.5330514635536474e-12,3.148592497836944e-12
18,8.0,16.0,3,3,0.4,25,25,True,60,1.5921153284637057e-12,3.50058870779435e-12
18,8.0,16.0,3,6,0.4,25,25,True,64,1.6187051699034782e-12,3.751665644813329e-12
18,8.0,16.0,6,1,0.4,25,25,True,55,1.510791491909913e-12,2.9676816559742747e-12
18,8.0,16.0,6,3,0.4,25,25,True,62,1.5865087021893487e-12,3.5257352593021096e-12
18,8.0,16.0,6,6,0.4,25,25,True,69,1.670108495943623e-12,4.028555267154843e-12
18,16.0,4.0,1,1,0.4,25,25,True,53,1.4770927536655876e-12,2.814859456634622e-12
18,16.0,4.0,1,3,0.4,25,25,True,54,1.5011047960200585e-12,2.9704017023846063e-12
18,16.0,4.0,1,6,0.4,25,25,True,55,1.5044077095183184e-12,3.0564994979442872e-12
18,16.0,4.0,3,1,0.4,25,25,True,53,1.480647202067864e-12,2.7833898380569266e-12
18,16.0,4.0,3,3,0.4,25,25,True,54,1.5084600235582002e-12,3.0194735600730382e-12
18,16.0,4.0,3,6,0.4,25,25,True,56,1.5309975509580909e-12,3.14664960754385e-12
18,16.0,4.0,6,1,0.4,25,25,True,53,1.4767059103304447e-12,2.767588241914254e-12
18,16.0,4.0,6,3,0.4,25,25,True,54,1.4846734952556062e-12,2.9381497235192455e-12
18,16.0,4.0,6,6,0.4,25,25,True,56,1.4942491688429982e-12,3.0272451212454143e-12
18,16.0,8.0,1,1,0.4,25,25,True,54,1.4299117445659704e-12,2.7905733279709466e-12
18,16.0,8.0,1,3,0.4,25,25,True,54,1.4463430453304227e-12,2.8701485632609547e-12
18,16.0,8.0,1,6,0.4,25,25,True,55,1.5173973189064327e-12,3.08442160701361e-12
18,16.0,8.0,3,1,0.4,25,25,True,54,1.4606371667724716e-12,2.853300928862268e-12
18,16.0,8.0,3,3,0.4,25,25,True,55,1.5011880627469054e-12,3.0518365612408616e-12
18,16.0,8.0,3,6,0.4,25,25,True,57,1.5304424394457783e-12,3.0822011609643596e-12
18,16.0,8.0,6,1,0.4,25,25,True,54,1.5042966872158559e-12,2.9094920916961087e-12
18,16.0,8.0,6,3,0.4,25,25,True,55,1.508626557011894e-12,3.0567215425492122e-12
18,16.0,8.0,6,6,0.4,25,25,True,57,1.521116566038927e-12,3.205213872092827e-12
18,16.0,16.0,1,1,0.4,25,25,True,54,1.4775958234736208e-12,2.970734769291994e-12
18,16.0,16.0,1,3,0.4,25,25,True,55,1.5136225606227072e-12,3.0994096178460495e-12
18,16.0,16.0,1,6,0.4,25,25,True,56,1.5080159343483501e-12,3.0480062918059048e-12
18,16.0,16.0,3,1,0.4,25,25,True,54,1.4957479699262421e-12,3.0319635691000713e-12
18,16.0,16.0,3,3,0.4,25,25,True,57,1.5172862966039702e-12,3.0063729283824614e-12
18,16.0,16.0,3,6,0.4,25,25,True,58,1.5238921236004899e-12,3.1762370511501103e-12
18,16.0,16.0,6,1,0.4,25,25,True,54,1.501299085049368e-12,3.04867242562068e-12
18,16.0,16.0,6,3,0.4,25,25,True,57,1.5533130337530565e-12,3.209543741888865e-12
18,16.0,16.0,6,6,0.4,25,25,True,60,1.47226675295542e-12,3.222644373579442e-12
19,4.0,4.0,1,1,0.4,25,25,True,53,1.4912081985896108e-12,2.5287202887191995e-12
19,4.0,4.0,1,3,0.4,25,25,True,56,1.506822444596878e-12,3.0967173270113335e-12
19,4.0,4.0,1,6,0.4,25,25,True,60,1.5553114351973818e-12,3.3823499556717707e-12
19,4.0,4.0,3,1,0.4,25,25,True,54,1.4172725493200033e-12,2.354855893615948e-12
19,4.0,4.0,3,3,0.4,25,25,True,56,1.483119183021131e-12,2.95247160053691e-12
19,4.0,4.0,3,6,0.4,25,25,True,64,1.5938361741518747e-12,3.647748769708414e-12
19,4.0,4.0,6,1,0.4,25,25,True,53,1.4926341412868638e-12,2.4252926056345103e-12
19,4.0,4.0,6,3,0.4,25,25,True,55,1.440181307543753e-12,2.9146685065484235e-12
19,4.0,4.0,6,6,0.4,25,25,True,63,1.5962231536548188e-12,3.527733660746435e-12
19,4.0,8.0,1,1,0.4,25,25,True,54,1.5180079415699765e-12,3.0577484988469905e-12
19,4.0,8.0,1,3,0.4,25,25,True,58,1.5489276528057871e-12,3.2848168629584507e-12
19,4.0,8.0,1,6,0.4,25,25,True,63,1.6044943151882762e-12,3.5724756486388287e-12
19,4.0,8.0,3,1,0.4,25,25,True,54,1.455974230069046e-12,2.882555305561141e-12
19,4.0,8.0,3,3,0.4,25,25,True,60,1.5748513604307846e-12,3.2244762415700734e-12
19,4.0,8.0,3,6,0.4,25,25,True,71,1.6979195827104832e-12,4.213518423057394e-12
19,4.0,8.0,6,1,0.4,25,25,True,54,1.4979684159754925e-12,2.902289519823853e-12
19,4.0,8.0,6,3,0.4,25,25,True,59,1.5474843628737744e-12,3.2392977189488192e-12
19,4.0,8.0,6,6,0.4,25,25,True,73,1.7237877791842493e-12,4.331979219784898e-12
19,4.0,16.0,1,1,0.4,25,25,True,56,1.5338841308221163e-12,3.187172747942668e-12
19,4.0,16.0,1,3,0.4,25,25,True,61,1.5903389716243055e-12,3.53722606760698e-12
19,4.0,16.0,1,6,0.4,25,25,True,66,1.656119685833346e-12,3.834266237845441e-12
19,4.0,16.0,3,1,0.4,25,25,True,57,1.5505929873427249e-12,3.2692737406136985e-12
19,4.0,16.0,3,3,0.4,25,25,True,67,1.6191492591133283e-12,3.940792137058224e-12
19,4.0,16.0,3,6,0.4,25,25,True,80,1.7061907442439406e-12,4.815925436219004e-12
19,4.0,16.0,6,1,0.4,25,25,True,56,1.5092371796754378e-12,3.096300993377099e-12
19,4.0,16.0,6,3,0.4,25,25,True,70,1.6460721674604883e-12,4.1115444382455735e-12
19,4.0,16.0,6,6,0.4,25,25,True,93,1.8811618929248652e-12,6.045164369083977e-12
19,8.0,4.0,1,1,0.4,25,25,True,53,1.488210596423123e-12,2.4724753494576035e-12
19,8.0,4.0,1,3,0.4,25,25,True,54,1.48903112062726e-12,3.015310223730694e-12
19,8.0,4.0,1,6,0.4,25,25,True,56,1.5362155991738291e-12,3.186895192186512e-12
19,8.0,4.0,3,1,0.4,25,25,True,53,1.4935292586004678e-12,2.4374668949889156e-12
19,8.0,4.0,3,3,0.4,25,25,True,55,1.5016321519567555e-12,3.0395130856675223e-12
19,8.0,4.0,3,6,0.4,25,25,True,58,1.548261518991012e-12,3.302746964806147e-12
19,8.0,4.0,6,1,0.4,25,25,True,53,1.488422232687192e-12,2.4186208591459035e-12
19,8.0,4.0,6,3,0.4,25,25,True,54,1.501437862927446e-12,2.9810875989966235e-12
19,8.0,4.0,6,6,0.4,25,25,True,58,1.5498713423767185e-12,3.2009950245992513e-12
19,8.0,8.0,1,1,0.4,25,25,True,54,1.3728185255246217e-12,2.694428014038408e-12
19,8.0,8.0,1,3,0.4,25,25,True,55,1.520061854165533e-12,3.0645486148728196e-12
19,8.0,8.0,1,6,0.4,25,25,True,57,1.529498749874847e-12,3.2251978865360797e-12
19,8.0,8.0,3,1,0.4,25,25,True,54,1.5048656765159762e-12,2.9919955402135656e-12
19,8.0,8.0,3,3,0.4,25,25,True,57,1.5304424394457783e-12,3.1986635562475385e-12
19,8.0,8.0,3,6,0.4,25,25,True,61,1.558364548515101e-12,3.1770697184185792e-12
19,8.0,8.0,6,1,0.4,25,25,True,54,1.4684364835204633e-12,2.9146685065484235e-12
19,8.0,8.0,6,3,0.4,25,25,True,56,1.5217271887024708e-12,3.149258631651719e-12
19,8.0,8.0,6,6,0.4,25,25,True,62,1.425304319013776e-12,3.1267211042518284e-12
19,8.0,16.0,1,1,0.4,25,25,True,55,1.490529921710504e-12,2.9799496203963827e-12
19,8.0,16.0,1,3,0.4,25,25,True,57,1.5384360452230794e-12,3.230193890146893e-12
19,8.0,16.0,1,6,0.4,25,25,True,58,1.5416556919944924e-12,3.256506175830509e-12
19,8.0,16.0,3,1,0.4,25,25,True,55,1.519395720350758e-12,3.12810888303261e-12
19,8.0,16.0,3,3,0.4,25,25,True,60,1.5683010445854961e-12,3.220312905227729e-12
19,8.0,16.0,3,6,0.4,25,25,True,64,1.624256285026604e-12,3.5413894039493243e-12
19,8.0,16.0,6,1,0.4,25,25,True,55,1.4749867993657517e-12,2.984723579402271e-12
19,8.0,16.0,6,3,0.4,25,25,True,61,1.5965007094109751e-12,3.5301761514006103e-12
19,8.0,16.0,6,6,0.4,25,25,True,68,1.6573409311604337e-12,3.998468223187501e-12
19,16.0,4.0,1,1,0.4,25,25,True,53,1.4862503588952691e-12,2.442679739034226e-12
19,16.0,4.0,1,3,0.4,25,25,True,54,1.474598221307133e-12,2.9223568009939527e-12
19,16.0,4.0,1,6,0.4,25,25,True,55,1.509292690826669e-12,3.025912853615864e-12
19,16.0,4.0,3,1,0.4,25,25,True,53,1.4888264232570947e-12,2.4246975954822503e-12
19,16.0,4.0,3,3,0.4,25,25,True,54,1.4702128403598635e-12,2.944172683427837e-12
19,16.0,4.0,3,6,0.4,25,25,True,56,1.4866441411243159e-12,2.9317104299764196e-12
19,16.0,4.0,6,1,0.4,25,25,True,53,1.4862208685961775e-12,2.4151809024930415e-12
19,16.0,4.0,6,3,0.4,25,25,True,54,1.4932499681208355e-12,2.9969360326731476e-12
19,16.0,4.0,6,6,0.4,25,25,True,55,1.496802681799636e-12,3.0610514123452504e-12
19,16.0,8.0,1,1,0.4,25,25,True,54,1.4723083863188435e-12,2.827404976812886e-12
19,16.0,8.0,1,3,0.4,25,25,True,54,1.4842571616213718e-12,2.9392044353926394e-12
19,16.0,8.0,1,6,0.4,25,25,True,55,1.5185075419310579e-12,3.091749078976136e-12
19,16.0,8.0,3,1,0.4,25,25,True,54,1.487004963607319e-12,2.939024024151138e-12
19,16.0,8.0,3,3,0.4,25,25,True,55,1.425304319013776e-12,2.902122986370159e-12
19,16.0,8.0,3,6,0.4,25,25,True,57,1.5063505998114124e-12,3.026745520884333e-12
19,16.0,8.0,6,1,0.4,25,25,True,53,1.4875461973318238e-12,2.9490021535849564e-12
19,16.0,8.0,6,3,0.4,25,25,True,55,1.5011880627469054e-12,3.010369731271112e-12
19,16.0,8.0,6,6,0.4,25,25,True,57,1.4442891327348661e-12,3.0061508837775364e-12
19,16.0,16.0,1,1,0.4,25,25,True,54,1.4381273949481965e-12,2.8899660442505137e-12
19,16.0,16.0,1,3,0.4,25,25,True,55,1.5145107390424073e-12,3.0954683261086302e-12
19,16.0,16.0,1,6,0.4,25,25,True,56,1.464495191783044e-12,2.982836200260408e-12
19,16.0,16.0,3,1,0.4,25,25,True,54,1.5231704786344835e-12,3.1887270601771434e-12
19,16.0,16.0,3,3,0.4,25,25,True,57,1.545652494883143e-12,2.926214826004525e-12
19,16.0,16.0,3,6,0.4,25,25,True,58,1.5668577546534834e-12,3.1205038553139275e-12
19,16.0,16.0,6,1,0.4,25,25,True,54,1.4837575612602905e-12,2.9909408283401717e-12
19,16.0,16.0,6,3,0.4,25,25,True,57,1.5484280524447058e-12,3.124056568992728e-12
19,16.0,16.0,6,6,0.4,25,25,True,60,1.5729639812889218e-12,3.444244889294623e-12
20,4.0,4.0,1,1,0.4,25,25,True,53,1.4988106242230792e-12,2.103614157866751e-12
20,4.0,4.0,1,3,0.4,25,25,True,55,1.5260293029228933e-12,3.0889180102633418e-12
20,4.0,4.0,1,6,0.4,25,25,True,60,1.5483725412934746e-12,3.336109166696133e-12
20,4.0,4.0,3,1,0.4,25,25,True,54,1.4515706345252788e-12,2.2349179798486496e-12
20,4.0,4.0,3,3,0.4,25,25,True,56,1.4844236950750656e-12,2.9321545191862697e-12
20,4.0,4.0,3,6,0.4,25,25,True,64,1.6244228184802978e-12,3.717082197596255e-12
20,4.0,4.0,6,1,0.4,25,25,True,54,1.4579717641516332e-12,2.217169156604193e-12
20,4.0,4.0,6,3,0.4,25,25,True,55,1.5056844659966373e-12,3.017308625175019e-12
20,4.0,4.0,6,6,0.4,25,25,True,62,1.500022328571049e-12,3.225475442292236e-12
20,4.0,8.0,1,1,0.4,25,25,True,54,1.4805101589132619e-12,2.9557190028839386e-12
20,4.0,8.0,1,3,0.4,25,25,True,58,1.5083490012557377e-12,3.1594171723270392e-12
20,4.0,8.0,1,6,0.4,25,25,True,62,1.6162626792493029e-12,3.518296765037121e-12
20,4.0,8.0,3,1,0.4,25,25,True,54,1.50293666401069e-12,2.867359127911584e-12
20,4.0,8.0,3,3,0.4,25,25,True,60,1.560307438808195e-12,3.1667446442895653e-12
20,4.0,8.0,3,6,0.4,25,25,True,70,1.675048988403205e-12,4.160671807085237e-12
20,4.0,8.0,6,1,0.4,25,25,True,54,1.4729883979214264e-12,2.9472951856845953e-12
20,4.0,8.0,6,3,0.4,25,25,True,58,1.5565881916757007e-12,3.304911899704166e-12
20,4.0,8.0,6,6,0.4,25,25,True,72,1.7081336345370346e-12,4.2131853561500066e-12
20,4.0,16.0,1,1,0.4,25,25,True,56,1.4704348849647886e-12,2.9898306053155466e-12
20,4.0,16.0,1,3,0.4,25,25,True,61,1.594335774512956e-12,3.495870259939693e-12
20,4.0,16.0,1,6,0.4,25,25,True,66,1.6425749649329191e-12,3.852362873146831e-12
20,4.0,16.0,3,1,0.4,25,25,True,57,1.5436540934388177e-12,3.0798141814614155e-12
20,4.0,16.0,3,3,0.4,25,25,True,67,1.6660561819037412e-12,4.000910713841677e-12
20,4.0,16.0,3,6,0.4,25,25,True,79,1.7492673975993966e-12,4.919620266718994e-12
20,4.0,16.0,6,1,0.4,25,25,True,56,1.5271117703719028e-12,3.122335723304559e-12
20,4.0,16.0,6,3,0.4,25,25,True,69,1.6868173524642316e-12,3.979483409466411e-12
20,4.0,16.0,6,6,0.4,25,25,True,91,1.8663959266973507e-12,5.9426907839110754e-12
20,8.0,4.0,1,1,0.4,25,25,True,53,1.4971157993870499e-12,2.3120593981018622e-12
20,8.0,4.0,1,3,0.4,25,25,True,54,1.4592771435673058e-12,2.93989832478303e-12
20,8.0,4.0,1,6,0.4,25,25,True,56,1.4861445407632345e-12,3.0799807149151093e-12
20,8.0,4.0,3,1,0.4,25,25,True,54,1.4535881179278398e-12,2.2229535920348376e-12
20,8.0,4.0,3,3,0.4,25,25,True,55,1.4872825193634753e-12,2.953082223200454e-12
20,8.0,4.0,3,6,0.4,25,25,True,58,1.522615367122171e-12,3.2193692156567977e-12
20,8.0,4.0,6,1,0.4,25,25,True,53,1.4975451434473541e-12,2.2731434790035365e-12
20,8.0,4.0,6,3,0.4,25,25,True,54,1.4775680678980052e-12,2.9728441930387817e-12
20,8.0,4.0,6,6,0.4,25,25,True,57,1.5067391778700312e-12,3.0180857812922568e-12
20,8.0,8.0,1,1,0.4,25,25,True,54,1.352307155144672e-12,2.638417262446069e-12
20,8.0,8.0,1,3,0.4,25,25,True,55,1.5220047444586271e-12,3.1243896359001155e-12
20,8.0,8.0,1,6,0.4,25,25,True,57,1.538325022920617e-12,3.232802914254762e-12
20,8.0,8.0,3,1,0.4,25,25,True,54,1.5084600235582002e-12,3.020028671585351e-12
20,8.0,8.0,3,3,0.4,25,25,True,56,1.54287693732158e-12,3.1437075165285933e-12
20,8.0,8.0,3,6,0.4,25,25,True,60,1.5523693441821251e-12,3.425038030968608e-12
20,8.0,8.0,6,1,0.4,25,25,True,54,1.462330256885025e-12,2.880307103936275e-12
20,8.0,8.0,6,3,0.4,25,25,True,56,1.4968581929508673e-12,2.9741209495171006e-12
20,8.0,8.0,6,6,0.4,25,25,True,61,1.563749130184533e-12,3.478883847662928e-12
20,8.0,16.0,1,1,0.4,25,25,True,54,1.513567049471476e-12,3.064604126024051e-12
20,8.0,16.0,1,3,0.4,25,25,True,57,1.5398238240038609e-12,3.1711300252368346e-12
20,8.0,16.0,1,6,0.4,25,25,True,58,1.5651924201165457e-12,3.1999958238770887e-12
20,8.0,16.0,3,1,0.4,25,25,True,55,1.4808154702450338e-12,3.0287994334798896e-12
20,8.0,16.0,3,3,0.4,25,25,True,60,1.5769607841775724e-12,3.240352430822213e-12
20,8.0,16.0,3,6,0.4,25,25,True,64,1.6214807274650411e-12,3.674505144601881e-12
20,8.0,16.0,6,1,0.4,25,25,True,55,1.5145107390424073e-12,3.0464519795714295e-12
20,8.0,16.0,6,3,0.4,25,25,True,61,1.597999510494219e-12,3.440303597557204e-12
20,8.0,16.0,6,6,0.4,25,25,True,68,1.5735190928012344e-12,3.8338221486355906e-12
20,16.0,4.0,1,1,0.4,25,25,True,53,1.4959596061903113e-12,2.2907769431368408e-12
20,16.0,4.0,1,3,0.4,25,25,True,54,1.4506451595508452e-12,2.879169125336034e-12
20,16.0,4.0,1,6,0.4,25,25,True,55,1.5106249584562192e-12,3.043565399707404e-12
20,16.0,4.0,3,1,0.4,25,25,True,53,1.4977932089044188e-12,2.2774733487995746e-12
20,16.0,4.0,3,3,0.4,25,25,True,54,1.478178690561549e-12,2.9205526885789368e-12
20,16.0,4.0,3,6,0.4,25,25,True,55,1.5225043448197084e-12,3.0595526112620064e-12
20,16.0,4.0,6,1,0.4,25,25,True,53,1.4960793021101537e-12,2.270862317632627e-12
20,16.0,4.0,6,3,0.4,25,25,True,54,1.4932499681208355e-12,2.9757862840540383e-12
20,16.0,4.0,6,6,0.4,25,25,True,55,1.5143442055887135e-12,3.106181978296263e-12
20,16.0,8.0,1,1,0.4,25,25,True,54,1.4295786776585828e-12,2.818453803676846e-12
20,16.0,8.0,1,3,0.4,25,25,True,54,1.502187263469068e-12,2.9911073617938655e-12
20,16.0,8.0,1,6,0.4,25,25,True,55,1.4948042803553108e-12,3.0335733924857777e-12
20,16.0,8.0,3,1,0.4,25,25,True,54,1.4566958750350523e-12,2.9133778722822967e-12
20,16.0,8.0,3,3,0.4,25,25,True,55,1.481703648664734e-12,2.8964053377933396e-12
20,16.0,8.0,3,6,0.4,25,25,True,57,1.5429879596240426e-12,3.20887760807409e-12
20,16.0,8.0,6,1,0.4,25,25,True,53,1.5041579093377777e-12,2.988748137866537e-12
20,16.0,8.0,6,3,0.4,25,25,True,55,1.4751533328194455e-12,2.8797519924239623e-12
20,16.0,8.0,6,6,0.4,25,25,True,57,1.5496492977717935e-12,3.0062063949287676e-12
20,16.0,16.0,1,1,0.4,25,25,True,54,1.4035994588823542e-12,2.81874523722081e-12
20,16.0,16.0,1,3,0.4,25,25,True,55,1.5171752743015077e-12,3.057110120607831e-12
20,16.0,16.0,1,6,0.4,25,25,True,56,1.528666082606378e-12,3.053668429231493e-12
20,16.0,16.0,3,1,0.4,25,25,True,54,1.500327639902821e-12,3.0265789874306392e-12
20,16.0,16.0,3,3,0.4,25,25,True,56,1.4961920591360922e-12,3.0819791163594346e-12
20,16.0,16.0,3,6,0.4,25,25,True,58,1.5500933869816436e-12,3.311795282456842e-12
20,16.0,16.0,6,1,0.4,25,25,True,54,1.5044077095183184e-12,3.015893090818622e-12
20,16.0,16.0,6,3,0.4,25,25,True,57,1.5273893261280591e-12,3.1793456756190608e-12
20,16.0,16.0,6,6,0.4,25,25,True,60,1.5256684804398901e-12,3.208655563469165e-12
21,4.0,4.0,1,1,0.4,25,25,True,54,1.4026505651409948e-12,1.858005069244051e-12
21,4.0,4.0,1,3,0.4,25,25,True,55,1.4837575612602905e-12,3.0107583093297308e-12
21,4.0,4.0,1,6,0.4,25,25,True,59,1.5731305147426156e-12,3.3928970744057096e-12
21,4.0,4.0,3,1,0.4,25,25,True,54,1.4460108457847731e-12,1.8653750419317383e-12
21,4.0,4.0,3,3,0.4,25,25,True,56,1.5182299861749016e-12,2.8444469002408823e-12
21,4.0,4.0,3,6,0.4,25,25,True,63,1.5543677456264504e-12,3.506195334068707e-12
21,4.0,4.0,6,1,0.4,25,25,True,54,1.4462866668174534e-12,1.8611640006938046e-12
21,4.0,4.0,6,3,0.4,25,25,True,55,1.5092371796754378e-12,3.01095259835904e-12
21,4.0,4.0,6,6,0.4,25,25,True,62,1.5991097335188442e-12,3.4551250749359497e-12
21,4.0,8.0,1,1,0.4,25,25,True,54,1.4948875470821577e-12,2.91132395968674e-12
21,4.0,8.0,1,3,0.4,25,25,True,57,1.5514256546111937e-12,3.2500668822876833e-12
21,4.0,8.0,1,6,0.4,25,25,True,62,1.5972778655282127e-12,3.6038949602357206e-12
21,4.0,8.0,3,1,0.4,25,25,True,54,1.5161344402159216e-12,3.0173641363262504e-12
21,4.0,8.0,3,3,0.4,25,25,True,59,1.5684120668879586e-12,3.3625324746822116e-12
21,4.0,8.0,3,6,0.4,25,25,True,70,1.6842083283563625e-12,4.032163491984875e-12
21,4.0,8.0,6,1,0.4,25,25,True,54,1.5061840663577186e-12,2.9555802250058605e-12
21,4.0,8.0,6,3,0.4,25,25,True,58,1.554700812533838e-12,3.2907565561401952e-12
21,4.0,8.0,6,6,0.4,25,25,True,71,1.6781576128721554e-12,4.214517623779557e-12
21,4.0,16.0,1,1,0.4,25,25,True,55,1.5241696793566462e-12,3.113509450258789e-12
21,4.0,16.0,1,3,0.4,25,25,True,60,1.531219595563016e-12,3.3857361358968774e-12
21,4.0,16.0,1,6,0.4,25,25,True,66,1.6440182548649318e-12,3.8120617773529375e-12
21,4.0,16.0,3,1,0.4,25,25,True,56,1.4524770275414767e-12,3.038347351491666e-12
21,4.0,16.0,3,3,0.4,25,25,True,66,1.655453552018571e-12,3.867073328223114e-12
21,4.0,16.0,3,6,0.4,25,25,True,79,1.780353642288901e-12,4.725331237409591e-12
21,4.0,16.0,6,1,0.4,25,25,True,55,1.5068779557481093e-12,3.0696556407860953e-12
21,4.0,16.0,6,3,0.4,25,25,True,68,1.638689184346731e-12,3.872291376438852e-12
21,4.0,16.0,6,6,0.4,25,25,True,90,1.7844614674800141e-12,5.563438598699122e-12
21,8.0,4.0,1,1,0.4,25,25,True,54,1.4826612160234731e-12,1.8585428335216037e-12
21,8.0,4.0,1,3,0.4,25,25,True,54,1.5096812688852879e-12,2.9820590441431705e-12
21,8.0,4.0,1,6,0.4,25,25,True,56,1.516620162789195e-12,3.0601632339255502e-12
21,8.0,4.0,3,1,0.4,25,25,True,54,1.4429421199557702e-12,1.862111159711688e-12
21,8.0,4.0,3,3,0.4,25,25,True,54,1.491196055525279e-12,3.023914452171539e-12
21,8.0,4.0,3,6,0.4,25,25,True,58,1.537048266442298e-12,3.2578939546112906e-12
21,8.0,4.0,6,1,0.4,25,25,True,54,1.4458200262024157e-12,1.8599002546415555e-12
21,8.0,4.0,6,3,0.4,25,25,True,54,1.502187263469068e-12,2.9697355685698312e-12
21,8.0,4.0,6,6,0.4,25,25,True,57,1.5160650512768825e-12,3.1663560662309465e-12
21,8.0,8.0,1,1,0.4,25,25,True,54,1.490821355254468e-12,2.8454044675996215e-12
21,8.0,8.0,1,3,0.4,25,25,True,55,1.5263346142546652e-12,3.072209153742733e-12
21,8.0,8.0,1,6,0.4,25,25,True,57,1.4948042803553108e-12,3.134159598516817e-12
21,8.0,8.0,3,1,0.4,25,25,True,54,1.4679646387349976e-12,2.873701276939755e-12
21,8.0,8.0,3,3,0.4,25,25,True,56,1.4256928970723948e-12,2.8882451985623447e-12
21,8.0,8.0,3,6,0.4,25,25,True,60,1.5791257190755914e-12,3.298861184219959e-12
21,8.0,8.0,6,1,0.4,25,25,True,54,1.5016876631079867e-12,2.971234369653075e-12
21,8.0,8.0,6,3,0.4,25,25,True,56,1.51595402897442e-12,3.1034619318859313e-12
21,8.0,8.0,6,6,0.4,25,25,True,61,1.5700774014248964e-12,3.406719351062293e-12
21,8.0,16.0,1,1,0.4,25,25,True,54,1.470545907267251e-12,2.9750091279368007e-12
21,8.0,16.0,1,3,0.4,25,25,True,57,1.496580637194711e-12,3.0970781494943367e-12
21,8.0,16.0,1,6,0.4,25,25,True,58,1.5362155991738291e-12,3.2899238888717264e-12
21,8.0,16.0,3,1,0.4,25,25,True,55,1.5168699629697358e-12,3.063688192028735e-12
21,8.0,16.0,3,3,0.4,25,25,True,59,1.5060730440552561e-12,3.228250999853799e-12
21,8.0,16.0,3,6,0.4,25,25,True,63,1.5976109324356003e-12,3.6204372833026355e-12
21,8.0,16.0,6,1,0.4,25,25,True,54,1.484312672772603e-12,3.011701998900662e-12
21,8.0,16.0,6,3,0.4,25,25,True,60,1.5881740367262864e-12,3.4873770538013105e-12
21,8.0,16.0,6,6,0.4,25,25,True,67,1.7621459846850485e-12,3.8790082257378344e-12
21,16.0,4.0,1,1,0.4,25,25,True,54,1.4453108848622165e-12,1.85865212110059e-12
21,16.0,4.0,1,3,0.4,25,25,True,54,1.4294676553561203e-12,2.840366830625385e-12
21,16.0,4.0,1,6,0.4,25,25,True,55,1.4920287227937479e-12,2.9965474546145288e-12
21,16.0,4.0,3,1,0.4,25,25,True,54,1.4441711715384997e-12,1.8604024570878508e-12
21,16.0,4.0,3,3,0.4,25,25,True,54,1.4453716001838757e-12,2.859434911073322e-12
21,16.0,4.0,3,6,0.4,25,25,True,55,1.5251133689275775e-12,3.0218605395759823e-12
21,16.0,4.0,6,1,0.4,25,25,True,54,1.4455841038096828e-12,1.859265345849348e-12
21,16.0,4.0,6,3,0.4,25,25,True,54,1.4537537840197956e-12,2.9140856394604953e-12
21,16.0,4.0,6,6,0.4,25,25,True,55,1.479150135708096e-12,3.0107027981784995e-12
21,16.0,8.0,1,1,0.4,25,25,True,53,1.4904605327714648e-12,2.8904378890359794e-12
21,16.0,8.0,1,3,0.4,25,25,True,54,1.4971357487070236e-12,3.0141444895548375e-12
21,16.0,8.0,1,6,0.4,25,25,True,55,1.5077383785921938e-12,3.0511704274260865e-12
21,16.0,8.0,3,1,0.4,25,25,True,54,1.4473838794160088e-12,2.877392768496634e-12
21,16.0,8.0,3,3,0.4,25,25,True,55,1.4204193377054253e-12,2.7792212975441544e-12
21,16.0,8.0,3,6,0.4,25,25,True,57,1.5005219289321303e-12,3.123223901724259e-12
21,16.0,8.0,6,1,0.4,25,25,True,53,1.478400735166474e-12,2.9528740563833367e-12
21,16.0,8.0,6,3,0.4,25,25,True,55,1.4244161405940758e-12,2.886801908630332e-12
21,16.0,8.0,6,6,0.4,25,25,True,57,1.5468182290589993e-12,3.1846747461372615e-12
21,16.0,16.0,1,1,0.4,25,25,True,54,1.5012713294737523e-12,2.900207851652681e-12
21,16.0,16.0,1,3,0.4,25,25,True,55,1.5122347818419257e-12,3.0804803152761906e-12
21,16.0,16.0,1,6,0.4,25,25,True,56,1.4925838343060605e-12,2.9843905124948833e-12
21,16.0,16.0,3,1,0.4,25,25,True,54,1.485367384645997e-12,2.9885816044128433e-12
21,16.0,16.0,3,3,0.4,25,25,True,56,1.5173973189064327e-12,3.0505042936113114e-12
21,16.0,16.0,3,6,0.4,25,25,True,58,1.5067946890212625e-12,3.1764590957550354e-12
21,16.0,16.0,6,1,0.4,25,25,True,54,1.504657509698859e-12,2.9747870833318757e-12
21,16.0,16.0,6,3,0.4,25,25,True,57,1.5286105714551468e-12,3.1526448118768258e-12
21,16.0,16.0,6,6,0.4,25,25,True,60,1.5544232567776817e-12,3.3635316754043743e-12
22,4.0,4.0,1,1,0.4,25,25,True,54,1.433900741198979e-12,1.757616621689273e-12
22,4.0,4.0,1,3,0.4,25,25,True,55,1.4521994717853204e-12,2.975064639088032e-12
22,4.0,4.0,1,6,0.4,25,25,True,59,1.5580869927589447e-12,3.356981359559086e-12
22,4.0,4.0,3,1,0.4,25,25,True,54,1.4329761335862834e-12,1.7516699896136245e-12
22,4.0,4.0,3,3,0.4,25,25,True,55,1.5009382625663648e-12,3.0384306182185128e-12
22,4.0,4.0,3,6,0.4,25,25,True,63,1.6152634785271403e-12,3.567590667330478e-12
22,4.0,4.0,6,1,0.4,25,25,True,54,1.436151544909059e-12,1.7478414549021437e-12
22,4.0,4.0,6,3,0.4,25,25,True,54,1.4808432258206494e-12,3.0012659024691857e-12
22,4.0,4.0,6,6,0.4,25,25,True,61,1.556643702826932e-12,3.433697770560684e-12
22,4.0,8.0,1,1,0.4,25,25,True,54,1.4599987885333121e-12,2.8449673172836754e-12
22,4.0,8.0,1,3,0.4,25,25,True,57,1.5134560271690134e-12,3.081201960242197e-12
22,4.0,8.0,1,6,0.4,25,25,True,62,1.549982364679181e-12,3.454792008028562e-12
22,4.0,8.0,3,1,0.4,25,25,True,54,1.4777901125029302e-12,2.978943480780316e-12
22,4.0,8.0,3,3,0.4,25,25,True,59,1.5619172621939015e-12,3.3653635433950058e-12
22,4.0,8.0,3,6,0.4,25,25,True,69,1.6872614416740817e-12,4.06152889098621e-12
22,4.0,8.0,6,1,0.4,25,25,True,54,1.5051709878477482e-12,3.0179747589897943e-12
22,4.0,8.0,6,3,0.4,25,25,True,58,1.4454548669107226e-12,3.0095925751538743e-12
22,4.0,8.0,6,6,0.4,25,25,True,71,1.6783241463258491e-12,4.153011268215323e-12
22,4.0,16.0,1,1,0.4,25,25,True,55,1.5204504322241519e-12,3.130634640413632e-12
22,4.0,16.0,1,3,0.4,25,25,True,60,1.5187850976872141e-12,3.3457681070103718e-12
22,4.0,16.0,1,6,0.4,25,25,True,65,1.5861756352819611e-12,3.637756762486788e-12
22,4.0,16.0,3,1,0.4,25,25,True,56,1.505184865635556e-12,3.078565180558712e-12
22,4.0,16.0,3,3,0.4,25,25,True,65,1.6266987756807794e-12,3.7849168244008524e-12
22,4.0,16.0,3,6,0.4,25,25,True,78,1.7104095917375162e-12,4.71600536400274e-12
22,4.0,16.0,6,1,0.4,25,25,True,55,1.518868364414061e-12,2.952110778053907e-12
22,4.0,16.0,6,3,0.4,25,25,True,67,1.6651124923328098e-12,3.933353642793236e-12
22,4.0,16.0,6,6,0.4,25,25,True,88,1.8065549056700547e-12,5.512257317263902e-12
22,8.0,4.0,1,1,0.4,25,25,True,54,1.4223492175724495e-12,1.7483983011379323e-12
22,8.0,4.0,1,3,0.4,25,25,True,54,1.5074608228360376e-12,3.0132285555595217e-12
22,8.0,4.0,1,6,0.4,25,25,True,56,1.5274448372792904e-12,3.160249839595508e-12
22,8.0,4.0,3,1,0.4,25,25,True,54,1.4341531434647337e-12,1.748859737582542e-12
22,8.0,4.0,3,3,0.4,25,25,True,54,1.4425127758954659e-12,2.9261038037020626e-12
22,8.0,4.0,3,6,0.4,25,25,True,58,1.4854784069484595e-12,3.1170066527863582e-12
22,8.0,4.0,6,1,0.4,25,25,True,54,1.4357213334870167e-12,1.7468717444790727e-12
22,8.0,4.0,6,3,0.4,25,25,True,54,1.4617196342214811e-12,2.9052316108391096e-12
22,8.0,4.0,6,6,0.4,25,25,True,57,1.5427104038678863e-12,3.175071316974254e-12
22,8.0,8.0,1,1,0.4,25,25,True,54,1.4505480150361905e-12,2.8185717648732123e-12
22,8.0,8.0,1,3,0.4,25,25,True,55,1.490974010920354e-12,3.0515590054847053e-12
22,8.0,8.0,1,6,0.4,25,25,True,57,1.5360490657201353e-12,3.1280533718813786e-12
22,8.0,8.0,3,1,0.4,25,25,True,54,1.4960879757275336e-12,2.9778055021800753e-12
22,8.0,8.0,3,3,0.4,25,25,True,56,1.5323853297388723e-12,3.112843316444014e-12
22,8.0,8.0,3,6,0.4,25,25,True,60,1.5809020759149917e-12,3.4176550478548506e-12
22,8.0,8.0,6,1,0.4,25,25,True,53,1.4982390328377448e-12,3.0228042291469137e-12
22,8.0,8.0,6,3,0.4,25,25,True,55,1.5032974864936932e-12,3.0692670627274765e-12
22,8.0,8.0,6,6,0.4,25,25,True,61,1.4355738819915587e-12,3.098021839065268e-12
22,8.0,16.0,1,1,0.4,25,25,True,54,1.4925283231548292e-12,2.9757030173271914e-12
22,8.0,16.0,1,3,0.4,25,25,True,56,1.5091261573729753e-12,3.0651592375363634e-12
22,8.0,16.0,1,6,0.4,25,25,True,58,1.4706014184184824e-12,3.1465940963926187e-12
22,8.0,16.0,3,1,0.4,25,25,True,55,1.4631351685778782e-12,2.95335977895661e-12
22,8.0,16.0,3,3,0.4,25,25,True,59,1.4969692152533298e-12,3.2174263253637037e-12
22,8.0,16.0,3,6,0.4,25,25,True,63,1.5878409698188989e-12,3.6010083803716952e-12
22,8.0,16.0,6,1,0.4,25,25,True,54,1.4911682999496634e-12,3.0064284395336927e-12
22,8.0,16.0,6,3,0.4,25,25,True,60,1.5719092694155279e-12,3.419653449299176e-12
22,8.0,16.0,6,6,0.4,25,25,True,67,1.6557866189259585e-12,3.952393967665557e-12
22,16.0,4.0,1,1,0.4,25,25,True,54,1.4287017749414765e-12,1.7472065461099362e-12
22,16.0,4.0,1,3,0.4,25,25,True,54,1.4592493879916901e-12,2.8543833963112775e-12
22,16.0,4.0,1,6,0.4,25,25,True,55,1.4975243267656424e-12,3.0210278723075135e-12
22,16.0,4.0,3,1,0.4,25,25,True,54,1.43472820429702e-12,1.7473973656922936e-12
22,16.0,4.0,3,3,0.4,25,25,True,54,1.4163115125143122e-12,2.8050339828666893e-12
22,16.0,4.0,3,6,0.4,25,25,True,55,1.5263346142546652e-12,3.1190605653819148e-12
22,16.0,4.0,6,1,0.4,25,25,True,54,1.4355010236055676e-12,1.7463816850971092e-12
22,16.0,4.0,6,3,0.4,25,25,True,54,1.4392376179728217e-12,2.8596292001026313e-12
22,16.0,4.0,6,6,0.4,25,25,True,55,1.40959466321533e-12,2.870648163622036e-12
22,16.0,8.0,1,1,0.4,25,25,True,53,1.4790182967239218e-12,2.9710400806237658e-12
22,16.0,8.0,1,3,0.4,25,25,True,54,1.5070722447774187e-12,3.009703597456337e-12
22,16.0,8.0,1,6,0.4,25,25,True,55,1.509292690826669e-12,3.0373481507695033e-12
22,16.0,8.0,3,1,0.4,25,25,True,54,1.5049211876672075e-12,2.9720531591337362e-12
22,16.0,8.0,3,3,0.4,25,25,True,55,1.5111245588173006e-12,3.0657698601999073e-12
22,16.0,8.0,3,6,0.4,25,25,True,56,1.5220047444586271e-12,3.0852542742820788e-12
22,16.0,8.0,6,1,0.4,25,25,True,53,1.495380208549335e-12,2.9877628149321822e-12
22,16.0,8.0,6,3,0.4,25,25,True,54,1.5109580253636068e-12,3.001765502830267e-12
22,16.0,8.0,6,6,0.4,25,25,True,57,1.499578239361199e-12,3.0948577034450864e-12
22,16.0,16.0,1,1,0.4,25,25,True,54,1.4845624729531437e-12,2.9819202662650923e-12
22,16.0,16.0,1,3,0.4,25,25,True,55,1.5109025142123755e-12,3.01292324422775e-12
22,16.0,16.0,1,6,0.4,25,25,True,55,1.510569447304988e-12,3.1045166437593252e-12
22,16.0,16.0,3,1,0.4,25,25,True,54,1.4860612740363877e-12,3.000488746351948e-12
22,16.0,16.0,3,3,0.4,25,25,True,56,1.4297452111122766e-12,2.8716473643441986e-12
22,16.0,16.0,3,6,0.4,25,25,True,58,1.481925693269659e-12,3.0512259385773177e-12
22,16.0,16.0,6,1,0.4,25,25,True,54,1.4866163855487002e-12,2.935041099050295e-12
22,16.0,16.0,6,3,0.4,25,25,True,56,1.5397683128526296e-12,3.195110842568738e-12
22,16.0,16.0,6,6,0.4,25,25,True,59,1.5367707106861417e-12,3.311573237851917e-12
23,4.0,4.0,1,1,0.4,25,25,True,54,1.4316265187219734e-12,1.675500016506959e-12
23,4.0,4.0,1,3,0.4,25,25,True,55,1.4790946245568648e-12,3.016947802692016e-12
23,4.0,4.0,1,6,0.4,25,25,True,59,1.558142503910176e-12,3.3489322426305534e-12
23,4.0,4.0,3,1,0.4,25,25,True,54,1.4421181263046812e-12,1.6688742401904655e-12
23,4.0,4.0,3,3,0.4,25,25,True,55,1.4733769759800452e-12,2.9568292259085638e-12
23,4.0,4.0,3,6,0.4,25,25,True,63,1.6109336087311021e-12,3.586297925295412e-12
23,4.0,4.0,6,1,0.4,25,25,True,54,1.4359099846650292e-12,1.6636648655921071e-12
23,4.0,4.0,6,3,0.4,25,25,True,54,1.5046852652744747e-12,3.008565618856096e-12
23,4.0,4.0,6,6,0.4,25,25,True,61,1.5741852266160095e-12,3.2389646520414317e-12
23,4.0,8.0,1,1,0.4,25,25,True,54,1.3774814622280473e-12,2.732439274844012e-12
23,4.0,8.0,1,3,0.4,25,25,True,57,1.539657290550167e-12,3.222477840125748e-12
23,4.0,8.0,1,6,0.4,25,25,True,62,1.585287456862261e-12,3.5588199054359393e-12
23,4.0,8.0,3,1,0.4,25,25,True,54,1.4281839599838975e-12,2.8719596145698745e-12
23,4.0,8.0,3,3,0.4,25,25,True,59,1.565025886662852e-12,3.1858959914643492e-12
23,4.0,8.0,3,6,0.4,25,25,True,69,1.6852075290785251e-12,4.080014104346219e-12
23,4.0,8.0,6,1,0.4,25,25,True,54,1.4877057918916137e-12,3.0110913762371183e-12
23,4.0,8.0,6,3,0.4,25,25,True,57,1.5483170301422433e-12,3.204381204824358e-12
23,4.0,8.0,6,6,0.4,25,25,True,70,1.6832091276341998e-12,4.086619931342739e-12
23,4.0,16.0,1,1,0.4,25,25,True,55,1.4501178036141482e-12,2.9335978091182824e-12
23,4.0,16.0,1,3,0.4,25,25,True,60,1.574740338128322e-12,3.402889081627336e-12
23,4.0,16.0,1,6,0.4,25,25,True,65,1.6321388685014426e-12,3.772537837676282e-12
23,4.0,16.0,3,1,0.4,25,25,True,56,1.5030754418887682e-12,3.1074032236233506e-12
23,4.0,16.0,3,3,0.4,25,25,True,65,1.6308066008718924e-12,3.78302944525899e-12
23,4.0,16.0,3,6,0.4,25,25,True,77,1.7400525464950078e-12,4.676481424326084e-12
23,4.0,16.0,6,1,0.4,25,25,True,55,1.4933332348476824e-12,3.0593305666570814e-12
23,4.0,16.0,6,3,0.4,25,25,True,66,1.6494028365343638e-12,3.8650194156275575e-12
23,4.0,16.0,6,6,0.4,25,25,True,87,1.833755369773371e-12,5.410338843603313e-12
23,8.0,4.0,1,1,0.4,25,25,True,54,1.4724809913047032e-12,1.6707499099488654e-12
23,8.0,4.0,1,3,0.4,25,25,True,54,1.4880041643294817e-12,2.9964086767364506e-12
23,8.0,4.0,1,6,0.4,25,25,True,56,1.4835355166553654e-12,3.070876886113183e-12
23,8.0,4.0,3,1,0.4,25,25,True,54,1.4357599310843572e-12,1.6652235146352723e-12
23,8.0,4.0,3,3,0.4,25,25,True,54,1.5106249584562192e-12,3.0449809340638012e-12
23,8.0,4.0,3,6,0.4,25,25,True,57,1.4994117059075052e-12,3.1629698860058397e-12
23,8.0,4.0,6,1,0.4,25,25,True,54,1.435329285981446e-12,1.6627649777889442e-12
23,8.0,4.0,6,3,0.4,25,25,True,54,1.4825363159332028e-12,2.9058422335026535e-12
23,8.0,4.0,6,6,0.4,25,25,True,57,1.5036305534010808e-12,3.0911939674638234e-12
23,8.0,8.0,1,1,0.4,25,25,True,54,1.4691720062742775e-12,2.8323315914846603e-12
23,8.0,8.0,1,3,0.4,25,25,True,55,1.5216716775512396e-12,3.0263569428257142e-12
23,8.0,8.0,1,6,0.4,25,25,True,57,1.5161205624281138e-12,3.051892072392093e-12
23,8.0,8.0,3,1,0.4,25,25,True,54,1.5087583959960682e-12,3.0394992078797145e-12
23,8.0,8.0,3,3,0.4,25,25,True,56,1.4658829705638254e-12,2.940592214173421e-12
23,8.0,8.0,3,6,0.4,25,25,True,60,1.5759060723041785e-12,3.3276714717089817e-12
23,8.0,8.0,6,1,0.4,25,25,True,53,1.5124151930834273e-12,3.091582545522442e-12
23,8.0,8.0,6,3,0.4,25,25,True,55,1.5133450048665509e-12,3.0615510127063317e-12
23,8.0,8.0,6,6,0.4,25,25,True,60,1.5814571874273042e-12,3.4697800188610017e-12
23,8.0,16.0,1,1,0.4,25,25,True,54,1.4636625245145751e-12,2.8971824939105773e-12
23,8.0,16.0,1,3,0.4,25,25,True,56,1.4807044479425713e-12,3.089861699834273e-12
23,8.0,16.0,1,6,0.4,25,25,True,58,1.5634160632771454e-12,3.1786795418042857e-12
23,8.0,16.0,3,1,0.4,25,25,True,55,1.496802681799636e-12,3.005817816870149e-12
23,8.0,16.0,3,3,0.4,25,25,True,59,1.561806239891439e-12,3.381961377613152e-12
23,8.0,16.0,3,6,0.4,25,25,True,63,1.5881740367262864e-12,3.4187097597282445e-12
23,8.0,16.0,6,1,0.4,25,25,True,54,1.5119572260857694e-12,2.955247158098473e-12
23,8.0,16.0,6,3,0.4,25,25,True,59,1.572353358625378e-12,3.1723512705639223e-12
23,8.0,16.0,6,6,0.4,25,25,True,66,1.6654455592401973e-12,3.92119670067359e-12
23,16.0,4.0,1,1,0.4,25,25,True,54,1.4419485570849044e-12,1.6660965142245576e-12
23,16.0,4.0,1,3,0.4,25,25,True,54,1.4574730311522899e-12,2.8381463845761346e-12
23,16.0,4.0,1,6,0.4,25,25,True,54,1.4990231278488864e-12,3.0055957722652238e-12
23,16.0,4.0,3,1,0.4,25,25,True,54,1.4352603307232759e-12,1.6635503738426927e-12
23,16.0,4.0,3,3,0.4,25,25,True,54,1.5050460877574778e-12,2.8722579870077425e-12
23,16.0,4.0,3,6,0.4,25,25,True,55,1.5019097077129118e-12,3.0727087541038145e-12
23,16.0,4.0,6,1,0.4,25,25,True,54,1.435029612500971e-12,1.6623052760678103e-12
23,16.0,4.0,6,3,0.4,25,25,True,54,1.4964418593166329e-12,2.8978486277253523e-12
23,16.0,4.0,6,6,0.4,25,25,True,55,1.5117906926320757e-12,2.94364532749114e-12
23,16.0,8.0,1,1,0.4,25,25,True,53,1.4748063881242501e-12,3.00873215230979e-12
23,16.0,8.0,1,3,0.4,25,25,True,54,1.4855339180996907e-12,2.9569124926354107e-12
23,16.0,8.0,1,6,0.4,25,25,True,55,1.5163426070330388e-12,3.0404567752384537e-12
23,16.0,8.0,3,1,0.4,25,25,True,53,1.4918413726583424e-12,2.9827876280030807e-12
23,16.0,8.0,3,3,0.4,25,25,True,55,1.4903078771055789e-12,3.008038262919399e-12
23,16.0,8.0,3,6,0.4,25,25,True,56,1.5194512315019892e-12,3.112177182629239e-12
23,16.0,8.0,6,1,0.4,25,25,True,53,1.5527718000285518e-12,3.0970295772370093e-12
23,16.0,8.0,6,3,0.4,25,25,True,54,1.4999113062685865e-12,3.020916850005051e-12
23,16.0,8.0,6,6,0.4,25,25,True,57,1.416256001363081e-12,2.8513302829935583e-12
23,16.0,16.0,1,1,0.4,25,25,True,54,1.4578616092109087e-12,2.9266866707899908e-12
23,16.0,16.0,1,3,0.4,25,25,True,55,1.5055734436941748e-12,2.9708457915944564e-12
23,16.0,16.0,1,6,0.4,25,25,True,55,1.4804824033376462e-12,3.0416780205655414e-12
23,16.0,16.0,3,1,0.4,25,25,True,54,1.4873657860903222e-12,3.0002111905957918e-12
23,16.0,16.0,3,3,0.4,25,25,True,56,1.4847012508312218e-12,3.0757063562703024e-12
23,16.0,16.0,3,6,0.4,25,25,True,58,1.5129009156567008e-12,3.2110980541233403e-12
23,16.0,16.0,6,1,0.4,25,25,True,54,1.5029921751619213e-12,2.9160007741779737e-12
23,16.0,16.0,6,3,0.4,25,25,True,56,1.5187295865359829e-12,3.1201152772553087e-12
23,16.0,16.0,6,6,0.4,25,25,True,59,1.4182544028074062e-12,3.0263569428257142e-12
24,4.0,4.0,1,1,0.4,25,25,True,54,1.4545096897744525e-12,1.6281052027389276e-12
24,4.0,4.0,1,3,0.4,25,25,True,55,1.5087098237387409e-12,2.983752134255724e-12
24,4.0,4.0,1,6,0.4,25,25,True,59,1.5479839632348558e-12,3.236189094479869e-12
24,4.0,4.0,3,1,0.4,25,25,True,54,1.4579544169168734e-12,1.6232345328992537e-12
24,4.0,4.0,3,3,0.4,25,25,True,55,1.5206447212534613e-12,3.1202818107090025e-12
24,4.0,4.0,3,6,0.4,25,25,True,62,1.585065412257336e-12,3.538724868690224e-12
24,4.0,4.0,6,1,0.4,25,25,True,54,1.4574994856852985e-12,1.6200604226190851e-12
24,4.0,4.0,6,3,0.4,25,25,True,54,1.4828416272649747e-12,2.9870550477539837e-12
24,4.0,4.0,6,6,0.4,25,25,True,61,1.5297763056310032e-12,3.283207039572744e-12
24,4.0,8.0,1,1,0.4,25,25,True,54,1.4300019501867212e-12,2.635947016216278e-12
24,4.0,8.0,1,3,0.4,25,25,True,57,1.508626557011894e-12,3.1329938643409605e-12
24,4.0,8.0,1,6,0.4,25,25,True,62,1.575795050001716e-12,3.4872105203476167e-12
24,4.0,8.0,3,1,0.4,25,25,True,54,1.505184865635556e-12,3.033920337180973e-12
24,4.0,8.0,3,3,0.4,25,25,True,58,1.5533685449042878e-12,3.262501380163485e-12
24,4.0,8.0,3,6,0.4,25,25,True,68,1.6773249456036865e-12,4.073685833105856e-12
24,4.0,8.0,6,1,0.4,25,25,True,54,1.4858322905375587e-12,2.985008074052331e-12
24,4.0,8.0,6,3,0.4,25,25,True,57,1.5009660181419804e-12,3.0920821458835235e-12
24,4.0,8.0,6,6,0.4,25,25,True,69,1.6516787937348454e-12,4.003408715647083e-12
24,4.0,16.0,1,1,0.4,25,25,True,55,1.5235590566931023e-12,3.1092628471895978e-12
24,4.0,16.0,1,3,0.4,25,25,True,60,1.567856955375646e-12,3.424371897153833e-12
24,4.0,16.0,1,6,0.4,25,25,True,65,1.6432410987476942e-12,3.844258245067067e-12
24,4.0,16.0,3,1,0.4,25,25,True,56,1.5211720771901582e-12,3.0783153803781715e-12
24,4.0,16.0,3,3,0.4,25,25,True,64,1.6019963133828696e-12,3.675004744962962e-12
24,4.0,16.0,3,6,0.4,25,25,True,77,1.7530421558831222e-12,4.64672744726613e-12
24,4.0,16.0,6,1,0.4,25,25,True,55,1.4842571616213718e-12,3.018141292443488e-12
24,4.0,16.0,6,3,0.4,25,25,True,65,1.6417422976644502e-12,3.800626480199298e-12
24,4.0,16.0,6,6,0.4,25,25,True,86,1.832201057538896e-12,5.403677505455562e-12
24,8.0,4.0,1,1,0.4,25,25,True,54,1.4556255506503746e-12,1.6237666593255096e-12
24,8.0,4.0,1,3,0.4,25,25,True,54,1.456196274673971e-12,2.933847609298823e-12
24,8.0,4.0,1,6,0.4,25,25,True,56,1.504740776425706e-12,3.0490054925280674e-12
24,8.0,4.0,3,1,0.4,25,25,True,54,1.4573802234463251e-12,1.621111231364658e-12
24,8.0,4.0,3,3,0.4,25,25,True,54,1.5098478023389816e-12,3.0368207948328063e-12
24,8.0,4.0,3,6,0.4,25,25,True,57,1.5498158312254873e-12,3.134603687726667e-12
24,8.0,4.0,6,1,0.4,25,25,True,54,1.4571299895849155e-12,1.6194788565737639e-12
24,8.0,4.0,6,3,0.4,25,25,True,54,1.4819534488452746e-12,2.8882729541379604e-12
24,8.0,4.0,6,6,0.4,25,25,True,57,1.5066836667188e-12,3.096245482225868e-12
24,8.0,8.0,1,1,0.4,25,25,True,54,1.3829354328365184e-12,2.755455585923272e-12
24,8.0,8.0,1,3,0.4,25,25,True,55,1.5180079415699765e-12,3.0727642652550458e-12
24,8.0,8.0,1,6,0.4,25,25,True,57,1.501077040444443e-12,2.9848901128559646e-12
24,8.0,8.0,3,1,0.4,25,25,True,54,1.4807044479425713e-12,2.9700755743711227e-12
24,8.0,8.0,3,3,0.4,25,25,True,56,1.3765100170815003e-12,2.7579605266225826e-12
24,8.0,8.0,3,6,0.4,25,25,True,60,1.5550338794412255e-12,3.186895192186512e-12
24,8.0,8.0,6,1,0.4,25,25,True,53,1.4825640715088184e-12,2.969832713084486e-12
24,8.0,8.0,6,3,0.4,25,25,True,55,1.5001888620247428e-12,2.9557467584595543e-12
24,8.0,8.0,6,6,0.4,25,25,True,60,1.5610290837742014e-12,3.3119063047593045e-12
24,8.0,16.0,1,1,0.4,25,25,True,54,1.3876677584789832e-12,2.788824726707162e-12
24,8.0,16.0,1,3,0.4,25,25,True,56,1.537270311047223e-12,3.207822896200696e-12
24,8.0,16.0,1,6,0.4,25,25,True,58,1.5170087408478139e-12,3.0668800832245324e-12
24,8.0,16.0,3,1,0.4,25,25,True,55,1.4656609259589004e-12,2.9418967262273554e-12
24,8.0,16.0,3,3,0.4,25,25,True,59,1.4191425812271063e-12,3.0641045256629695e-12
24,8.0,16.0,3,6,0.4,25,25,True,63,1.6087131626818518e-12,3.666622561127042e-12
24,8.0,16.0,6,1,0.4,25,25,True,54,1.4853118734947657e-12,2.982780689109177e-12
24,8.0,16.0,6,3,0.4,25,25,True,59,1.5746293158258595e-12,3.3590352721546424e-12
24,8.0,16.0,6,6,0.4,25,25,True,66,1.638467139741806e-12,3.5991210012298325e-12
24,16.0,4.0,1,1,0.4,25,25,True,54,1.4561836979287701e-12,1.6214043996320981e-12
24,16.0,4.0,1,3,0.4,25,25,True,54,1.3763989947790378e-12,2.743638649604918e-12
24,16.0,4.0,1,6,0.4,25,25,True,54,1.4785395130445522e-12,2.9689029013013624e-12
24,16.0,4.0,3,1,0.4,25,25,True,54,1.4570714426676012e-12,1.6200122840426268e-12
24,16.0,4.0,3,3,0.4,25,25,True,54,1.5044077095183184e-12,2.8515245720228677e-12
24,16.0,4.0,3,6,0.4,25,25,True,55,1.4609979892554747e-12,2.9930502520869595e-12
24,16.0,4.0,6,1,0.4,25,25,True,54,1.456938736321689e-12,1.6191813514976339e-12
24,16.0,4.0,6,3,0.4,25,25,True,54,1.4878931420270192e-12,2.873340454456752e-12
24,16.0,4.0,6,6,0.4,25,25,True,55,1.4599987885333121e-12,2.848277169675839e-12
24,16.0,8.0,1,1,0.4,25,25,True,53,1.5053791546648654e-12,2.9841684678899583e-12
24,16.0,8.0,1,3,0.4,25,25,True,54,1.5087930904655877e-12,3.0423441543803165e-12
24,16.0,8.0,1,6,0.4,25,25,True,55,1.5134560271690134e-12,3.0725422206501207e-12
24,16.0,8.0,3,1,0.4,25,25,True,53,1.4990370056366942e-12,3.0000793516116175e-12
24,16.0,8.0,3,3,0.4,25,25,True,55,1.4895307209883413e-12,2.9697355685698312e-12
24,16.0,8.0,3,6,0.4,25,25,True,56,1.5167866962428889e-12,3.052114116997018e-12
24,16.0,8.0,6,1,0.4,25,25,True,53,1.468380972369232e-12,2.925763797900771e-12
24,16.0,8.0,6,3,0.4,25,25,True,54,1.501965218864143e-12,2.976341395566351e-12
24,16.0,8.0,6,6,0.4,25,25,True,57,1.5379919560132294e-12,3.180899987853536e-12
24,16.0,16.0,1,1,0.4,25,25,True,54,1.4340195697570834e-12,2.8771984794673244e-12
24,16.0,16.0,1,3,0.4,25,25,True,55,1.5141776721350197e-12,3.0884184099022605e-12
24,16.0,16.0,1,6,0.4,25,25,True,55,1.4520606939072422e-12,2.9825031333530205e-12
24,16.0,16.0,3,1,0.4,25,25,True,54,1.4802326031571056e-12,2.95710678166472e-12
24,16.0,16.0,3,3,0.4,25,25,True,56,1.4941381465405357e-12,3.0169200471164004e-12
24,16.0,16.0,3,6,0.4,25,25,True,58,1.5178414081162828e-12,3.1510904996423506e-12
24,16.0,16.0,6,1,0.4,25,25,True,54,1.4987178165171144e-12,2.982752933533561e-12
24,16.0,16.0,6,3,0.4,25,25,True,56,1.5354939542078228e-12,3.054112518441343e-12
24,16.0,16.0,6,6,0.4,25,25,True,59,1.5447088053122116e-12,3.3403835253409397e-12
25,4.0,4.0,1,1,0.4,25,25,True,54,1.474367936765697e-12,1.5876759542482466e-12
25,4.0,4.0,1,3,0.4,25,25,True,55,1.5111800699685318e-12,2.9295454950784006e-12
25,4.0,4.0,1,6,0.4,25,25,True,59,1.5746848269770908e-12,3.173405982437316e-12
25,4.0,4.0,3,1,0.4,25,25,True,54,1.4766840094465605e-12,1.5843541756321855e-12
25,4.0,4.0,3,3,0.4,25,25,True,55,1.5105972028806036e-12,3.0334623701833152e-12
25,4.0,4.0,3,6,0.4,25,25,True,62,1.5675238884682585e-12,3.3104630148272918e-12
25,4.0,4.0,6,1,0.4,25,25,True,54,1.4764227167229915e-12,1.582257979151902e-12
25,4.0,4.0,6,3,0.4,25,25,True,54,1.4768186673563832e-12,2.9762442510516962e-12
25,4.0,4.0,6,6,0.4,25,25,True,60,1.5731305147426156e-12,3.407829574086918e-12
25,4.0,8.0,1,1,0.4,25,25,True,54,1.5060522273735444e-12,2.8611280011858753e-12
25,4.0,8.0,1,3,0.4,25,25,True,57,1.5425438704141925e-12,3.232802914254762e-12
25,4.0,8.0,1,6,0.4,25,25,True,61,1.5873413694578176e-12,3.46572770482112e-12
25,4.0,8.0,3,1,0.4,25,25,True,54,1.5110759865599732e-12,3.0066088507751942e-12
25,4.0,8.0,3,3,0.4,25,25,True,58,1.5104029138512942e-12,3.187783370606212e-12
25,4.0,8.0,3,6,0.4,25,25,True,68,1.6546763959013333e-12,4.008293696955434e-12
25,4.0,8.0,6,1,0.4,25,25,True,54,1.4863874020498713e-12,2.964288536855264e-12
25,4.0,8.0,6,3,0.4,25,25,True,57,1.5115686480271506e-12,3.097661016582265e-12
25,4.0,8.0,6,6,0.4,25,25,True,68,1.6288081994275672e-12,3.9250824812597784e-12
25,4.0,16.0,1,1,0.4,25,25,True,55,1.5160372957012669e-12,3.049782648645305e-12
25,4.0,16.0,1,3,0.4,25,25,True,60,1.5625278848574453e-12,3.3650304764876182e-12
25,4.0,16.0,1,6,0.4,25,25,True,65,1.6125989432680399e-12,3.760214362102943e-12
25,4.0,16.0,3,1,0.4,25,25,True,55,1.517452830057664e-12,3.0976332610066493e-12
25,4.0,16.0,3,3,0.4,25,25,True,64,1.601219157265632e-12,3.4947600369150678e-12
25,4.0,16.0,3,6,0.4,25,25,True,76,1.6867618413130003e-12,4.547029419654791e-12
25,4.0,16.0,6,1,0.4,25,25,True,55,1.4853951402216126e-12,2.993161274389422e-12
25,4.0,16.0,6,3,0.4,25,25,True,64,1.6256440638073855e-12,3.767042233704387e-12
25,4.0,16.0,6,6,0.4,25,25,True,85,1.779465463869201e-12,5.175193606987705e-12
25,8.0,4.0,1,1,0.4,25,25,True,54,1.4751446592020656e-12,1.5847789660433653e-12
25,8.0,4.0,1,3,0.4,25,25,True,54,1.5016321519567555e-12,3.0215274726685948e-12
25,8.0,4.0,1,6,0.4,25,25,True,56,1.5276113707329841e-12,3.0315749910414524e-12
25,8.0,4.0,3,1,0.4,25,25,True,54,1.4763361973896272e-12,1.5829594579575001e-12
25,8.0,4.0,3,3,0.4,25,25,True,54,1.4969692152533298e-12,2.9815178104186657e-12
25,8.0,4.0,3,6,0.4,25,25,True,57,1.5150103394034886e-12,3.1623037521910646e-12
25,8.0,4.0,6,1,0.4,25,25,True,54,1.4761911311389486e-12,1.5818817609980496e-12
25,8.0,4.0,6,3,0.4,25,25,True,54,1.4896139877151882e-12,2.9884150709591495e-12
25,8.0,4.0,6,6,0.4,25,25,True,57,1.5405454689698672e-12,3.190114838957925e-12
25,8.0,8.0,1,1,0.4,25,25,True,53,1.4900927713945578e-12,2.9822047609151525e-12
25,8.0,8.0,1,3,0.4,25,25,True,55,1.4634959910608814e-12,2.9697355685698312e-12
25,8.0,8.0,1,6,0.4,25,25,True,57,1.5304424394457783e-12,3.203104448346039e-12
25,8.0,8.0,3,1,0.4,25,25,True,54,1.4861237240815228e-12,2.988685687821402e-12
25,8.0,8.0,3,3,0.4,25,25,True,56,1.4525047831170923e-12,2.8442248556359573e-12
25,8.0,8.0,3,6,0.4,25,25,True,59,1.5563661470707757e-12,3.3705260804595127e-12
25,8.0,8.0,6,1,0.4,25,25,True,53,1.4682907667484812e-12,2.9264646261850658e-12
25,8.0,8.0,6,3,0.4,25,25,True,55,1.5140666498325572e-12,2.8915481120606046e-12
25,8.0,8.0,6,6,0.4,25,25,True,60,1.5767942507238786e-12,3.3771874186072637e-12
25,8.0,16.0,1,1,0.4,25,25,True,54,1.5080714454995814e-12,3.0378755067062002e-12
25,8.0,16.0,1,3,0.4,25,25,True,56,1.5377699114083043e-12,3.1386560017665488e-12
25,8.0,16.0,1,6,0.4,25,25,True,58,1.5407675135747922e-12,3.255840042015734e-12
25,8.0,16.0,3,1,0.4,25,25,True,54,1.4799272918253337e-12,3.005345972084683e-12
25,8.0,16.0,3,3,0.4,25,25,True,58,1.5574763700954009e-12,3.2777114356008497e-12
25,8.0,16.0,3,6,0.4,25,25,True,62,1.6115997425458772e-12,3.644640145239464e-12
25,8.0,16.0,6,1,0.4,25,25,True,54,1.4623857680362562e-12,2.892491801631536e-12
25,8.0,16.0,6,3,0.4,25,25,True,59,1.570854557542134e-12,3.3416602818192587e-12
25,8.0,16.0,6,6,0.4,25,25,True,65,1.6466827901240322e-12,3.868627640457589e-12
25,16.0,4.0,1,1,0.4,25,25,True,54,1.4755488497719682e-12,1.583189742498936e-12
25,16.0,4.0,1,3,0.4,25,25,True,54,1.4475365350818947e-12,2.8395064077813004e-12
25,16.0,4.0,1,6,0.4,25,25,True,54,1.4609424781042435e-12,2.9443669724571464e-12
25,16.0,4.0,3,1,0.4,25,25,True,54,1.4761451609668352e-12,1.5822408487575768e-12
25,16.0,4.0,3,3,0.4,25,25,True,54,1.482522438145395e-12,2.8111402095021276e-12
25,16.0,4.0,3,6,0.4,25,25,True,55,1.4236389844768382e-12,2.919553487856774e-12
25,16.0,4.0,6,1,0.4,25,25,True,54,1.4760703510169337e-12,1.5816907245752576e-12
25,16.0,4.0,6,3,0.4,25,25,True,54,1.4806766923669556e-12,2.852162950262027e-12
25,16.0,4.0,6,6,0.4,25,25,True,55,1.509292690826669e-12,2.8608226898541034e-12
25,16.0,8.0,1,1,0.4,25,25,True,53,1.456564036050878e-12,2.9538732571054993e-12
25,16.0,8.0,1,3,0.4,25,25,True,54,1.4868661857292409e-12,3.0042635046356736e-12
25,16.0,8.0,1,6,0.4,25,25,True,55,1.5186185642335204e-12,3.052558206206868e-12
25,16.0,8.0,3,1,0.4,25,25,True,53,1.473245136995871e-12,2.957793732161207e-12
25,16.0,8.0,3,3,0.4,25,25,True,55,1.4905576772861195e-12,2.911781926684398e-12
25,16.0,8.0,3,6,0.4,25,25,True,56,1.422084672242363e-12,2.901456852555384e-12
25,16.0,8.0,6,1,0.4,25,25,True,53,1.4447817942020436e-12,2.8899660442505137e-12
25,16.0,8.0,6,3,0.4,25,25,True,54,1.485811473855847e-12,2.9951596758337473e-12
25,16.0,8.0,6,6,0.4,25,25,True,56,1.5358825322664416e-12,3.1615821072250583e-12
25,16.0,16.0,1,1,0.4,25,25,True,54,1.412953087864821e-12,2.8323177136968525e-12
25,16.0,16.0,1,3,0.4,25,25,True,55,1.4979684159754925e-12,3.0410673979019975e-12
25,16.0,16.0,1,6,0.4,25,25,True,55,1.5231149674832523e-12,3.0276892104552644e-12
25,16.0,16.0,3,1,0.4,25,25,True,54,1.4912238111008946e-12,2.9240221355308904e-12
25,16.0,16.0,3,3,0.4,25,25,True,56,1.4230838729645257e-12,2.871480830890505e-12
25,16.0,16.0,3,6,0.4,25,25,True,58,1.5550893905924568e-12,3.2439051445010136e-12
25,16.0,16.0,6,1,0.4,25,25,True,54,1.486560874397469e-12,2.9781732635569824e-12
25,16.0,16.0,6,3,0.4,25,25,True,56,1.5192291868970642e-12,2.9275470936340753e-12
25,16.0,16.0,6,6,0.4,25,25,True,59,1.5688006449465774e-12,3.228473044458724e-12
26,4.0,4.0,1,1,0.4,25,25,True,54,1.491351313276379e-12,1.5535242363362567e-12
26,4.0,4.0,1,3,0.4,25,25,True,55,1.5103751582756786e-12,3.0306868126217523e-12
26,4.0,4.0,1,6,0.4,25,25,True,59,1.5706880240884402e-12,3.3169023083701177e-12
26,4.0,4.0,3,1,0.4,25,25,True,54,1.4928963013721708e-12,1.5512771189135632e-12
26,4.0,4.0,3,3,0.4,25,25,True,55,1.4605816556212403e-12,2.904690377114605e-12
26,4.0,4.0,3,6,0.4,25,25,True,62,1.5763501615140285e-12,3.414712956839594e-12
26,4.0,4.0,6,1,0.4,25,25,True,54,1.4927473319936713e-12,1.5499032179205896e-12
26,4.0,4.0,6,3,0.4,25,25,True,54,1.4855339180996907e-12,2.952332822658832e-12
26,4.0,4.0,6,6,0.4,25,25,True,60,1.4471202014476603e-12,3.1241675912951905e-12
26,4.0,8.0,1,1,0.4,25,25,True,54,1.5065448888407218e-12,2.8797172979544428e-12
26,4.0,8.0,1,3,0.4,25,25,True,57,1.5236700789955648e-12,3.1765146069062666e-12
26,4.0,8.0,1,6,0.4,25,25,True,61,1.6027734695001072e-12,3.359201805608336e-12
26,4.0,8.0,3,1,0.4,25,25,True,54,1.495539803109125e-12,2.9798108425183045e-12
26,4.0,8.0,3,3,0.4,25,25,True,58,1.561362150681589e-12,3.28037597085995e-12
26,4.0,8.0,3,6,0.4,25,25,True,67,1.6308066008718924e-12,3.91853216541449e-12
26,4.0,8.0,6,1,0.4,25,25,True,53,1.5012505127920406e-12,2.9981434002124274e-12
26,4.0,8.0,6,3,0.4,25,25,True,56,1.4934720127257606e-12,3.0485336477426017e-12
26,4.0,8.0,6,6,0.4,25,25,True,68,1.6393553181615061e-12,3.9110936711495015e-12
26,4.0,16.0,1,1,0.4,25,25,True,55,1.5245027462640337e-12,2.997213588429304e-12
26,4.0,16.0,1,3,0.4,25,25,True,59,1.5645817974530019e-12,3.389510894180603e-12
26,4.0,16.0,1,6,0.4,25,25,True,64,1.621258682860116e-12,3.767985923275319e-12
26,4.0,16.0,3,1,0.4,25,25,True,55,1.5022150190446837e-12,3.0823399388424377e-12
26,4.0,16.0,3,3,0.4,25,25,True,64,1.6284751325201796e-12,3.739453191542452e-12
26,4.0,16.0,3,6,0.4,25,25,True,76,1.7542634012102098e-12,4.61053417666335e-12
26,4.0,16.0,6,1,0.4,25,25,True,54,1.5158985178231887e-12,3.078870491890484e-12
26,4.0,16.0,6,3,0.4,25,25,True,64,1.6221468612798162e-12,3.677669280222062e-12
26,4.0,16.0,6,6,0.4,25,25,True,83,1.7971180099607409e-12,5.220268661787486e-12
26,8.0,4.0,1,1,0.4,25,25,True,54,1.4918947154052287e-12,1.55159760907575e-12
26,8.0,4.0,1,3,0.4,25,25,True,54,1.4833689832016717e-12,2.973635226943827e-12
26,8.0,4.0,1,6,0.4,25,25,True,56,1.5109025142123755e-12,3.105737889086413e-12
26,8.0,4.0,3,1,0.4,25,25,True,54,1.4926844482676671e-12,1.5503683406525859e-12
26,8.0,4.0,3,3,0.4,25,25,True,54,1.503769331279159e-12,3.029076989236046e-12
26,8.0,4.0,3,6,0.4,25,25,True,57,1.548039474386087e-12,3.195721465232282e-12
26,8.0,4.0,6,1,0.4,25,25,True,54,1.4926042173069032e-12,1.5496670786874223e-12
26,8.0,4.0,6,3,0.4,25,25,True,54,1.504060764823123e-12,2.9778124410739792e-12
26,8.0,4.0,6,6,0.4,25,25,True,57,1.4876433418464785e-12,3.046785046478817e-12
26,8.0,8.0,1,1,0.4,25,25,True,53,1.5531603780871706e-12,3.113738433757618e-12
26,8.0,8.0,1,3,0.4,25,25,True,55,1.5185630530822891e-12,2.9836133563776457e-12
26,8.0,8.0,1,6,0.4,25,25,True,57,1.5122347818419257e-12,3.135713910751292e-12
26,8.0,8.0,3,1,0.4,25,25,True,54,1.4925838343060605e-12,2.9720947924971597e-12
26,8.0,8.0,3,3,0.4,25,25,True,56,1.5223655669416303e-12,2.8400337637179973e-12
26,8.0,8.0,3,6,0.4,25,25,True,59,1.5618617510426702e-12,3.3860136916530337e-12
26,8.0,8.0,6,1,0.4,25,25,True,53,1.462774346094875e-12,2.952096900266099e-12
26,8.0,8.0,6,3,0.4,25,25,True,55,1.5065448888407218e-12,3.0342672818761685e-12
26,8.0,8.0,6,6,0.4,25,25,True,60,1.4467316233890415e-12,3.0645486148728196e-12
26,8.0,16.0,1,1,0.4,25,25,True,54,1.4860057628851564e-12,2.9919400290623344e-12
26,8.0,16.0,1,3,0.4,25,25,True,56,1.4944712134479232e-12,3.0942470807815425e-12
26,8.0,16.0,1,6,0.4,25,25,True,58,1.5614176618328202e-12,3.218758592993254e-12
26,8.0,16.0,3,1,0.4,25,25,True,54,1.5087930904655877e-12,2.963768119812471e-12
26,8.0,16.0,3,3,0.4,25,25,True,58,1.5664136654436334e-12,3.3562597145930795e-12
26,8.0,16.0,3,6,0.4,25,25,True,62,1.607047828144914e-12,3.6314284912464245e-12
26,8.0,16.0,6,1,0.4,25,25,True,54,1.493138945818373e-12,2.8750057889936897e-12
26,8.0,16.0,6,3,0.4,25,25,True,58,1.4994117059075052e-12,3.2098768087962526e-12
26,8.0,16.0,6,6,0.4,25,25,True,65,1.5979439993429878e-12,3.665956427312267e-12
26,16.0,4.0,1,1,0.4,25,25,True,54,1.4921720543209505e-12,1.5505431140427905e-12
26,16.0,4.0,1,3,0.4,25,25,True,54,1.3481715743779432e-12,2.6917496009915e-12
26,16.0,4.0,1,6,0.4,25,25,True,54,1.5021317523178368e-12,3.0055957722652238e-12
26,16.0,4.0,3,1,0.4,25,25,True,54,1.4925719080821631e-12,1.5499017000375481e-12
26,16.0,4.0,3,3,0.4,25,25,True,54,1.5008272402639022e-12,2.9793806310962623e-12
26,16.0,4.0,3,6,0.4,25,25,True,55,1.5207279879803082e-12,3.070432796903333e-12
26,16.0,4.0,6,1,0.4,25,25,True,54,1.4925276726335257e-12,1.549540443873676e-12
26,16.0,4.0,6,3,0.4,25,25,True,54,1.474070865370436e-12,2.8333724255702464e-12
26,16.0,4.0,6,6,0.4,25,25,True,55,1.514677272496101e-12,3.0795366257052592e-12
26,16.0,8.0,1,1,0.4,25,25,True,53,1.4855616736753063e-12,2.9533250844870906e-12
26,16.0,8.0,1,3,0.4,25,25,True,54,1.5104584250025255e-12,3.0338787038175496e-12
26,16.0,8.0,1,6,0.4,25,25,True,55,1.5011325515956742e-12,3.0113689319932746e-12
26,16.0,8.0,3,1,0.4,25,25,True,53,1.491723411461976e-12,3.0034447151550125e-12
26,16.0,8.0,3,3,0.4,25,25,True,54,1.4918066781888228e-12,3.0182523147459506e-12
26,16.0,8.0,3,6,0.4,25,25,True,56,1.5258350138935839e-12,3.171851670202841e-12
26,16.0,8.0,6,1,0.4,25,25,True,53,1.4440948437055567e-12,2.928685072234316e-12
26,16.0,8.0,6,3,0.4,25,25,True,54,1.4831746941723623e-12,2.9910240950670186e-12
26,16.0,8.0,6,6,0.4,25,25,True,56,1.5075163339872688e-12,3.051503494333474e-12
26,16.0,16.0,1,1,0.4,25,25,True,54,1.3933854070558027e-12,2.7915447731174936e-12
26,16.0,16.0,1,3,0.4,25,25,True,55,1.4828693828405903e-12,2.9964919434632975e-12
26,16.0,16.0,1,6,0.4,25,25,True,55,1.4938050796331481e-12,2.9799496203963827e-12
26,16.0,16.0,3,1,0.4,25,25,True,54,1.505628954845406e-12,2.9106161925085416e-12
26,16.0,16.0,3,3,0.4,25,25,True,56,1.3592460490485792e-12,2.7408630920433552e-12
26,16.0,16.0,3,6,0.4,25,25,True,57,1.5445422718585178e-12,3.2434610552911636e-12
26,16.0,16.0,6,1,0.4,25,25,True,54,1.4842571616213718e-12,2.9545255131324666e-12
26,16.0,16.0,6,3,0.4,25,25,True,56,1.5119572260857694e-12,3.0285773888749645e-12
26,16.0,16.0,6,6,0.4,25,25,True,59,1.5315526624704034e-12,3.2270297545267113e-12
27,4.0,4.0,1,1,0.4,25,25,True,54,1.4637525132948914e-12,1.4817732544442075e-12
27,4.0,4.0,1,3,0.4,25,25,True,55,1.5168283296063123e-12,3.067129883405073e-12
27,4.0,4.0,1,6,0.4,25,25,True,59,1.5332735081585724e-12,3.3002489630007403e-12
27,4.0,4.0,3,1,0.4,25,25,True,54,1.4652953329863383e-12,1.4808165544472063e-12
27,4.0,4.0,3,3,0.4,25,25,True,55,1.3899853490428882e-12,2.7644830868922554e-12
27,4.0,4.0,3,6,0.4,25,25,True,61,1.585509501467186e-12,3.5048630664391567e-12
27,4.0,4.0,6,1,0.4,25,25,True,54,1.465398982714028e-12,1.4801107388329182e-12
27,4.0,4.0,6,3,0.4,25,25,True,54,1.507807767531233e-12,2.9391350464536004e-12
27,4.0,4.0,6,6,0.4,25,25,True,60,1.5387136009792357e-12,3.0488389590743736e-12
27,4.0,8.0,1,1,0.4,25,25,True,54,1.3750181548921603e-12,2.7617075293306925e-12
27,4.0,8.0,1,3,0.4,25,25,True,57,1.5334955527634975e-12,3.187394792547593e-12
27,4.0,8.0,1,6,0.4,25,25,True,61,1.552535877635819e-12,3.1943891976027317e-12
27,4.0,8.0,3,1,0.4,25,25,True,54,1.4856033070387298e-12,2.981191682405182e-12
27,4.0,8.0,3,3,0.4,25,25,True,58,1.496358592589786e-12,3.1343261319705107e-12
27,4.0,8.0,3,6,0.4,25,25,True,67,1.6558421300771897e-12,3.927302927309029e-12
27,4.0,8.0,6,1,0.4,25,25,True,53,1.4923479119133276e-12,3.0019736696473842e-12
27,4.0,8.0,6,3,0.4,25,25,True,56,1.5100143357926754e-12,2.932876164152276e-12
27,4.0,8.0,6,6,0.4,25,25,True,67,1.6307510897206612e-12,3.894495836931355e-12
27,4.0,16.0,1,1,0.4,25,25,True,55,1.4910017664959696e-12,3.032518680612384e-12
27,4.0,16.0,1,3,0.4,25,25,True,59,1.5374368445009168e-12,3.229527756332118e-12
27,4.0,16.0,1,6,0.4,25,25,True,64,1.6174839245763906e-12,3.634093026505525e-12
27,4.0,16.0,3,1,0.4,25,25,True,55,1.485062073314225e-12,3.011202398539581e-12
27,4.0,16.0,3,3,0.4,25,25,True,63,1.5035750422498495e-12,3.43880479647396e-12
27,4.0,16.0,3,6,0.4,25,25,True,75,1.6993073614912646e-12,4.499400851898372e-12
27,4.0,16.0,6,1,0.4,25,25,True,54,1.5017154186836024e-12,3.0380697957355096e-12
27,4.0,16.0,6,3,0.4,25,25,True,63,1.5311085732605534e-12,3.460343123151688e-12
27,4.0,16.0,6,6,0.4,25,25,True,82,1.7812418207086012e-12,5.121680857200772e-12
27,8.0,4.0,1,1,0.4,25,25,True,54,1.4644839160804501e-12,1.480882257098859e-12
27,8.0,4.0,1,3,0.4,25,25,True,54,1.5060730440552561e-12,3.0178637366873318e-12
27,8.0,4.0,1,6,0.4,25,25,True,56,1.4764300892977644e-12,3.036626505803497e-12
27,8.0,4.0,3,1,0.4,25,25,True,54,1.4652857920072204e-12,1.4803520822365135e-12
27,8.0,4.0,3,3,0.4,25,25,True,54,1.5016876631079867e-12,3.032740725217309e-12
27,8.0,4.0,3,6,0.4,25,25,True,57,1.478484001893321e-12,2.9824476222017893e-12
27,8.0,4.0,6,1,0.4,25,25,True,54,1.4653311116580303e-12,1.4799869229448204e-12
27,8.0,4.0,6,3,0.4,25,25,True,54,1.4872963971512831e-12,2.938774223970597e-12
27,8.0,4.0,6,6,0.4,25,25,True,56,1.4634959910608814e-12,2.9949376312288223e-12
27,8.0,8.0,1,1,0.4,25,25,True,53,1.5134629660629173e-12,3.0177249588092536e-12
27,8.0,8.0,1,3,0.4,25,25,True,55,1.5064338665382593e-12,2.931460629795879e-12
27,8.0,8.0,1,6,0.4,25,25,True,57,1.5066281555675687e-12,3.1196156768942274e-12
27,8.0,8.0,3,1,0.4,25,25,True,53,1.4990370056366942e-12,2.9397317913293364e-12
27,8.0,8.0,3,3,0.4,25,25,True,55,1.5269174813425934e-12,3.1088187579797477e-12
27,8.0,8.0,3,6,0.4,25,25,True,59,1.5324963520413348e-12,3.2509550607073834e-12
27,8.0,8.0,6,1,0.4,25,25,True,53,1.482675093811281e-12,2.963476686268507e-12
27,8.0,8.0,6,3,0.4,25,25,True,55,1.502270530195915e-12,2.953443045683457e-12
27,8.0,8.0,6,6,0.4,25,25,True,59,1.5583090373638697e-12,3.340439036492171e-12
27,8.0,16.0,1,1,0.4,25,25,True,54,1.5357159988127478e-12,3.0318803023732244e-12
27,8.0,16.0,1,3,0.4,25,25,True,56,1.5096812688852879e-12,3.0669355943757637e-12
27,8.0,16.0,1,6,0.4,25,25,True,58,1.5563106359195444e-12,3.261613201743785e-12
27,8.0,16.0,3,1,0.4,25,25,True,54,1.5145107390424073e-12,3.0319358135244556e-12
27,8.0,16.0,3,3,0.4,25,25,True,58,1.5167311850916576e-12,3.2029379148923454e-12
27,8.0,16.0,3,6,0.4,25,25,True,62,1.6108225864286396e-12,3.5407232701345492e-12
27,8.0,16.0,6,1,0.4,25,25,True,54,1.5060175329040248e-12,3.0249136528937015e-12
27,8.0,16.0,6,3,0.4,25,25,True,58,1.5235590566931023e-12,3.217537347666166e-12
27,8.0,16.0,6,6,0.4,25,25,True,65,1.535993554568904e-12,3.3267277821380503e-12
27,16.0,4.0,1,1,0.4,25,25,True,54,1.4648666394473375e-12,1.4803900293125505e-12
27,16.0,4.0,1,3,0.4,25,25,True,54,1.4096085410031378e-12,2.75696132590042e-12
27,16.0,4.0,1,6,0.4,25,25,True,54,1.4883649868124849e-12,3.017253114023788e-12
27,16.0,4.0,3,1,0.4,25,25,True,54,1.465274299464192e-12,1.4801090041094422e-12
27,16.0,4.0,3,3,0.4,25,25,True,54,1.4894335764736866e-12,2.9485441865872986e-12
27,16.0,4.0,3,6,0.4,25,25,True,55,1.5233370120881773e-12,3.105127266422869e-12
27,16.0,4.0,6,1,0.4,25,25,True,54,1.4652953329863383e-12,1.4799249065805542e-12
27,16.0,4.0,6,3,0.4,25,25,True,54,1.4960255256823984e-12,2.9708319138066486e-12
27,16.0,4.0,6,6,0.4,25,25,True,55,1.4984125051853425e-12,2.9807822876648515e-12
27,16.0,8.0,1,1,0.4,25,25,True,53,1.5237949790858352e-12,3.0269536877014502e-12
27,16.0,8.0,1,3,0.4,25,25,True,54,1.4918621893400541e-12,2.9928282074820345e-12
27,16.0,8.0,1,6,0.4,25,25,True,55,1.5115686480271506e-12,2.9999336348396355e-12
27,16.0,8.0,3,1,0.4,25,25,True,53,1.4986206720024597e-12,2.9849109295376763e-12
27,16.0,8.0,3,3,0.4,25,25,True,54,1.4858947405826939e-12,3.0042635046356736e-12
27,16.0,8.0,3,6,0.4,25,25,True,56,1.5275558595817529e-12,3.1259439481345908e-12
27,16.0,8.0,6,1,0.4,25,25,True,53,1.468603016974157e-12,2.9379207400204166e-12
27,16.0,8.0,6,3,0.4,25,25,True,54,1.4825640715088184e-12,2.9908853171889405e-12
27,16.0,8.0,6,6,0.4,25,25,True,56,1.483868583562753e-12,3.043065799346323e-12
27,16.0,16.0,1,1,0.4,25,25,True,54,1.3758716388423409e-12,2.754796391002401e-12
27,16.0,16.0,1,3,0.4,25,25,True,55,1.468603016974157e-12,2.954192446225079e-12
27,16.0,16.0,1,6,0.4,25,25,True,55,1.466882171285988e-12,2.9349300767478326e-12
27,16.0,16.0,3,1,0.4,25,25,True,54,1.4914458557058197e-12,2.993022496511344e-12
27,16.0,16.0,3,3,0.4,25,25,True,56,1.4817591598159652e-12,2.878419724794412e-12
27,16.0,16.0,3,6,0.4,25,25,True,57,1.496136547984861e-12,3.1252223031685844e-12
27,16.0,16.0,6,1,0.4,25,25,True,54,1.4636625245145751e-12,2.9077296126445162e-12
27,16.0,16.0,6,3,0.4,25,25,True,56,1.5242807016591087e-12,2.94231305986159e-12
27,16.0,16.0,6,6,0.4,25,25,True,59,1.511846203783307e-12,3.22786242179518e-12
28,4.0,4.0,1,1,0.4,25,25,True,54,1.483545816576004e-12,1.465959948918072e-12
28,4.0,4.0,1,3,0.4,25,25,True,55,1.4691442506986618e-12,2.966238366042262e-12
28,4.0,4.0,1,6,0.4,25,25,True,59,1.5368817329886042e-12,3.2145952566509095e-12
28,4.0,4.0,3,1,0.4,25,25,True,54,1.4845626897935782e-12,1.4653249317056471e-12
28,4.0,4.0,3,3,0.4,25,25,True,55,1.5110551698782615e-12,2.894892658922288e-12
28,4.0,4.0,3,6,0.4,25,25,True,61,1.591504705800162e-12,3.539779580563618e-12
28,4.0,4.0,6,1,0.4,25,25,True,54,1.4846366323817417e-12,1.464868591011248e-12
28,4.0,4.0,6,3,0.4,25,25,True,54,1.4721834862285732e-12,2.871619608768583e-12
28,4.0,4.0,6,6,0.4,25,25,True,60,1.5628054406136016e-12,3.229971845541968e-12
28,4.0,8.0,1,1,0.4,25,25,True,53,1.5102294415036965e-12,3.063330838992684e-12
28,4.0,8.0,1,3,0.4,25,25,True,56,1.5041856649133933e-12,3.1293856395109287e-12
28,4.0,8.0,1,6,0.4,25,25,True,61,1.5434320488338926e-12,3.4195979381479447e-12
28,4.0,8.0,3,1,0.4,25,25,True,54,1.44385198241892e-12,2.881642841012777e-12
28,4.0,8.0,3,3,0.4,25,25,True,57,1.536604177232448e-12,3.194278175300269e-12
28,4.0,8.0,3,6,0.4,25,25,True,67,1.6202039709867222e-12,3.8452019346379984e-12
28,4.0,8.0,6,1,0.4,25,25,True,53,1.4833308192852002e-12,2.934763543294139e-12
28,4.0,8.0,6,3,0.4,25,25,True,56,1.5114298701490725e-12,3.10296233152485e-12
28,4.0,8.0,6,6,0.4,25,25,True,67,1.5655254870239332e-12,3.699318629202253e-12
28,4.0,16.0,1,1,0.4,25,25,True,55,1.5136780717739384e-12,3.044398066975873e-12
28,4.0,16.0,1,3,0.4,25,25,True,59,1.5736856262549281e-12,3.151812144608357e-12
28,4.0,16.0,1,6,0.4,25,25,True,64,1.6197043706256409e-12,3.749889287973929e-12
28,4.0,16.0,3,1,0.4,25,25,True,55,1.495165102838314e-12,3.0298541453532835e-12
28,4.0,16.0,3,3,0.4,25,25,True,63,1.573019492440153e-12,3.469391440802383e-12
28,4.0,16.0,3,6,0.4,25,25,True,75,1.7311707622980066e-12,4.585887225516672e-12
28,4.0,16.0,6,1,0.4,25,25,True,54,1.4609147225286279e-12,2.971706214438541e-12
28,4.0,16.0,6,3,0.4,25,25,True,62,1.5937806630006435e-12,3.6101122091736215e-12
28,4.0,16.0,6,6,0.4,25,25,True,81,1.7885692926711272e-12,5.043854223174549e-12
28,8.0,4.0,1,1,0.4,25,25,True,54,1.484030021266236e-12,1.4653778407716644e-12
28,8.0,4.0,1,3,0.4,25,25,True,54,1.48109302600119e-12,2.9691943348453265e-12
28,8.0,4.0,1,6,0.4,25,25,True,56,1.514899317101026e-12,3.0463964684201983e-12
28,8.0,4.0,3,1,0.4,25,25,True,54,1.4845620392722747e-12,1.4650244992836514e-12
28,8.0,4.0,3,3,0.4,25,25,True,54,1.498454138548766e-12,2.9934804635090018e-12
28,8.0,4.0,3,6,0.4,25,25,True,57,1.5463741398491493e-12,3.2284175333074927e-12
28,8.0,4.0,6,1,0.4,25,25,True,54,1.484596625321577e-12,1.4647881432100496e-12
28,8.0,4.0,6,3,0.4,25,25,True,54,1.4722528751676123e-12,2.921510255937676e-12
28,8.0,4.0,6,6,0.4,25,25,True,56,1.504740776425706e-12,2.967515122520581e-12
28,8.0,8.0,1,1,0.4,25,25,True,53,1.466732985067054e-12,2.947461719138289e-12
28,8.0,8.0,1,3,0.4,25,25,True,55,1.5184797863554422e-12,2.907285523434666e-12
28,8.0,8.0,1,6,0.4,25,25,True,56,1.5147882947985636e-12,3.1618596629812146e-12
28,8.0,8.0,3,1,0.4,25,25,True,53,1.490071954712846e-12,2.982770280768321e-12
28,8.0,8.0,3,3,0.4,25,25,True,55,1.4657164371101317e-12,2.975286683692957e-12
28,8.0,8.0,3,6,0.4,25,25,True,59,1.5273338149768279e-12,3.1523672561206695e-12
28,8.0,8.0,6,1,0.4,25,25,True,53,1.4565848527325898e-12,2.893473655118939e-12
28,8.0,8.0,6,3,0.4,25,25,True,55,1.5109580253636068e-12,2.896460848944571e-12
28,8.0,8.0,6,6,0.4,25,25,True,59,1.5644707751505393e-12,3.363864742311762e-12
28,8.0,16.0,1,1,0.4,25,25,True,54,1.5087930904655877e-12,3.072819776406277e-12
28,8.0,16.0,1,3,0.4,25,25,True,56,1.5287771049088406e-12,3.146427562938925e-12
28,8.0,16.0,1,6,0.4,25,25,True,58,1.557087792036782e-12,3.259281733392072e-12
28,8.0,16.0,3,1,0.4,25,25,True,54,1.4921119895205948e-12,2.992550651725878e-12
28,8.0,16.0,3,3,0.4,25,25,True,58,1.5479284520836245e-12,3.294975403633771e-12
28,8.0,16.0,3,6,0.4,25,25,True,62,1.583344566569167e-12,3.3855140912919524e-12
28,8.0,16.0,6,1,0.4,25,25,True,54,1.4779844015322396e-12,2.9578284266307264e-12
28,8.0,16.0,6,3,0.4,25,25,True,58,1.4905854328617352e-12,3.1611380180152082e-12
28,8.0,16.0,6,6,0.4,25,25,True,64,1.6298074001497298e-12,3.753886090862579e-12
28,16.0,4.0,1,1,0.4,25,25,True,54,1.4842882782237221e-12,1.465055724306219e-12
28,16.0,4.0,1,3,0.4,25,25,True,54,1.4170470352681264e-12,2.834510404170487e-12
28,16.0,4.0,1,6,0.4,25,25,True,54,1.4921397450962104e-12,3.0024871477962733e-12
28,16.0,4.0,3,1,0.4,25,25,True,54,1.4845587866657572e-12,1.4648683741708135e-12
28,16.0,4.0,3,3,0.4,25,25,True,54,1.4794276914642523e-12,2.9207053442448228e-12
28,16.0,4.0,3,6,0.4,25,25,True,55,1.4901413436518851e-12,3.041344953658154e-12
28,16.0,4.0,6,1,0.4,25,25,True,54,1.484574399177041e-12,1.4647483529903194e-12
28,16.0,4.0,6,3,0.4,25,25,True,54,1.4635098688486892e-12,2.9015678748578466e-12
28,16.0,4.0,6,6,0.4,25,25,True,55,1.4727663533165014e-12,2.9157232184218174e-12
28,16.0,8.0,1,1,0.4,25,25,True,53,1.4981141327474745e-12,2.9675602253309563e-12
28,16.0,8.0,1,3,0.4,25,25,True,54,1.4751533328194455e-12,2.954803068888623e-12
28,16.0,8.0,1,6,0.4,25,25,True,55,1.5105139361537567e-12,3.065936393653601e-12
28,16.0,8.0,3,1,0.4,25,25,True,53,1.4596726605198285e-12,2.917163038906878e-12
28,16.0,8.0,3,3,0.4,25,25,True,54,1.4849232954361469e-12,2.98225333317248e-12
28,16.0,8.0,3,6,0.4,25,25,True,56,1.5346612869393539e-12,3.1528113453305195e-12
28,16.0,8.0,6,1,0.4,25,25,True,53,1.4908768664056993e-12,2.911712537745359e-12
28,16.0,8.0,6,3,0.4,25,25,True,54,1.4813150706061151e-12,2.9611868512802175e-12
28,16.0,8.0,6,6,0.4,25,25,True,56,1.5341061754270413e-12,3.0322411248562275e-12
28,16.0,16.0,1,1,0.4,25,25,True,54,1.3597456494096605e-12,2.720601521843946e-12
28,16.0,16.0,1,3,0.4,25,25,True,55,1.5056844659966373e-12,3.0139224449499125e-12
28,16.0,16.0,1,6,0.4,25,25,True,55,1.4442891327348661e-12,2.894073869441627e-12
28,16.0,16.0,3,1,0.4,25,25,True,54,1.4944712134479232e-12,2.9845292903729614e-12
28,16.0,16.0,3,3,0.4,25,25,True,56,1.4229728506620631e-12,2.7613467068476893e-12
28,16.0,16.0,3,6,0.4,25,25,True,57,1.5115131368759194e-12,3.082312183266822e-12
28,16.0,16.0,6,1,0.4,25,25,True,54,1.4464263120572696e-12,2.8676228058799325e-12
28,16.0,16.0,6,3,0.4,25,25,True,56,1.4602208331382371e-12,2.993383318994347e-12
28,16.0,16.0,6,6,0.4,25,25,True,58,1.548039474386087e-12,3.2642777370028853e-12
29,4.0,4.0,1,1,0.4,25,25,True,54,1.4725890862613e-12,1.4247327276284416e-12
29,4.0,4.0,1,3,0.4,25,25,True,55,1.4256373859211635e-12,2.8748808889034194e-12
29,4.0,4.0,1,6,0.4,25,25,True,58,1.561584195286514e-12,3.336997345115833e-12
29,4.0,4.0,3,1,0.4,25,25,True,54,1.4734782404629554e-12,1.42454797957825e-12
29,4.0,4.0,3,3,0.4,25,25,True,55,1.4531709169318674e-12,2.7762375731654743e-12
29,4.0,4.0,3,6,0.4,25,25,True,61,1.4564460748545116e-12,3.2341351818843123e-12
29,4.0,4.0,6,1,0.4,25,25,True,54,1.4736120310110401e-12,1.4243347170109222e-12
29,4.0,4.0,6,3,0.4,25,25,True,54,1.440333963209639e-12,2.812167165799906e-12
29,4.0,4.0,6,6,0.4,25,25,True,59,1.5540346787190629e-12,3.330724585026701e-12
29,4.0,8.0,1,1,0.4,25,25,True,53,1.509441877045603e-12,3.042142926457103e-12
29,4.0,8.0,1,3,0.4,25,25,True,56,1.4773737788686958e-12,3.0261904093720204e-12
29,4.0,8.0,1,6,0.4,25,25,True,61,1.5315526624704034e-12,3.301470208327828e-12
29,4.0,8.0,3,1,0.4,25,25,True,54,1.4566021999673495e-12,2.9252954225622574e-12
29,4.0,8.0,3,3,0.4,25,25,True,57,1.552674655513897e-12,3.2427394103251572e-12
29,4.0,8.0,3,6,0.4,25,25,True,66,1.6317502904428238e-12,3.835820550079916e-12
29,4.0,8.0,6,1,0.4,25,25,True,53,1.477880318123681e-12,2.912017849077131e-12
29,4.0,8.0,6,3,0.4,25,25,True,56,1.525446435834965e-12,3.117783808903596e-12
29,4.0,8.0,6,6,0.4,25,25,True,66,1.6392998070102749e-12,3.852362873146831e-12
29,4.0,16.0,1,1,0.4,25,25,True,55,1.5155654509158012e-12,2.988387315383534e-12
29,4.0,16.0,1,3,0.4,25,25,True,59,1.5721868251716842e-12,3.3661962106634746e-12
29,4.0,16.0,1,6,0.4,25,25,True,64,1.6255885526561542e-12,3.713362950463761e-12
29,4.0,16.0,3,1,0.4,25,25,True,55,1.4899470546225757e-12,2.9444224836083777e-12
29,4.0,16.0,3,3,0.4,25,25,True,62,1.5992207558213067e-12,3.5695890687748033e-12
29,4.0,16.0,3,6,0.4,25,25,True,74,1.7373880112359075e-12,4.539812969994728e-12
29,4.0,16.0,6,1,0.4,25,25,True,54,1.4604706333187778e-12,2.875061300144921e-12
29,4.0,16.0,6,3,0.4,25,25,True,62,1.5212830994926207e-12,3.3905100949027656e-12
29,4.0,16.0,6,6,0.4,25,25,True,80,1.775191105224394e-12,4.9721338157837636e-12
29,8.0,4.0,1,1,0.4,25,25,True,54,1.4730637499724142e-12,1.4245136103693823e-12
29,8.0,4.0,1,3,0.4,25,25,True,54,1.4917095336741681e-12,2.972372348253316e-12
29,8.0,4.0,1,6,0.4,25,25,True,56,1.5141221609837885e-12,3.016364935604088e-12
29,8.0,4.0,3,1,0.4,25,25,True,54,1.4735310411087554e-12,1.424403563848875e-12
29,8.0,4.0,3,3,0.4,25,25,True,54,1.4702961070867104e-12,2.95412305728604e-12
29,8.0,4.0,3,6,0.4,25,25,True,57,1.544375738404824e-12,3.2302494012981242e-12
29,8.0,4.0,6,1,0.4,25,25,True,54,1.4735938164145423e-12,1.4242942762698885e-12
29,8.0,4.0,6,3,0.4,25,25,True,54,1.458957954447726e-12,2.873715154727563e-12
29,8.0,4.0,6,6,0.4,25,25,True,56,1.4926393454572917e-12,2.8920754679973015e-12
29,8.0,8.0,1,1,0.4,25,25,True,53,1.5104549555555735e-12,2.998691572830836e-12
29,8.0,8.0,1,3,0.4,25,25,True,55,1.5116796703296131e-12,3.0661306826829104e-12
29,8.0,8.0,1,6,0.4,25,25,True,56,1.509514735431594e-12,3.1207258999188525e-12
29,8.0,8.0,3,1,0.4,25,25,True,53,1.4834800055041342e-12,2.9940321055743624e-12
29,8.0,8.0,3,3,0.4,25,25,True,55,1.490529921710504e-12,2.976424662293198e-12
29,8.0,8.0,3,6,0.4,25,25,True,59,1.574962382733247e-12,3.3724134596013755e-12
29,8.0,8.0,6,1,0.4,25,25,True,53,1.4615669785555951e-12,2.884553707005466e-12
29,8.0,8.0,6,3,0.4,25,25,True,55,1.5105972028806036e-12,3.0175306697799442e-12
29,8.0,8.0,6,6,0.4,25,25,True,59,1.5367707106861417e-12,3.2291946894247303e-12
29,8.0,16.0,1,1,0.4,25,25,True,54,1.4984680163365738e-12,2.990108161071703e-12
29,8.0,16.0,1,3,0.4,25,25,True,56,1.5072942893823438e-12,3.098854506333737e-12
29,8.0,16.0,1,6,0.4,25,25,True,58,1.5294432387236157e-12,3.2387426074365067e-12
29,8.0,16.0,3,1,0.4,25,25,True,54,1.4966083927703266e-12,3.0156988017893127e-12
29,8.0,16.0,3,3,0.4,25,25,True,58,1.5220602556098584e-12,3.1760705176964166e-12
29,8.0,16.0,3,6,0.4,25,25,True,62,1.5759060723041785e-12,3.2623903578610225e-12
29,8.0,16.0,6,1,0.4,25,25,True,54,1.4992451724538114e-12,2.973343793399863e-12
29,8.0,16.0,6,3,0.4,25,25,True,58,1.5474288517225432e-12,3.274380766526974e-12
29,8.0,16.0,6,6,0.4,25,25,True,64,1.5899503935656867e-12,3.5864644587491057e-12
29,16.0,4.0,1,1,0.4,25,25,True,54,1.4733165859190378e-12,1.4243883850184602e-12
29,16.0,4.0,1,3,0.4,25,25,True,54,1.3141293608853744e-12,2.6286472998293675e-12
29,16.0,4.0,1,6,0.4,25,25,True,54,1.5063505998114124e-12,2.9998781236884042e-12
29,16.0,4.0,3,1,0.4,25,25,True,54,1.4735530504128569e-12,1.4243284286383218e-12
29,16.0,4.0,3,3,0.4,25,25,True,54,1.4699075290280916e-12,2.8953645037077536e-12
29,16.0,4.0,3,6,0.4,25,25,True,55,1.519173675745833e-12,3.042899265892629e-12
29,16.0,4.0,6,1,0.4,25,25,True,54,1.4735895880260697e-12,1.4242736764286112e-12
29,16.0,4.0,6,3,0.4,25,25,True,54,1.4594575548088073e-12,2.8402974416863458e-12
29,16.0,4.0,6,6,0.4,25,25,True,55,1.5046852652744747e-12,3.032962769822234e-12
29,16.0,8.0,1,1,0.4,25,25,True,53,1.4484732857589222e-12,2.8983586364272895e-12
29,16.0,8.0,1,3,0.4,25,25,True,54,1.5032697309180776e-12,2.9892199826520027e-12
29,16.0,8.0,1,6,0.4,25,25,True,55,1.492694856608523e-12,3.0304647680168273e-12
29,16.0,8.0,3,1,0.4,25,25,True,53,1.4581218177323052e-12,2.9251254196616117e-12
29,16.0,8.0,3,3,0.4,25,25,True,54,1.4370726830748026e-12,2.9032887205460156e-12
29,16.0,8.0,3,6,0.4,25,25,True,56,1.5300538613871595e-12,3.149702720861569e-12
29,16.0,8.0,6,1,0.4,25,25,True,53,1.4651301005752515e-12,2.8705440802134774e-12
29,16.0,8.0,6,3,0.4,25,25,True,54,1.446842645691504e-12,2.89995805147214e-12
29,16.0,8.0,6,6,0.4,25,25,True,56,1.5186740753847516e-12,2.9573010706940295e-12
29,16.0,16.0,1,1,0.4,25,25,True,54,1.3460621506311554e-12,2.689931610788676e-12
29,16.0,16.0,1,3,0.4,25,25,True,55,1.4818146709671964e-12,2.9736213491560193e-12
29,16.0,16.0,1,6,0.4,25,25,True,55,1.5113466034222256e-12,3.0143665341597625e-12
29,16.0,16.0,3,1,0.4,25,25,True,54,1.4687417948522352e-12,2.932792897425429e-12
29,16.0,16.0,3,3,0.4,25,25,True,55,1.5207279879803082e-12,3.1319391524675666e-12
29,16.0,16.0,3,6,0.4,25,25,True,57,1.4607759446505497e-12,2.9725666372826254e-12
29,16.0,16.0,6,1,0.4,25,25,True,54,1.4311052343174424e-12,2.833178136540937e-12
29,16.0,16.0,6,3,0.4,25,25,True,55,1.523059456332021e-12,3.112399227234164e-12
29,16.0,16.0,6,6,0.4,25,25,True,58,1.455224829527424e-12,3.0574431875152186e-12
30,4.0,4.0,1,1,0.4,25,25,True,54,1.4913281113498877e-12,1.4193746004920182e-12
30,4.0,4.0,1,3,0.4,25,25,True,55,1.4880457976929051e-12,3.0134089668010233e-12
30,4.0,4.0,1,6,0.4,25,25,True,58,1.5178414081162828e-12,3.2424063434177697e-12
30,4.0,4.0,3,1,0.4,25,25,True,54,1.4919052321663018e-12,1.4192498088219652e-12
30,4.0,4.0,3,3,0.4,25,25,True,54,1.5156209620670325e-12,2.9672514445522324e-12
30,4.0,4.0,3,6,0.4,25,25,True,61,1.5935586183957184e-12,3.495870259939693e-12
30,4.0,4.0,6,1,0.4,25,25,True,54,1.4919989072340045e-12,1.4191161266940977e-12
30,4.0,4.0,6,3,0.4,25,25,True,54,1.4976075934924893e-12,3.0054014832359144e-12
30,4.0,4.0,6,6,0.4,25,25,True,59,1.5646373086042331e-12,3.303579632074616e-12
30,4.0,8.0,1,1,0.4,25,25,True,53,1.4816897708769261e-12,2.955385935976551e-12
30,4.0,8.0,1,3,0.4,25,25,True,56,1.506905711323725e-12,3.035044437993406e-12
30,4.0,8.0,1,6,0.4,25,25,True,61,1.5705770017859777e-12,3.4628966361083258e-12
30,4.0,8.0,3,1,0.4,25,25,True,54,1.4551346239066731e-12,2.851587022068003e-12
30,4.0,8.0,3,3,0.4,25,25,True,57,1.4867274078511628e-12,3.0913882564931328e-12
30,4.0,8.0,3,6,0.4,25,25,True,66,1.6430745652940004e-12,3.780808999209739e-12
30,4.0,8.0,6,1,0.4,25,25,True,53,1.474296379422313e-12,2.794358494595528e-12
30,4.0,8.0,6,3,0.4,25,25,True,56,1.519173675745833e-12,3.0410673979019975e-12
30,4.0,8.0,6,6,0.4,25,25,True,66,1.6150414339222152e-12,3.768207967880244e-12
30,4.0,16.0,1,1,0.4,25,25,True,55,1.4361012379282556e-12,2.8522184614132584e-12
30,4.0,16.0,1,3,0.4,25,25,True,59,1.549760320074256e-12,3.3149039069257924e-12
30,4.0,16.0,1,6,0.4,25,25,True,64,1.612820987872965e-12,3.6979308504214714e-12
30,4.0,16.0,3,1,0.4,25,25,True,55,1.4832579608992091e-12,3.0314917243146056e-12
30,4.0,16.0,3,3,0.4,25,25,True,62,1.5787926521682039e-12,3.4475755583684986e-12
30,4.0,16.0,3,6,0.4,25,25,True,74,1.730615650785694e-12,4.3328673982045984e-12
30,4.0,16.0,6,1,0.4,25,25,True,54,1.5048517987281684e-12,3.033934214968781e-12
30,4.0,16.0,6,3,0.4,25,25,True,61,1.6008860903582445e-12,3.569922135682191e-12
30,4.0,16.0,6,6,0.4,25,25,True,79,1.7679191444130993e-12,4.8476778147232835e-12
30,8.0,4.0,1,1,0.4,25,25,True,54,1.491639277373391e-12,1.4192310521243812e-12
30,8.0,4.0,1,3,0.4,25,25,True,54,1.5031725864034229e-12,2.9978242110928477e-12
30,8.0,4.0,1,6,0.4,25,25,True,55,1.5099033134902129e-12,3.084643651618535e-12
30,8.0,4.0,3,1,0.4,25,25,True,54,1.4919461065882045e-12,1.4191597116214316e-12
30,8.0,4.0,3,3,0.4,25,25,True,54,1.4446221996422537e-12,2.8747421110253413e-12
30,8.0,4.0,3,6,0.4,25,25,True,57,1.4973577933119486e-12,3.12944115066216e-12
30,8.0,4.0,6,1,0.4,25,25,True,54,1.491987306270759e-12,1.4190897805813063e-12
30,8.0,4.0,6,3,0.4,25,25,True,54,1.4476336795965494e-12,2.8465840795632857e-12
30,8.0,4.0,6,6,0.4,25,25,True,56,1.4993006836050427e-12,3.0958013930160178e-12
30,8.0,8.0,1,1,0.4,25,25,True,53,1.4613726895262857e-12,2.9142938062776125e-12
30,8.0,8.0,1,3,0.4,25,25,True,55,1.5098755579145973e-12,3.0279112550601894e-12
30,8.0,8.0,1,6,0.4,25,25,True,56,1.4743206655509766e-12,3.0464519795714295e-12
30,8.0,8.0,3,1,0.4,25,25,True,53,1.478935029997075e-12,2.8307425847806655e-12
30,8.0,8.0,3,3,0.4,25,25,True,55,1.4333256803666927e-12,2.857852843263231e-12
30,8.0,8.0,3,6,0.4,25,25,True,59,1.561362150681589e-12,3.3186231540582867e-12
30,8.0,8.0,6,1,0.4,25,25,True,53,1.455745246570217e-12,2.766304546542031e-12
30,8.0,8.0,6,3,0.4,25,25,True,55,1.4645229473586596e-12,2.904454454721872e-12
30,8.0,8.0,6,6,0.4,25,25,True,59,1.5341061754270413e-12,3.2540081740251026e-12
30,8.0,16.0,1,1,0.4,25,25,True,54,1.4707679518721761e-12,2.92885160568801e-12
30,8.0,16.0,1,3,0.4,25,25,True,56,1.5242807016591087e-12,3.0691005292737827e-12
30,8.0,16.0,1,6,0.4,25,25,True,57,1.5413226250871048e-12,3.212319299450428e-12
30,8.0,16.0,3,1,0.4,25,25,True,54,1.4974965711900268e-12,3.027855743908958e-12
30,8.0,16.0,3,3,0.4,25,25,True,58,1.553424056055519e-12,3.164135620181696e-12
30,8.0,16.0,3,6,0.4,25,25,True,62,1.5737966485573907e-12,3.5338398873818733e-12
30,8.0,16.0,6,1,0.4,25,25,True,54,1.4679923943106132e-12,2.9186097982858428e-12
30,8.0,16.0,6,3,0.4,25,25,True,57,1.4998557951173552e-12,3.116951141635127e-12
30,8.0,16.0,6,6,0.4,25,25,True,64,1.6266432645295481e-12,3.400724146729317e-12
30,16.0,4.0,1,1,0.4,25,25,True,54,1.4918058108270849e-12,1.4191491948603585e-12
30,16.0,4.0,1,3,0.4,25,25,True,54,1.4977602491583752e-12,2.8121394102242903e-12
30,16.0,4.0,1,6,0.4,25,25,True,54,1.4370171719235714e-12,2.846778368592595e-12
30,16.0,4.0,3,1,0.4,25,25,True,54,1.49196204436014e-12,1.419111030943887e-12
30,16.0,4.0,3,3,0.4,25,25,True,54,1.4612339116482076e-12,2.872063697978433e-12
30,16.0,4.0,3,6,0.4,25,25,True,55,1.4906409440129664e-12,2.9874991369638337e-12
30,16.0,4.0,6,1,0.4,25,25,True,54,1.491982969462069e-12,1.4190764448945847e-12
30,16.0,4.0,6,3,0.4,25,25,True,54,1.4554607519201568e-12,2.7857854911772506e-12
30,16.0,4.0,6,6,0.4,25,25,True,55,1.479372180313021e-12,2.94364532749114e-12
30,16.0,8.0,1,1,0.4,25,25,True,53,1.449531467079268e-12,2.826669454059072e-12
30,16.0,8.0,1,3,0.4,25,25,True,54,1.4858947405826939e-12,2.9560243142157105e-12
30,16.0,8.0,1,6,0.4,25,25,True,55,1.4735990205849703e-12,2.9964919434632975e-12
30,16.0,8.0,3,1,0.4,25,25,True,53,1.4579275287029958e-12,2.7842866900940066e-12
30,16.0,8.0,3,3,0.4,25,25,True,54,1.5114853813003037e-12,2.9510283106048973e-12
30,16.0,8.0,3,6,0.4,25,25,True,56,1.4830359162942841e-12,2.96129787358268e-12
30,16.0,8.0,6,1,0.4,25,25,True,53,1.446238961921864e-12,2.7520000167591263e-12
30,16.0,8.0,6,3,0.4,25,25,True,54,1.5035195310986182e-12,2.93304269760597e-12
30,16.0,8.0,6,6,0.4,25,25,True,56,1.5079049120458876e-12,2.8929081352657704e-12
30,16.0,16.0,1,1,0.4,25,25,True,54,1.3334888748772755e-12,2.661898479416891e-12
30,16.0,16.0,1,3,0.4,25,25,True,55,1.5069612224749562e-12,2.985389713217046e-12
30,16.0,16.0,1,6,0.4,25,25,True,55,1.4925283231548292e-12,2.9734548157023255e-12
30,16.0,16.0,3,1,0.4,25,25,True,54,1.4881151866319442e-12,2.9275470936340753e-12
30,16.0,16.0,3,3,0.4,25,25,True,55,1.5284995491526843e-12,3.110955937302151e-12
30,16.0,16.0,3,6,0.4,25,25,True,57,1.5515366769136563e-12,3.270439474789555e-12
30,16.0,16.0,6,1,0.4,25,25,True,54,1.4973577933119486e-12,2.8846092181566974e-12
30,16.0,16.0,6,3,0.4,25,25,True,55,1.5221712779123209e-12,3.056443986793056e-12
30,16.0,16.0,6,6,0.4,25,25,True,58,1.5472068071176182e-12,3.121225500279934e-12
31,4.0,4.0,1,1,0.4,25,25,True,54,1.4912555240144398e-12,1.3967721293819957e-12
31,4.0,4.0,1,3,0.4,25,25,True,55,1.5103751582756786e-12,3.0504349046722723e-12
31,4.0,4.0,1,6,0.4,25,25,True,58,1.5331069747048787e-12,3.1848412795909553e-12
31,4.0,4.0,3,1,0.4,25,25,True,54,1.489462524671692e-12,1.3967892055662123e-12
31,4.0,4.0,3,3,0.4,25,25,True,54,1.4584722318744525e-12,2.8593100109830516e-12
31,4.0,4.0,3,6,0.4,25,25,True,61,1.5811241205199167e-12,3.3965608103869727e-12
31,4.0,4.0,6,1,0.4,25,25,True,54,1.489553977124941e-12,1.3967355375586743e-12
31,4.0,4.0,6,3,0.4,25,25,True,54,1.493138945818373e-12,2.9814761770552423e-12
31,4.0,4.0,6,6,0.4,25,25,True,59,1.4433454431639348e-12,3.03235214715869e-12
31,4.0,8.0,1,1,0.4,25,25,True,53,1.476985200810077e-12,2.976265067733408e-12
31,4.0,8.0,1,3,0.4,25,25,True,56,1.4389600622166654e-12,2.9287405833855473e-12
31,4.0,8.0,1,6,0.4,25,25,True,61,1.5582535262126385e-12,3.433420214804528e-12
31,4.0,8.0,3,1,0.4,25,25,True,54,1.4672811576854627e-12,2.7803384594626834e-12
31,4.0,8.0,3,3,0.4,25,25,True,57,1.491640144735129e-12,3.096217726650252e-12
31,4.0,8.0,3,6,0.4,25,25,True,66,1.652677994457008e-12,3.895994638014599e-12
31,4.0,8.0,6,1,0.4,25,25,True,53,1.4919281088321412e-12,3.016503713482166e-12
31,4.0,8.0,6,3,0.4,25,25,True,56,1.4910295220715852e-12,3.0567215425492122e-12
31,4.0,8.0,6,6,0.4,25,25,True,65,1.6042722705833512e-12,3.727573805178963e-12
31,4.0,16.0,1,1,0.4,25,25,True,54,1.481398337332962e-12,2.995020897955669e-12
31,4.0,16.0,1,3,0.4,25,25,True,59,1.5642487305456143e-12,3.3405500587946335e-12
31,4.0,16.0,1,6,0.4,25,25,True,64,1.563749130184533e-12,3.5905722839402188e-12
31,4.0,16.0,3,1,0.4,25,25,True,55,1.4134249326502868e-12,2.877975635584562e-12
31,4.0,16.0,3,3,0.4,25,25,True,62,1.603162047558726e-12,3.247180302423658e-12
31,4.0,16.0,3,6,0.4,25,25,True,73,1.677213923301224e-12,4.3718362263689414e-12
31,4.0,16.0,6,1,0.4,25,25,True,54,1.4706014184184824e-12,2.967209811188809e-12
31,4.0,16.0,6,3,0.4,25,25,True,61,1.5954459975375812e-12,3.51824125388589e-12
31,4.0,16.0,6,6,0.4,25,25,True,79,1.7670309659933991e-12,4.7677972681015035e-12
31,8.0,4.0,1,1,0.4,25,25,True,54,1.4892578815116353e-12,1.39674437380638e-12
31,8.0,4.0,1,3,0.4,25,25,True,54,1.4836881723212514e-12,2.9602292839214783e-12
31,8.0,4.0,1,6,0.4,25,25,True,55,1.4837575612602905e-12,3.0274671658503394e-12
31,8.0,4.0,3,1,0.4,25,25,True,54,1.4895060553889172e-12,1.3967499574475684e-12
31,8.0,4.0,3,3,0.4,25,25,True,54,1.4216544608203208e-12,2.823463685075467e-12
31,8.0,4.0,3,6,0.4,25,25,True,57,1.5302203948408533e-12,3.135214310390211e-12
31,8.0,4.0,6,1,0.4,25,25,True,54,1.4895529471328772e-12,1.3967229066033648e-12
31,8.0,4.0,6,3,0.4,25,25,True,54,1.4371559498016495e-12,2.822242439748379e-12
31,8.0,4.0,6,6,0.4,25,25,True,56,1.4953593918676233e-12,3.0658253713511385e-12
31,8.0,8.0,1,1,0.4,25,25,True,53,1.460973703126811e-12,2.82845968868628e-12
31,8.0,8.0,1,3,0.4,25,25,True,55,1.4963863481654016e-12,2.9808377988160828e-12
31,8.0,8.0,1,6,0.4,25,25,True,56,1.5273893261280591e-12,3.0659919048048323e-12
31,8.0,8.0,3,1,0.4,25,25,True,53,1.5191389812763134e-12,3.0338856427114536e-12
31,8.0,8.0,3,3,0.4,25,25,True,55,1.5165368960623482e-12,3.092942568727608e-12
31,8.0,8.0,3,6,0.4,25,25,True,59,1.5479839632348558e-12,3.2214231282523542e-12
31,8.0,8.0,6,1,0.4,25,25,True,53,1.4854818763954114e-12,2.9935880163645123e-12
31,8.0,8.0,6,3,0.4,25,25,True,54,1.4970524819801767e-12,2.9620195185486864e-12
31,8.0,8.0,6,6,0.4,25,25,True,59,1.5195622538044518e-12,3.162803352552146e-12
31,8.0,16.0,1,1,0.4,25,25,True,54,1.4966916594971735e-12,3.008038262919399e-12
31,8.0,16.0,1,3,0.4,25,25,True,56,1.5335510639147287e-12,3.03279623636854e-12
31,8.0,16.0,1,6,0.4,25,25,True,57,1.535993554568904e-12,3.1579183712437953e-12
31,8.0,16.0,3,1,0.4,25,25,True,54,1.5224765892440928e-12,3.0984936838507338e-12
31,8.0,16.0,3,3,0.4,25,25,True,57,1.5535350783579815e-12,3.201550136111564e-12
31,8.0,16.0,3,6,0.4,25,25,True,61,1.6072143615986079e-12,3.5407787812857805e-12
31,8.0,16.0,6,1,0.4,25,25,True,54,1.5019929744397587e-12,3.0046243271186768e-12
31,8.0,16.0,6,3,0.4,25,25,True,57,1.544819827614674e-12,3.212152765996734e-12
31,8.0,16.0,6,6,0.4,25,25,True,63,1.6168733019128467e-12,3.671007942074311e-12
31,16.0,4.0,1,1,0.4,25,25,True,54,1.4894007251478603e-12,1.3967281107737928e-12
31,16.0,4.0,1,3,0.4,25,25,True,54,1.4077489174368907e-12,2.7834540228255378e-12
31,16.0,4.0,1,6,0.4,25,25,True,54,1.4221956945448255e-12,2.8214097724799103e-12
31,16.0,4.0,3,1,0.4,25,25,True,54,1.4895282273233446e-12,1.3967304418084636e-12
31,16.0,4.0,3,3,0.4,25,25,True,54,1.4951095916870827e-12,2.8924362904803047e-12
31,16.0,4.0,3,6,0.4,25,25,True,55,1.4955814364725484e-12,2.9674041002181184e-12
31,16.0,4.0,6,1,0.4,25,25,True,54,1.489551103989184e-12,1.396716672440873e-12
31,16.0,4.0,6,3,0.4,25,25,True,54,1.4524353941780532e-12,2.7675362002099746e-12
31,16.0,4.0,6,6,0.4,25,25,True,55,1.505628954845406e-12,3.037736728828122e-12
31,16.0,8.0,1,1,0.4,25,25,True,53,1.4515333379705453e-12,2.752170019659772e-12
31,16.0,8.0,1,3,0.4,25,25,True,54,1.5051571100599404e-12,2.9594104944408173e-12
31,16.0,8.0,1,6,0.4,25,25,True,55,1.4574452755766742e-12,2.9655167210762556e-12
31,16.0,8.0,3,1,0.4,25,25,True,53,1.5101114803073301e-12,3.0212291002307268e-12
31,16.0,8.0,3,3,0.4,25,25,True,54,1.5107637363342974e-12,3.0576097209689124e-12
31,16.0,8.0,3,6,0.4,25,25,True,56,1.5052958879380185e-12,3.042677221287704e-12
31,16.0,8.0,6,1,0.4,25,25,True,53,1.482227535154479e-12,2.981871694007765e-12
31,16.0,8.0,6,3,0.4,25,25,True,54,1.4623580124606406e-12,2.870037540958492e-12
31,16.0,8.0,6,6,0.4,25,25,True,56,1.4852008511923032e-12,3.036904061559653e-12
31,16.0,16.0,1,1,0.4,25,25,True,54,1.3218870442699426e-12,2.6359192606406623e-12
31,16.0,16.0,1,3,0.4,25,25,True,54,1.503241975342462e-12,3.0370150838621157e-12
31,16.0,16.0,1,6,0.4,25,25,True,55,1.4796497360691774e-12,2.9364843889823078e-12
31,16.0,16.0,3,1,0.4,25,25,True,54,1.5063505998114124e-12,2.993771897052966e-12
31,16.0,16.0,3,3,0.4,25,25,True,55,1.4797607583716399e-12,3.0089264413390993e-12
31,16.0,16.0,3,6,0.4,25,25,True,57,1.5210055437364645e-12,3.192779374217025e-12
31,16.0,16.0,6,1,0.4,25,25,True,54,1.4836742945334436e-12,2.857269976175303e-12
31,16.0,16.0,6,3,0.4,25,25,True,55,1.5126788710517758e-12,3.043121310497554e-12
31,16.0,16.0,6,6,0.4,25,25,True,58,1.5415446696920299e-12,3.2713831643604863e-12
32,4.0,4.0,1,1,0.4,25,25,True,54,1.441613321773172e-12,1.3782929333440441e-12
32,4.0,4.0,1,3,0.4,25,25,True,55,1.5076412340775391e-12,3.0072611068021615e-12
32,4.0,4.0,1,6,0.4,25,25,True,58,1.549760320074256e-12,3.2292502005759616e-12
32,4.0,4.0,3,1,0.4,25,25,True,54,1.493634697261742e-12,1.394321181950875e-12
32,4.0,4.0,3,3,0.4,25,25,True,54,1.5092510574632456e-12,3.059816289230355e-12
32,4.0,4.0,3,6,0.4,25,25,True,60,1.5842327449888671e-12,3.4738323329008836e-12
32,4.0,4.0,6,1,0.4,25,25,True,54,1.4895476887523407e-12,1.3893272383241895e-12
32,4.0,4.0,6,3,0.4,25,25,True,54,1.4916817780985525e-12,2.9622276853658036e-12
32,4.0,4.0,6,6,0.4,25,25,True,59,1.3382628338831637e-12,2.797873044357857e-12
32,4.0,8.0,1,1,0.4,25,25,True,53,1.4744594434290548e-12,2.869076504152801e-12
32,4.0,8.0,1,3,0.4,25,25,True,56,1.5354384430565915e-12,3.1305236181111695e-12
32,4.0,8.0,1,6,0.4,25,25,True,60,1.5935586183957184e-12,3.4496849821152864e-12
32,4.0,8.0,3,1,0.4,25,25,True,54,1.4828450967119267e-12,2.9550008273648842e-12
32,4.0,8.0,3,3,0.4,25,25,True,57,1.5390466678866233e-12,3.1563918145849357e-12
32,4.0,8.0,3,6,0.4,25,25,True,65,1.6082690734720018e-12,3.739231146937527e-12
32,4.0,8.0,6,1,0.4,25,25,True,53,1.4764023337221488e-12,2.972531942813106e-12
32,4.0,8.0,6,3,0.4,25,25,True,55,1.5188406088384454e-12,3.1184221871427553e-12
32,4.0,8.0,6,6,0.4,25,25,True,65,1.6232570843044414e-12,3.6682323845127485e-12
32,4.0,16.0,1,1,0.4,25,25,True,54,1.4971496264948314e-12,2.9780344856789043e-12
32,4.0,16.0,1,3,0.4,25,25,True,58,1.553646100660444e-12,3.3289482281873006e-12
32,4.0,16.0,1,6,0.4,25,25,True,63,1.5831780331154732e-12,3.6355363164375376e-12
32,4.0,16.0,3,1,0.4,25,25,True,54,1.5100698469439067e-12,3.0679764284613498e-12
32,4.0,16.0,3,3,0.4,25,25,True,61,1.5852319457110298e-12,3.5265679265705785e-12
32,4.0,16.0,3,6,0.4,25,25,True,73,1.7016388298429774e-12,4.383160501220118e-12
32,4.0,16.0,6,1,0.4,25,25,True,54,1.483119183021131e-12,2.9527491562930663e-12
32,4.0,16.0,6,3,0.4,25,25,True,61,1.4734879982825078e-12,3.22830651100503e-12
32,4.0,16.0,6,6,0.4,25,25,True,78,1.7432721932664208e-12,4.550748666787285e-12
32,8.0,4.0,1,1,0.4,25,25,True,54,1.498345772541626e-12,1.3978066750949814e-12
32,8.0,4.0,1,3,0.4,25,25,True,54,1.4658135816247864e-12,2.9252850142214015e-12
32,8.0,4.0,1,6,0.4,25,25,True,55,1.5066836667188e-12,3.052336161601943e-12
32,8.0,4.0,3,1,0.4,25,25,True,54,1.49134654278682e-12,1.3912972336715956e-12
32,8.0,4.0,3,3,0.4,25,25,True,54,1.5023260413471462e-12,2.9243829580138936e-12
32,8.0,4.0,3,6,0.4,25,25,True,57,1.5376033779546106e-12,3.2158720131292284e-12
32,8.0,4.0,6,1,0.4,25,25,True,54,1.4892705666770534e-12,1.388745563858651e-12
32,8.0,4.0,6,3,0.4,25,25,True,54,1.4276080317898732e-12,2.800260023860801e-12
32,8.0,4.0,6,6,0.4,25,25,True,56,1.5291101718162281e-12,3.1295521729646225e-12
32,8.0,8.0,1,1,0.4,25,25,True,53,1.5198016456441366e-12,3.025548561685909e-12
32,8.0,8.0,1,3,0.4,25,25,True,55,1.4906964551641977e-12,3.029132500387277e-12
32,8.0,8.0,1,6,0.4,25,25,True,56,1.5338841308221163e-12,3.0400126860286036e-12
32,8.0,8.0,3,1,0.4,25,25,True,53,1.5021595078934524e-12,3.005814347423197e-12
32,8.0,8.0,3,3,0.4,25,25,True,55,1.5146217613448698e-12,3.06257796900411e-12
32,8.0,8.0,3,6,0.4,25,25,True,59,1.5670797992584085e-12,3.1655233989624776e-12
32,8.0,8.0,6,1,0.4,25,25,True,53,1.4692413952133165e-12,2.951808936169087e-12
32,8.0,8.0,6,3,0.4,25,25,True,54,1.5042966872158559e-12,2.991829006759872e-12
32,8.0,8.0,6,6,0.4,25,25,True,59,1.4195311592857252e-12,2.9444224836083777e-12
32,8.0,16.0,1,1,0.4,25,25,True,54,1.5066975445066078e-12,3.0344754486932857e-12
32,8.0,16.0,1,3,0.4,25,25,True,56,1.5173418077552014e-12,3.109845714277526e-12
32,8.0,16.0,1,6,0.4,25,25,True,57,1.5560885913146194e-12,3.2335245592207684e-12
32,8.0,16.0,3,1,0.4,25,25,True,54,1.4880319199050973e-12,3.007677440436396e-12
32,8.0,16.0,3,3,0.4,25,25,True,57,1.4783729795908584e-12,3.016864535965169e-12
32,8.0,16.0,3,6,0.4,25,25,True,61,1.5957235532937375e-12,3.5706437806481972e-12
32,8.0,16.0,6,1,0.4,25,25,True,54,1.476235800268455e-12,2.9566904480304856e-12
32,8.0,16.0,6,3,0.4,25,25,True,57,1.5317747070753285e-12,3.108957535857826e-12
32,8.0,16.0,6,6,0.4,25,25,True,63,1.6026624471976447e-12,3.640532320048351e-12
32,16.0,4.0,1,1,0.4,25,25,True,54,1.4938024233378255e-12,1.393128559561141e-12
32,16.0,4.0,1,3,0.4,25,25,True,54,1.4433731987395504e-12,2.7388230572356065e-12
32,16.0,4.0,1,6,0.4,25,25,True,54,1.4088175070980924e-12,2.7980395778115508e-12
32,16.0,4.0,3,1,0.4,25,25,True,54,1.4901783149459669e-12,1.389741403554079e-12
32,16.0,4.0,3,3,0.4,25,25,True,54,1.4891143873541068e-12,2.9845986793120005e-12
32,16.0,4.0,3,6,0.4,25,25,True,55,1.494859791506542e-12,2.9450886174231528e-12
32,16.0,4.0,6,1,0.4,25,25,True,54,1.4891323309000615e-12,1.388450498237409e-12
32,16.0,4.0,6,3,0.4,25,25,True,53,1.4958728700165125e-12,2.949321342704536e-12
32,16.0,4.0,6,6,0.4,25,25,True,55,1.4831469385967466e-12,2.9428681713739024e-12
32,16.0,8.0,1,1,0.4,25,25,True,53,1.4542742010625886e-12,2.9260274758691196e-12
32,16.0,8.0,1,3,0.4,25,25,True,54,1.489253165232185e-12,2.92929569489786e-12
32,16.0,8.0,1,6,0.4,25,25,True,55,1.4403478409974468e-12,2.935041099050295e-12
32,16.0,8.0,3,1,0.4,25,25,True,53,1.4822483518361906e-12,2.9669426637735086e-12
32,16.0,8.0,3,3,0.4,25,25,True,54,1.4850343177386094e-12,3.004013704455133e-12
32,16.0,8.0,3,6,0.4,25,25,True,56,1.3962164757685969e-12,2.8356206271951123e-12
32,16.0,8.0,6,1,0.4,25,25,True,53,1.4656990898753719e-12,2.9412236535186764e-12
32,16.0,8.0,6,3,0.4,25,25,True,54,1.4980239271267237e-12,2.8866908863278695e-12
32,16.0,8.0,6,6,0.4,25,25,True,56,1.52478030202019e-12,3.0240809856252326e-12
32,16.0,16.0,1,1,0.4,25,25,True,54,1.3522516439934407e-12,2.611924565520951e-12
32,16.0,16.0,1,3,0.4,25,25,True,54,1.5132339825640884e-12,3.0436764220098667e-12
32,16.0,16.0,1,6,0.4,25,25,True,55,1.523059456332021e-12,3.121225500279934e-12
32,16.0,16.0,3,1,0.4,25,25,True,54,1.483868583562753e-12,2.951430766451324e-12
32,16.0,16.0,3,3,0.4,25,25,True,55,1.4342971255132397e-12,2.9157232184218174e-12
32,16.0,16.0,3,6,0.4,25,25,True,57,1.5186740753847516e-12,3.1411540035719554e-12
32,16.0,16.0,6,1,0.4,25,25,True,54,1.471073263203948e-12,2.8324842471505463e-12
32,16.0,16.0,6,3,0.4,25,25,True,55,1.5002998843272053e-12,3.0411229090532288e-12
32,16.0,16.0,6,6,0.4,25,25,True,58,1.4617751453727124e-12,3.0923597016396798e-12
33,4.0,4.0,1,1,0.4,25,25,True,54,1.4442125880614887e-12,1.372794673076827e-12
33,4.0,4.0,1,3,0.4,25,25,True,54,1.5043521983670871e-12,3.037889384494008e-12
33,4.0,4.0,1,6,0.4,25,25,True,58,1.527167281523134e-12,3.241407142695607e-12
33,4.0,4.0,3,1,0.4,25,25,True,54,1.4442630034625092e-12,1.372721381009967e-12
33,4.0,4.0,3,3,0.4,25,25,True,54,1.4970802375557923e-12,3.006095372626305e-12
33,4.0,4.0,3,6,0.4,25,25,True,60,1.5875079029115113e-12,3.4755531785890525e-12
33,4.0,4.0,6,1,0.4,25,25,True,54,1.4442536793238259e-12,1.3726716703403585e-12
33,4.0,4.0,6,3,0.4,25,25,True,54,1.4694911953938572e-12,2.9245356136797795e-12
33,4.0,4.0,6,6,0.4,25,25,True,59,1.4785395130445522e-12,3.1329383531897292e-12
33,4.0,8.0,1,1,0.4,25,25,True,53,1.4735990205849703e-12,2.763679909922878e-12
33,4.0,8.0,1,3,0.4,25,25,True,56,1.4958589922287047e-12,3.083588939745141e-12
33,4.0,8.0,1,6,0.4,25,25,True,60,1.5651924201165457e-12,3.3284486278262193e-12
33,4.0,8.0,3,1,0.4,25,25,True,53,1.4978244339269864e-12,2.9746552443477015e-12
33,4.0,8.0,3,3,0.4,25,25,True,57,1.5240586570541836e-12,3.157030192824095e-12
33,4.0,8.0,3,6,0.4,25,25,True,65,1.6395773627664312e-12,3.844979890033073e-12
33,4.0,8.0,6,1,0.4,25,25,True,53,1.4849510510117625e-12,2.8953887898364172e-12
33,4.0,8.0,6,3,0.4,25,25,True,55,1.4921397450962104e-12,3.0402347306335287e-12
33,4.0,8.0,6,6,0.4,25,25,True,65,1.5304424394457783e-12,3.5009217747017374e-12
33,4.0,16.0,1,1,0.4,25,25,True,54,1.5026313526789181e-12,3.0458691124835013e-12
33,4.0,16.0,1,3,0.4,25,25,True,58,1.5511480988550375e-12,3.2511771053123084e-12
33,4.0,16.0,1,6,0.4,25,25,True,63,1.5640821970919205e-12,3.557931727016239e-12
33,4.0,16.0,3,1,0.4,25,25,True,54,1.4735296316459312e-12,2.950320543426699e-12
33,4.0,16.0,3,3,0.4,25,25,True,61,1.5359380434176728e-12,3.4228175849193576e-12
33,4.0,16.0,3,6,0.4,25,25,True,73,1.7078560787808783e-12,4.30866453626777e-12
33,4.0,16.0,6,1,0.4,25,25,True,54,1.5103057693366395e-12,2.960465206314211e-12
33,4.0,16.0,6,3,0.4,25,25,True,60,1.5843992784425609e-12,3.451572361257149e-12
33,4.0,16.0,6,6,0.4,25,25,True,77,1.7543744235126724e-12,4.541034215321815e-12
33,8.0,4.0,1,1,0.4,25,25,True,54,1.444227821102012e-12,1.372729891997021e-12
33,8.0,4.0,1,3,0.4,25,25,True,54,1.5025480859520712e-12,2.9696245462673687e-12
33,8.0,4.0,1,6,0.4,25,25,True,55,1.4815926263622714e-12,3.000710790956873e-12
33,8.0,4.0,3,1,0.4,25,25,True,54,1.4442537335339345e-12,1.3726887465245752e-12
33,8.0,4.0,3,3,0.4,25,25,True,54,1.4910156442837774e-12,2.892325268177842e-12
33,8.0,4.0,3,6,0.4,25,25,True,56,1.542210803506805e-12,3.198552533945076e-12
33,8.0,4.0,6,1,0.4,25,25,True,54,1.4442489630443756e-12,1.3726640267150425e-12
33,8.0,4.0,6,3,0.4,25,25,True,54,1.4189760477734126e-12,2.7804841762346655e-12
33,8.0,4.0,6,6,0.4,25,25,True,56,1.5187295865359829e-12,3.025635297859708e-12
33,8.0,8.0,1,1,0.4,25,25,True,53,1.4891681637818621e-12,2.981493524290002e-12
33,8.0,8.0,1,3,0.4,25,25,True,55,1.4773182677174646e-12,2.9863889139392086e-12
33,8.0,8.0,1,6,0.4,25,25,True,56,1.5026313526789181e-12,2.975508728297882e-12
33,8.0,8.0,3,1,0.4,25,25,True,53,1.484539921547956e-12,2.918443264832149e-12
33,8.0,8.0,3,3,0.4,25,25,True,55,1.5035750422498495e-12,3.00034996847387e-12
33,8.0,8.0,3,6,0.4,25,25,True,58,1.531663684772866e-12,3.2875924205200135e-12
33,8.0,8.0,6,1,0.4,25,25,True,53,1.4758142624637927e-12,2.8797433188065824e-12
33,8.0,8.0,6,3,0.4,25,25,True,54,1.4965251260434798e-12,3.021138894609976e-12
33,8.0,8.0,6,6,0.4,25,25,True,58,1.4737100428874328e-12,2.99749114418546e-12
33,8.0,16.0,1,1,0.4,25,25,True,54,1.4979822937633003e-12,2.923980502167467e-12
33,8.0,16.0,1,3,0.4,25,25,True,56,1.5289991495137656e-12,3.1398217359424052e-12
33,8.0,16.0,1,6,0.4,25,25,True,57,1.5321632851339473e-12,3.165412376660015e-12
33,8.0,16.0,3,1,0.4,25,25,True,54,1.4542395065930691e-12,2.9392599465438707e-12
33,8.0,16.0,3,3,0.4,25,25,True,57,1.5248913243226525e-12,3.2154279239193784e-12
33,8.0,16.0,3,6,0.4,25,25,True,61,1.6024404025927197e-12,3.5612623960901146e-12
33,8.0,16.0,6,1,0.4,25,25,True,54,1.5051571100599404e-12,2.9743707496976413e-12
33,8.0,16.0,6,3,0.4,25,25,True,57,1.4742096432485141e-12,2.9226621123257246e-12
33,8.0,16.0,6,6,0.4,25,25,True,63,1.5158985178231887e-12,3.3698044354935064e-12
33,16.0,4.0,1,1,0.4,25,25,True,54,1.4442355731475454e-12,1.3726944927960893e-12
33,16.0,4.0,1,3,0.4,25,25,True,54,1.4628298572461063e-12,2.7499114096940502e-12
33,16.0,4.0,1,6,0.4,25,25,True,54,1.5091816685242065e-12,2.8894664438894324e-12
33,16.0,4.0,3,1,0.4,25,25,True,54,1.4442481498927462e-12,1.3726728087526396e-12
33,16.0,4.0,3,3,0.4,25,25,True,54,1.4745010767924782e-12,2.949918087580272e-12
33,16.0,4.0,3,6,0.4,25,25,True,55,1.4713230633844887e-12,2.898403739237665e-12
33,16.0,4.0,6,1,0.4,25,25,True,54,1.4442465235894875e-12,1.3726598525366784e-12
33,16.0,4.0,6,3,0.4,25,25,True,53,1.4886425425686411e-12,2.93945423557318e-12
33,16.0,4.0,6,6,0.4,25,25,True,55,1.5042411760646246e-12,2.900346629530759e-12
33,16.0,8.0,1,1,0.4,25,25,True,53,1.4660460345705673e-12,2.919130215328636e-12
33,16.0,8.0,1,3,0.4,25,25,True,54,1.4749035326389048e-12,2.9185542871346115e-12
33,16.0,8.0,1,6,0.4,25,25,True,55,1.4352963262354024e-12,2.9153346403631986e-12
33,16.0,8.0,3,1,0.4,25,25,True,53,1.490146547822313e-12,2.9003605073185668e-12
33,16.0,8.0,3,3,0.4,25,25,True,54,1.4609424781042435e-12,2.954358979678773e-12
33,16.0,8.0,3,6,0.4,25,25,True,56,1.5317191959240972e-12,2.9976021664879227e-12
33,16.0,8.0,6,1,0.4,25,25,True,53,1.4873293568973267e-12,2.88260734726542e-12
33,16.0,8.0,6,3,0.4,25,25,True,54,1.506461622113875e-12,2.8771152127404775e-12
33,16.0,8.0,6,6,0.4,25,25,True,56,1.5151768728571824e-12,3.0792035587978717e-12
33,16.0,16.0,1,1,0.4,25,25,True,54,1.3032769308196634e-12,2.5902752165407605e-12
33,16.0,16.0,1,3,0.4,25,25,True,54,1.4917511670375916e-12,3.001376924771648e-12
33,16.0,16.0,1,6,0.4,25,25,True,55,1.5090151350705128e-12,3.092193168185986e-12
33,16.0,16.0,3,1,0.4,25,25,True,54,1.4914597334936275e-12,2.93767787873378e-12
33,16.0,16.0,3,3,0.4,25,25,True,55,1.4932499681208355e-12,2.9648505872614805e-12
33,16.0,16.0,3,6,0.4,25,25,True,57,1.4752088439706768e-12,3.0482283364108298e-12
33,16.0,16.0,6,1,0.4,25,25,True,54,1.4582224316939119e-12,2.8100438642653103e-12
33,16.0,16.0,6,3,0.4,25,25,True,55,1.5162870958818075e-12,2.9962698988583725e-12
33,16.0,16.0,6,6,0.4,25,25,True,58,1.5424883592629612e-12,3.0957458818647865e-12
34,4.0,4.0,1,1,0.4,25,25,True,54,1.4463202499797462e-12,1.3683399031905186e-12
34,4.0,4.0,1,3,0.4,25,25,True,54,1.4696299732719353e-12,2.9672514445522324e-12
34,4.0,4.0,1,6,0.4,25,25,True,58,1.5588641488761823e-12,3.2436275887448573e-12
34,4.0,4.0,3,1,0.4,25,25,True,54,1.4463518815781284e-12,1.3682922253999835e-12
34,4.0,4.0,3,3,0.4,25,25,True,54,1.4566264860960132e-12,2.923758457562542e-12
34,4.0,4.0,3,6,0.4,25,25,True,60,1.5782930518071225e-12,3.439026841078885e-12
34,4.0,4.0,6,1,0.4,25,25,True,54,1.4463468400380264e-12,1.3682619219492625e-12
34,4.0,4.0,6,3,0.4,25,25,True,54,1.4494933031627966e-12,2.8905211557628263e-12
34,4.0,4.0,6,6,0.4,25,25,True,58,1.5321632851339473e-12,3.251732216824621e-12
34,4.0,8.0,1,1,0.4,25,25,True,53,1.4814122151207698e-12,2.9886544627988343e-12
34,4.0,8.0,1,3,0.4,25,25,True,56,1.5009660181419804e-12,3.044703378307645e-12
34,4.0,8.0,1,6,0.4,25,25,True,60,1.5801804309489853e-12,3.2793767701377874e-12
34,4.0,8.0,3,1,0.4,25,25,True,53,1.4949725485324805e-12,2.8770597015892463e-12
34,4.0,8.0,3,3,0.4,25,25,True,56,1.5290546606649968e-12,3.137518023166308e-12
34,4.0,8.0,3,6,0.4,25,25,True,65,1.634137269945768e-12,3.661515535213766e-12
34,4.0,8.0,6,1,0.4,25,25,True,53,1.474292909975361e-12,2.805438173436592e-12
34,4.0,8.0,6,3,0.4,25,25,True,55,1.4553913629811177e-12,2.9309887850104133e-12
34,4.0,8.0,6,6,0.4,25,25,True,64,1.5855650126184173e-12,3.6112224321982467e-12
34,4.0,16.0,1,1,0.4,25,25,True,54,1.4988704721830004e-12,2.976105473173618e-12
34,4.0,16.0,1,3,0.4,25,25,True,58,1.5576429035490946e-12,3.321287689317387e-12
34,4.0,16.0,1,6,0.4,25,25,True,63,1.5946133302691123e-12,3.536171355733586e-12
34,4.0,16.0,3,1,0.4,25,25,True,54,1.5126927488395836e-12,3.067726628280809e-12
34,4.0,16.0,3,3,0.4,25,25,True,61,1.565692020477627e-12,3.2822633500018128e-12
34,4.0,16.0,3,6,0.4,25,25,True,72,1.7190693313295924e-12,4.243605467024736e-12
34,4.0,16.0,6,1,0.4,25,25,True,54,1.4786505353470147e-12,2.8883284652891916e-12
34,4.0,16.0,6,3,0.4,25,25,True,60,1.5785706075632788e-12,3.433420214804528e-12
34,4.0,16.0,6,6,0.4,25,25,True,76,1.7504886429264843e-12,4.61231053350275e-12
34,8.0,4.0,1,1,0.4,25,25,True,54,1.4463305499003848e-12,1.3682991642938874e-12
34,8.0,4.0,1,3,0.4,25,25,True,54,1.496663903921558e-12,2.9469482409894e-12
34,8.0,4.0,1,6,0.4,25,25,True,55,1.5282775045477592e-12,3.02396996332277e-12
34,8.0,4.0,3,1,0.4,25,25,True,54,1.4463464063571574e-12,1.3682722489749555e-12
34,8.0,4.0,3,3,0.4,25,25,True,54,1.4699907957549385e-12,2.8520796835351803e-12
34,8.0,4.0,3,6,0.4,25,25,True,56,1.5327183966462599e-12,3.1540881018088385e-12
34,8.0,4.0,6,1,0.4,25,25,True,54,1.4463433976961287e-12,1.3682562569929113e-12
34,8.0,4.0,6,3,0.4,25,25,True,54,1.5019374632885274e-12,2.8533286844378836e-12
34,8.0,4.0,6,6,0.4,25,25,True,56,1.4729328867701952e-12,2.903843832058328e-12
34,8.0,8.0,1,1,0.4,25,25,True,53,1.4811433329819934e-12,2.8932620188548697e-12
34,8.0,8.0,1,3,0.4,25,25,True,55,1.492167500671826e-12,2.9707625248676095e-12
34,8.0,8.0,1,6,0.4,25,25,True,56,1.5127898933542383e-12,2.9576896487526483e-12
34,8.0,8.0,3,1,0.4,25,25,True,53,1.4763381489535377e-12,2.827790085424553e-12
34,8.0,8.0,3,3,0.4,25,25,True,55,1.4568068973375148e-12,2.905425899868419e-12
34,8.0,8.0,3,6,0.4,25,25,True,58,1.5602519276569637e-12,3.3355540551838203e-12
34,8.0,8.0,6,1,0.4,25,25,True,53,1.4656088842546211e-12,2.7914233424741752e-12
34,8.0,8.0,6,3,0.4,25,25,True,54,1.5039358647328527e-12,2.992800451906419e-12
34,8.0,8.0,6,6,0.4,25,25,True,58,1.5467072067565368e-12,3.232969447708456e-12
34,8.0,16.0,1,1,0.4,25,25,True,54,1.5156209620670325e-12,3.043648666434251e-12
34,8.0,16.0,1,3,0.4,25,25,True,56,1.5207834991315394e-12,3.1054603333302566e-12
34,8.0,16.0,1,6,0.4,25,25,True,57,1.5416556919944924e-12,3.138933557522705e-12
34,8.0,16.0,3,1,0.4,25,25,True,54,1.4947487692040795e-12,2.950223398912044e-12
34,8.0,16.0,3,3,0.4,25,25,True,57,1.474598221307133e-12,3.068767462366395e-12
34,8.0,16.0,3,6,0.4,25,25,True,61,1.5153434063108762e-12,3.3539282462413667e-12
34,8.0,16.0,6,1,0.4,25,25,True,54,1.4862416852778892e-12,2.947309063472403e-12
34,8.0,16.0,6,3,0.4,25,25,True,57,1.5245027462640337e-12,3.1683544676752717e-12
34,8.0,16.0,6,6,0.4,25,25,True,63,1.5701884237273589e-12,3.2583380438211407e-12
34,16.0,4.0,1,1,0.4,25,25,True,54,1.446334642763586e-12,1.368275772632016e-12
34,16.0,4.0,1,3,0.4,25,25,True,54,1.295005769286206e-12,2.5742741271983505e-12
34,16.0,4.0,1,6,0.4,25,25,True,54,1.4969692152533298e-12,2.8668178941870792e-12
34,16.0,4.0,3,1,0.4,25,25,True,54,1.4463426929647166e-12,1.3682615695835565e-12
34,16.0,4.0,3,3,0.4,25,25,True,54,1.465397247990552e-12,2.9181101979247615e-12
34,16.0,4.0,3,6,0.4,25,25,True,55,1.4486190025309043e-12,2.853883795950196e-12
34,16.0,4.0,6,1,0.4,25,25,True,54,1.4463421779686847e-12,1.368254413849218e-12
34,16.0,4.0,6,3,0.4,25,25,True,53,1.4913625889789728e-12,2.9396346468146817e-12
34,16.0,4.0,6,6,0.4,25,25,True,55,1.4827583605381278e-12,2.8281266217788925e-12
34,16.0,8.0,1,1,0.4,25,25,True,53,1.4878862031331153e-12,2.851496816447252e-12
34,16.0,8.0,1,3,0.4,25,25,True,54,1.4972467710094861e-12,2.911559882079473e-12
34,16.0,8.0,1,6,0.4,25,25,True,55,1.5168422073941201e-12,3.0050406607529112e-12
34,16.0,8.0,3,1,0.4,25,25,True,53,1.4665664516133603e-12,2.8026175130646536e-12
34,16.0,8.0,3,3,0.4,25,25,True,54,1.4393763958508998e-12,2.90834023530806e-12
34,16.0,8.0,3,6,0.4,25,25,True,56,1.5175083412088952e-12,3.1207258999188525e-12
34,16.0,8.0,6,1,0.4,25,25,True,53,1.461128093516173e-12,2.7843109762226703e-12
34,16.0,8.0,6,3,0.4,25,25,True,54,1.4859224961583095e-12,2.840866430986466e-12
34,16.0,8.0,6,6,0.4,25,25,True,56,1.5185630530822891e-12,3.075428800514146e-12
34,16.0,16.0,1,1,0.4,25,25,True,54,1.2957690476156358e-12,2.569972012977928e-12
34,16.0,16.0,1,3,0.4,25,25,True,54,1.4729883979214264e-12,2.961519918187605e-12
34,16.0,16.0,1,6,0.4,25,25,True,55,1.5210055437364645e-12,3.101241485836681e-12
34,16.0,16.0,3,1,0.4,25,25,True,54,1.4740292320070125e-12,2.904523843660911e-12
34,16.0,16.0,3,3,0.4,25,25,True,55,1.4507839374289233e-12,2.8804181262387374e-12
34,16.0,16.0,3,6,0.4,25,25,True,57,1.4337420140009272e-12,2.9620750296999176e-12
34,16.0,16.0,6,1,0.4,25,25,True,54,1.4457324226668788e-12,2.803174359300442e-12
34,16.0,16.0,6,3,0.4,25,25,True,55,1.5018541965616805e-12,2.928768338961163e-12
34,16.0,16.0,6,6,0.4,25,25,True,58,1.548039474386087e-12,3.2072677846883835e-12
35,4.0,4.0,1,1,0.4,25,25,True,54,1.4480230708067976e-12,1.3647404061879753e-12
35,4.0,4.0,1,3,0.4,25,25,True,54,1.437489016709037e-12,2.9024560532775467e-12
35,4.0,4.0,1,6,0.4,25,25,True,58,1.503019930737537e-12,3.133326931248348e-12
35,4.0,4.0,3,1,0.4,25,25,True,54,1.4480433724924774e-12,1.3647096690563854e-12
35,4.0,4.0,3,3,0.4,25,25,True,54,1.5091261573729753e-12,2.965266920895715e-12
35,4.0,4.0,3,6,0.4,25,25,True,60,1.509292690826669e-12,3.2460145682478014e-12
35,4.0,4.0,6,1,0.4,25,25,True,54,1.4480399301505797e-12,1.364690017892009e-12
35,4.0,4.0,6,3,0.4,25,25,True,54,1.4317852459200253e-12,2.8600871671002892e-12
35,4.0,4.0,6,6,0.4,25,25,True,58,1.5487611193520934e-12,3.205269383244058e-12
35,4.0,8.0,1,1,0.4,25,25,True,53,1.4760501848565255e-12,2.8789678974128208e-12
35,4.0,8.0,1,3,0.4,25,25,True,56,1.4820089599965058e-12,3.0246360971375452e-12
35,4.0,8.0,1,6,0.4,25,25,True,60,1.5628054406136016e-12,3.2089331192253212e-12
35,4.0,8.0,3,1,0.4,25,25,True,53,1.5105399570058964e-12,3.0404793266436414e-12
35,4.0,8.0,3,3,0.4,25,25,True,56,1.5055456881185592e-12,3.0114521987201215e-12
35,4.0,8.0,3,6,0.4,25,25,True,65,1.6278089987054045e-12,3.771927215012738e-12
35,4.0,8.0,6,1,0.4,25,25,True,53,1.476837749314619e-12,2.9700981257763104e-12
35,4.0,8.0,6,3,0.4,25,25,True,55,1.4834522499285185e-12,2.8964886045201865e-12
35,4.0,8.0,6,6,0.4,25,25,True,64,1.5697443345175088e-12,3.587574681773731e-12
35,4.0,16.0,1,1,0.4,25,25,True,54,1.4637596690292298e-12,2.875810700686543e-12
35,4.0,16.0,1,3,0.4,25,25,True,58,1.4886425425686411e-12,3.1544766798674573e-12
35,4.0,16.0,1,6,0.4,25,25,True,63,1.6243673073290665e-12,3.6740610553920305e-12
35,4.0,16.0,3,1,0.4,25,25,True,54,1.4620110677654452e-12,2.9659746880739135e-12
35,4.0,16.0,3,3,0.4,25,25,True,61,1.4288570326925765e-12,2.9714564142580002e-12
35,4.0,16.0,3,6,0.4,25,25,True,72,1.7131296381478478e-12,4.340028336713431e-12
35,4.0,16.0,6,1,0.4,25,25,True,54,1.446398556481654e-12,2.8289592890473614e-12
35,4.0,16.0,6,3,0.4,25,25,True,60,1.3980483437592284e-12,3.004818616147986e-12
35,4.0,16.0,6,6,0.4,25,25,True,76,1.7362777882112823e-12,4.614031379190919e-12
35,8.0,4.0,1,1,0.4,25,25,True,54,1.4480293862844523e-12,1.3647141142852925e-12
35,8.0,4.0,1,3,0.4,25,25,True,54,1.4870188413951269e-12,2.9222041453280667e-12
35,8.0,4.0,1,6,0.4,25,25,True,55,1.5026868638301494e-12,2.975508728297882e-12
35,8.0,4.0,3,1,0.4,25,25,True,54,1.4480397946253082e-12,1.36469687547075e-12
35,8.0,4.0,3,3,0.4,25,25,True,54,1.451103126548503e-12,2.8154145681469345e-12
35,8.0,4.0,3,6,0.4,25,25,True,56,1.511013536514838e-12,3.0799807149151093e-12
35,8.0,4.0,6,1,0.4,25,25,True,54,1.4480383309523753e-12,1.3646868466006545e-12
35,8.0,4.0,6,3,0.4,25,25,True,54,1.4956508254115874e-12,2.99196778463795e-12
35,8.0,4.0,6,6,0.4,25,25,True,56,1.47093448532587e-12,2.9878877150224525e-12
35,8.0,8.0,1,1,0.4,25,25,True,53,1.4701243694625887e-12,2.7914129341333194e-12
35,8.0,8.0,1,3,0.4,25,25,True,54,1.5088208460412034e-12,3.0571378761834467e-12
35,8.0,8.0,1,6,0.4,25,25,True,56,1.5336620862171912e-12,3.138933557522705e-12
35,8.0,8.0,3,1,0.4,25,25,True,53,1.4811936399627967e-12,2.993551587171517e-12
35,8.0,8.0,3,3,0.4,25,25,True,55,1.4135081993771337e-12,2.8184121703134224e-12
35,8.0,8.0,3,6,0.4,25,25,True,58,1.5583090373638697e-12,3.258837644182222e-12
35,8.0,8.0,6,1,0.4,25,25,True,53,1.4696993622109744e-12,2.9578423044185342e-12
35,8.0,8.0,6,3,0.4,25,25,True,54,1.5056011992697904e-12,2.9619917629730708e-12
35,8.0,8.0,6,6,0.4,25,25,True,58,1.5593082380860324e-12,3.233857626128156e-12
35,8.0,16.0,1,1,0.4,25,25,True,54,1.4645784585098909e-12,2.8517743722034083e-12
35,8.0,16.0,1,3,0.4,25,25,True,56,1.4729883979214264e-12,3.013644889193756e-12
35,8.0,16.0,1,6,0.4,25,25,True,57,1.5516476992161188e-12,3.112010649175545e-12
35,8.0,16.0,3,1,0.4,25,25,True,54,1.4844930840141046e-12,2.9023866643385077e-12
35,8.0,16.0,3,3,0.4,25,25,True,57,1.535105376149204e-12,3.085531830038235e-12
35,8.0,16.0,3,6,0.4,25,25,True,61,1.5519807661235063e-12,3.327726982860213e-12
35,8.0,16.0,6,1,0.4,25,25,True,54,1.4801493364302587e-12,2.935124365777142e-12
35,8.0,16.0,6,3,0.4,25,25,True,56,1.53360657506596e-12,3.15680814821917e-12
35,8.0,16.0,6,6,0.4,25,25,True,62,1.5995538227286943e-12,3.601563491884008e-12
35,16.0,4.0,1,1,0.4,25,25,True,54,1.4480332080971103e-12,1.3646996672913442e-12
35,16.0,4.0,1,3,0.4,25,25,True,54,1.3759549055691878e-12,2.7444296835099635e-12
35,16.0,4.0,1,6,0.4,25,25,True,54,1.484534717377528e-12,2.844835478299501e-12
35,16.0,4.0,3,1,0.4,25,25,True,54,1.4480384664776469e-12,1.3646905599930953e-12
35,16.0,4.0,3,3,0.4,25,25,True,54,1.4568901640643617e-12,2.8887309211356182e-12
35,16.0,4.0,3,6,0.4,25,25,True,55,1.42680312009702e-12,2.812083899073059e-12
35,16.0,4.0,6,1,0.4,25,25,True,54,1.4480372467502028e-12,1.3646854371378303e-12
35,16.0,4.0,6,3,0.4,25,25,True,53,1.4762635558440707e-12,2.92212087860122e-12
35,16.0,4.0,6,6,0.4,25,25,True,55,1.4636625245145751e-12,2.9592994721383548e-12
35,16.0,8.0,1,1,0.4,25,25,True,53,1.5037485145974472e-12,3.004374526938136e-12
35,16.0,8.0,1,3,0.4,25,25,True,54,1.4839518502895999e-12,2.885691685605707e-12
35,16.0,8.0,1,6,0.4,25,25,True,55,1.5028533972838432e-12,3.0068170175923115e-12
35,16.0,8.0,3,1,0.4,25,25,True,53,1.4704574363699763e-12,2.969541279540522e-12
35,16.0,8.0,3,3,0.4,25,25,True,54,1.5054901769673279e-12,2.955691247308323e-12
35,16.0,8.0,3,6,0.4,25,25,True,56,1.4727663533165014e-12,2.912670105104098e-12
35,16.0,8.0,6,1,0.4,25,25,True,53,1.4660234831653796e-12,2.951562605435498e-12
35,16.0,8.0,6,3,0.4,25,25,True,54,1.468464239096079e-12,2.8083646519405647e-12
35,16.0,8.0,6,6,0.4,25,25,True,56,1.478706046498246e-12,2.946198840447778e-12
35,16.0,16.0,1,1,0.4,25,25,True,54,1.2896489431923897e-12,2.5515145551935348e-12
35,16.0,16.0,1,3,0.4,25,25,True,54,1.5061840663577186e-12,3.0053737276602988e-12
35,16.0,16.0,1,6,0.4,25,25,True,55,1.5114576257246881e-12,3.0926927685470673e-12
35,16.0,16.0,3,1,0.4,25,25,True,54,1.4577922202718696e-12,2.8743396551789147e-12
35,16.0,16.0,3,3,0.4,25,25,True,55,1.512956426807932e-12,3.0009883467130294e-12
35,16.0,16.0,3,6,0.4,25,25,True,57,1.5230039451807897e-12,3.0666580386196074e-12
35,16.0,16.0,6,1,0.4,25,25,True,53,1.4977324935827596e-12,2.940647725324652e-12
35,16.0,16.0,6,3,0.4,25,25,True,55,1.4788170688007085e-12,2.8561042419994465e-12
35,16.0,16.0,6,6,0.4,25,25,True,58,1.546540673302843e-12,3.25345306251279e-12
36,4.0,4.0,1,1,0.4,25,25,True,54,1.4493957791773815e-12,1.3618381596025575e-12
36,4.0,4.0,1,3,0.4,25,25,True,54,1.4930140457281027e-12,2.9288932390514333e-12
36,4.0,4.0,1,6,0.4,25,25,True,58,1.5464296510003805e-12,3.2785441028693185e-12
36,4.0,4.0,3,1,0.4,25,25,True,54,1.4494081119770935e-12,1.3618181154148937e-12
36,4.0,4.0,3,3,0.4,25,25,True,54,1.4746259768827485e-12,2.894351425197783e-12
36,4.0,4.0,3,6,0.4,25,25,True,60,1.5682455334342649e-12,3.2696623186723173e-12
36,4.0,4.0,6,1,0.4,25,25,True,54,1.4494071497476654e-12,1.3618057826151816e-12
36,4.0,4.0,6,3,0.4,25,25,True,54,1.4987316943049223e-12,3.0008218132593356e-12
36,4.0,4.0,6,6,0.4,25,25,True,58,1.5491496974107122e-12,3.2363556279335626e-12
36,4.0,8.0,1,1,0.4,25,25,True,53,1.4787511493086214e-12,2.7723517925792862e-12
36,4.0,8.0,1,3,0.4,25,25,True,56,1.5036583089766964e-12,3.0953017926549364e-12
36,4.0,8.0,1,6,0.4,25,25,True,60,1.5804579867051416e-12,3.1794566979215233e-12
36,4.0,8.0,3,1,0.4,25,25,True,53,1.4937669157166766e-12,2.6872046254844406e-12
36,4.0,8.0,3,3,0.4,25,25,True,56,1.4939716130868419e-12,3.0603852785304753e-12
36,4.0,8.0,3,6,0.4,25,25,True,64,1.5958900867474313e-12,3.6882719101072325e-12
36,4.0,8.0,6,1,0.4,25,25,True,53,1.4800296405104163e-12,2.8602224755314154e-12
36,4.0,8.0,6,3,0.4,25,25,True,55,1.5013268406249836e-12,2.8586577549560843e-12
36,4.0,8.0,6,6,0.4,25,25,True,64,1.589783860111993e-12,3.543665361149806e-12
36,4.0,16.0,1,1,0.4,25,25,True,54,1.5060452884796405e-12,2.8543695185234697e-12
36,4.0,16.0,1,3,0.4,25,25,True,58,1.5253354135325026e-12,3.149258631651719e-12
36,4.0,16.0,1,6,0.4,25,25,True,63,1.6231460620019789e-12,3.692712802205733e-12
36,4.0,16.0,3,1,0.4,25,25,True,54,1.5431544930777363e-12,3.1140784395589094e-12
36,4.0,16.0,3,3,0.4,25,25,True,60,1.5571988143392446e-12,3.434919015887772e-12
36,4.0,16.0,3,6,0.4,25,25,True,71,1.6922019341336636e-12,4.154676602752261e-12
36,4.0,16.0,6,1,0.4,25,25,True,54,1.4989676166976551e-12,3.0126456884715935e-12
36,4.0,16.0,6,3,0.4,25,25,True,59,1.566746732351021e-12,3.396172232328354e-12
36,4.0,16.0,6,6,0.4,25,25,True,75,1.7169043964315733e-12,4.484801419124551e-12
36,8.0,4.0,1,1,0.4,25,25,True,54,1.4494002921689245e-12,1.361821178286031e-12
36,8.0,4.0,1,3,0.4,25,25,True,54,1.4782203239249725e-12,2.898986606325593e-12
36,8.0,4.0,1,6,0.4,25,25,True,55,1.479982802976565e-12,2.9295454950784006e-12
36,8.0,4.0,3,1,0.4,25,25,True,54,1.4494065263314163e-12,1.361810146528926e-12
36,8.0,4.0,3,3,0.4,25,25,True,54,1.4335477249716178e-12,2.781719299349561e-12
36,8.0,4.0,3,6,0.4,25,25,True,56,1.4894196986858788e-12,3.009703597456337e-12
36,8.0,4.0,6,1,0.4,25,25,True,54,1.449405902915167e-12,1.3618037497361082e-12
36,8.0,4.0,6,3,0.4,25,25,True,54,1.4900303213494226e-12,2.9681396229719326e-12
36,8.0,4.0,6,6,0.4,25,25,True,56,1.5261680808009714e-12,3.1319391524675666e-12
36,8.0,8.0,1,1,0.4,25,25,True,53,1.474225255759798e-12,2.697869705414746e-12
36,8.0,8.0,1,3,0.4,25,25,True,54,1.4830914274455154e-12,3.0046520826942924e-12
36,8.0,8.0,1,6,0.4,25,25,True,56,1.534272708880735e-12,3.1624702856447584e-12
36,8.0,8.0,3,1,0.4,25,25,True,53,1.4812838455835475e-12,2.8801908774633844e-12
36,8.0,8.0,3,3,0.4,25,25,True,55,1.3734569037637812e-12,2.738781423872183e-12
36,8.0,8.0,3,6,0.4,25,25,True,58,1.558364548515101e-12,3.2976954500441025e-12
36,8.0,8.0,6,1,0.4,25,25,True,53,1.4741714793320426e-12,2.8501801613289857e-12
36,8.0,8.0,6,3,0.4,25,25,True,54,1.505712221572253e-12,3.026745520884333e-12
36,8.0,8.0,6,6,0.4,25,25,True,58,1.5432655153801988e-12,3.2204239275301916e-12
36,8.0,16.0,1,1,0.4,25,25,True,54,1.439362518063092e-12,2.809405486026151e-12
36,8.0,16.0,1,3,0.4,25,25,True,55,1.5182299861749016e-12,3.0208058277025884e-12
36,8.0,16.0,1,6,0.4,25,25,True,57,1.5196732761069143e-12,3.04117842020446e-12
36,8.0,16.0,3,1,0.4,25,25,True,54,1.4986484275780754e-12,3.0263430650379064e-12
36,8.0,16.0,3,3,0.4,25,25,True,57,1.5424883592629612e-12,3.2356339829675562e-12
36,8.0,16.0,3,6,0.4,25,25,True,61,1.5634160632771454e-12,3.252620395244321e-12
36,8.0,16.0,6,1,0.4,25,25,True,54,1.4500067813116857e-12,2.8680530173019747e-12
36,8.0,16.0,6,3,0.4,25,25,True,56,1.5056844659966373e-12,3.016864535965169e-12
36,8.0,16.0,6,6,0.4,25,25,True,62,1.6077694731109204e-12,3.6155523019942848e-12
36,16.0,4.0,1,1,0.4,25,25,True,54,1.4494021488651448e-12,1.3618119083574562e-12
36,16.0,4.0,1,3,0.4,25,25,True,54,1.4507700596411155e-12,2.716341040986947e-12
36,16.0,4.0,1,6,0.4,25,25,True,54,1.4990786390001176e-12,2.8513857941447895e-12
36,16.0,4.0,3,1,0.4,25,25,True,54,1.449405293051445e-12,1.3618059316929804e-12
36,16.0,4.0,3,3,0.4,25,25,True,54,1.496955337465522e-12,2.909464336120493e-12
36,16.0,4.0,3,6,0.4,25,25,True,55,1.5014101073518304e-12,2.871092252831886e-12
36,16.0,4.0,6,1,0.4,25,25,True,54,1.449405022000902e-12,1.3618027604016258e-12
36,16.0,4.0,6,3,0.4,25,25,True,53,1.47093448532587e-12,2.9148350400021172e-12
36,16.0,4.0,6,6,0.4,25,25,True,54,1.4964141037410172e-12,2.9838354009825707e-12
36,16.0,8.0,1,1,0.4,25,25,True,53,1.471382043982672e-12,2.8905957488722933e-12
36,16.0,8.0,1,3,0.4,25,25,True,54,1.4717671525943388e-12,2.861516579244494e-12
36,16.0,8.0,1,6,0.4,25,25,True,55,1.4904188994080414e-12,3.007982751768168e-12
36,16.0,8.0,3,1,0.4,25,25,True,53,1.4747335297382591e-12,2.860179107444516e-12
36,16.0,8.0,3,3,0.4,25,25,True,54,1.4906964551641977e-12,2.920164110520318e-12
36,16.0,8.0,3,6,0.4,25,25,True,56,1.4435674877688598e-12,2.8173574584400285e-12
36,16.0,8.0,6,1,0.4,25,25,True,53,1.4711183660143234e-12,2.8450419103931424e-12
36,16.0,8.0,6,3,0.4,25,25,True,54,1.4508672041557702e-12,2.7781110745195292e-12
36,16.0,8.0,6,6,0.4,25,25,True,56,1.4430123762565472e-12,2.8277380437202737e-12
36,16.0,16.0,1,1,0.4,25,25,True,54,1.492694856608523e-12,2.7860214135699835e-12
36,16.0,16.0,1,3,0.4,25,25,True,54,1.491640144735129e-12,2.971622947711694e-12
36,16.0,16.0,1,6,0.4,25,25,True,55,1.4965251260434798e-12,3.059941189320625e-12
36,16.0,16.0,3,1,0.4,25,25,True,54,1.4497292255555294e-12,2.892575068358383e-12
36,16.0,16.0,3,3,0.4,25,25,True,55,1.5219492333073958e-12,3.0692115515762453e-12
36,16.0,16.0,3,6,0.4,25,25,True,57,1.4899748101981913e-12,2.9908298060377092e-12
36,16.0,16.0,6,1,0.4,25,25,True,53,1.4893641875346475e-12,2.9191371542225397e-12
36,16.0,16.0,6,3,0.4,25,25,True,55,1.4297452111122766e-12,2.761901818360002e-12
36,16.0,16.0,6,6,0.4,25,25,True,57,1.5362711103250604e-12,3.1949443091150442e-12
37,4.0,4.0,1,1,0.4,25,25,True,54,1.4505002288254382e-12,1.3595020969441388e-12
37,4.0,4.0,1,3,0.4,25,25,True,54,1.4935414016647997e-12,3.008482352129249e-12
37,4.0,4.0,1,6,0.4,25,25,True,58,1.5557555244072319e-12,3.242517365720232e-12
37,4.0,4.0,3,1,0.4,25,25,True,54,1.450508631392275e-12,1.359489262700922e-12
37,4.0,4.0,3,3,0.4,25,25,True,54,1.5038803535816214e-12,2.9796026757011873e-12
37,4.0,4.0,3,6,0.4,25,25,True,60,1.5709655798445965e-12,3.3470448634886907e-12
37,4.0,4.0,6,1,0.4,25,25,True,54,1.4505070186415434e-12,1.359481442892753e-12
37,4.0,4.0,6,3,0.4,25,25,True,54,1.4880735532685208e-12,2.9661967326788385e-12
37,4.0,4.0,6,6,0.4,25,25,True,58,1.5443202272535927e-12,3.179789764828911e-12
37,4.0,8.0,1,1,0.4,25,25,True,53,1.4821546767684879e-12,2.6692537069550326e-12
37,4.0,8.0,1,3,0.4,25,25,True,56,1.5263346142546652e-12,3.1331603977946543e-12
37,4.0,8.0,1,6,0.4,25,25,True,60,1.5236700789955648e-12,3.3265612486843565e-12
37,4.0,8.0,3,1,0.4,25,25,True,53,1.4948771387413018e-12,2.595555714801634e-12
37,4.0,8.0,3,3,0.4,25,25,True,56,1.5314971513191722e-12,3.162192729888602e-12
37,4.0,8.0,3,6,0.4,25,25,True,64,1.6158185900394528e-12,3.649414104245352e-12
37,4.0,8.0,6,1,0.4,25,25,True,53,1.4837280709611989e-12,2.5534643843805327e-12
37,4.0,8.0,6,3,0.4,25,25,True,55,1.5014101073518304e-12,3.0369595727108845e-12
37,4.0,8.0,6,6,0.4,25,25,True,63,1.5087375793143565e-12,3.403333170837186e-12
37,4.0,16.0,1,1,0.4,25,25,True,54,1.5286383270307624e-12,3.0845187515282646e-12
37,4.0,16.0,1,3,0.4,25,25,True,58,1.5581980150614072e-12,3.2891467327544888e-12
37,4.0,16.0,1,6,0.4,25,25,True,63,1.6188161922059408e-12,3.5842440126998554e-12
37,4.0,16.0,3,1,0.4,25,25,True,54,1.5070722447774187e-12,3.0534047512631446e-12
37,4.0,16.0,3,3,0.4,25,25,True,60,1.5507040096451874e-12,3.4202085608114885e-12
37,4.0,16.0,3,6,0.4,25,25,True,71,1.6338597141896116e-12,4.13213907535237e-12
37,4.0,16.0,6,1,0.4,25,25,True,54,1.4847012508312218e-12,2.979547164549956e-12
37,4.0,16.0,6,3,0.4,25,25,True,59,1.5711876244495215e-12,3.2858715748318446e-12
37,4.0,16.0,6,6,0.4,25,25,True,74,1.7156831511044857e-12,4.477418436010794e-12
37,8.0,4.0,1,1,0.4,25,25,True,54,1.4505028715682336e-12,1.3594914582103212e-12
37,8.0,4.0,1,3,0.4,25,25,True,54,1.495831236653089e-12,2.903469131787517e-12
37,8.0,4.0,1,6,0.4,25,25,True,55,1.5218382110049333e-12,2.9779512189520574e-12
37,8.0,4.0,3,1,0.4,25,25,True,54,1.4505073167971408e-12,1.3594843566860915e-12
37,8.0,4.0,3,3,0.4,25,25,True,54,1.4174217355389374e-12,2.750688565811288e-12
37,8.0,4.0,3,6,0.4,25,25,True,56,1.538325022920617e-12,3.1769031849648854e-12
37,8.0,4.0,6,1,0.4,25,25,True,54,1.4505066662758373e-12,1.359480318032999e-12
37,8.0,4.0,6,3,0.4,25,25,True,54,1.485131462253264e-12,2.946198840447778e-12
37,8.0,4.0,6,6,0.4,25,25,True,56,1.5105139361537567e-12,3.0739855105821334e-12
37,8.0,8.0,1,1,0.4,25,25,True,53,1.4787372715208136e-12,2.6061132418764288e-12
37,8.0,8.0,1,3,0.4,25,25,True,54,1.4597489883527714e-12,2.955302669249704e-12
37,8.0,8.0,1,6,0.4,25,25,True,56,1.5085710458606627e-12,3.1069036232622693e-12
37,8.0,8.0,3,1,0.4,25,25,True,53,1.4847185980659816e-12,2.5672207415450288e-12
37,8.0,8.0,3,3,0.4,25,25,True,55,1.3366252549218416e-12,2.6653679263688446e-12
37,8.0,8.0,3,6,0.4,25,25,True,58,1.49830148288288e-12,3.168632023431428e-12
37,8.0,8.0,6,1,0.4,25,25,True,53,1.4789506425083587e-12,2.5457847635523834e-12
37,8.0,8.0,6,3,0.4,25,25,True,54,1.4908629886178915e-12,2.9971580772780726e-12
37,8.0,8.0,6,6,0.4,25,25,True,58,1.5448753387659053e-12,3.259947867206847e-12
37,8.0,16.0,1,1,0.4,25,25,True,54,1.41467393355299e-12,2.7692015347469123e-12
37,8.0,16.0,1,3,0.4,25,25,True,55,1.4829248939918216e-12,2.947087018867478e-12
37,8.0,16.0,1,6,0.4,25,25,True,57,1.5258905250448151e-12,3.2157054796755347e-12
37,8.0,16.0,3,1,0.4,25,25,True,54,1.4754447663634096e-12,2.9694996461770984e-12
37,8.0,16.0,3,3,0.4,25,25,True,57,1.5341616865782726e-12,3.1455393845192248e-12
37,8.0,16.0,3,6,0.4,25,25,True,61,1.5774603845386537e-12,3.191058528528856e-12
37,8.0,16.0,6,1,0.4,25,25,True,54,1.4509365930948093e-12,2.8634455917497803e-12
37,8.0,16.0,6,3,0.4,25,25,True,56,1.5365486660812167e-12,3.0245250748350827e-12
37,8.0,16.0,6,6,0.4,25,25,True,62,1.5823453658470044e-12,3.4837133178200475e-12
37,16.0,4.0,1,1,0.4,25,25,True,54,1.4505043216886393e-12,1.3594851698377208e-12
37,16.0,4.0,1,3,0.4,25,25,True,54,1.4072354392880015e-12,2.8062968615572004e-12
37,16.0,4.0,1,6,0.4,25,25,True,54,1.4606649223480872e-12,2.803479670632214e-12
37,16.0,4.0,3,1,0.4,25,25,True,54,1.4505065985132015e-12,1.3594816461806603e-12
37,16.0,4.0,3,3,0.4,25,25,True,54,1.494193657691767e-12,2.9933694412065392e-12
37,16.0,4.0,3,6,0.4,25,25,True,55,1.4389600622166654e-12,2.790101483185481e-12
37,16.0,4.0,6,1,0.4,25,25,True,54,1.450506286805077e-12,1.3594794913288424e-12
37,16.0,4.0,6,3,0.4,25,25,True,53,1.4661605263199817e-12,2.9080626795519038e-12
37,16.0,4.0,6,6,0.4,25,25,True,54,1.4725998198628076e-12,2.9411473256857334e-12
37,16.0,8.0,1,1,0.4,25,25,True,53,1.4764873351724717e-12,2.5726174662787926e-12
37,16.0,8.0,1,3,0.4,25,25,True,54,1.5003553954784365e-12,2.979783086942689e-12
37,16.0,8.0,1,6,0.4,25,25,True,55,1.4788725799519398e-12,3.0081492852218616e-12
37,16.0,8.0,3,1,0.4,25,25,True,53,1.479384323377353e-12,2.5526525337937755e-12
37,16.0,8.0,3,3,0.4,25,25,True,54,1.4964141037410172e-12,2.994882120077591e-12
37,16.0,8.0,3,6,0.4,25,25,True,56,1.5329959524024162e-12,3.0459523792103482e-12
37,16.0,8.0,6,1,0.4,25,25,True,53,1.47646651849076e-12,2.5418313287506322e-12
37,16.0,8.0,6,3,0.4,25,25,True,54,1.4361567490794869e-12,2.750744076962519e-12
37,16.0,8.0,6,6,0.4,25,25,True,56,1.4815371152110401e-12,2.9753977059954195e-12
37,16.0,16.0,1,1,0.4,25,25,True,54,1.4798440250984868e-12,2.7683133563272122e-12
37,16.0,16.0,1,3,0.4,25,25,True,54,1.507349800533575e-12,3.0266344985818705e-12
37,16.0,16.0,1,6,0.4,25,25,True,55,1.5138446052276322e-12,3.0597191447157e-12
37,16.0,16.0,3,1,0.4,25,25,True,54,1.4908352330422758e-12,2.9899693831936247e-12
37,16.0,16.0,3,3,0.4,25,25,True,55,1.486255563065697e-12,2.9921620736672594e-12
37,16.0,16.0,3,6,0.4,25,25,True,57,1.5240031459029524e-12,3.1983860004913822e-12
37,16.0,16.0,6,1,0.4,25,25,True,53,1.4820505933599293e-12,2.8980012833912383e-12
37,16.0,16.0,6,3,0.4,25,25,True,55,1.4894196986858788e-12,2.9301561177419444e-12
37,16.0,16.0,6,6,0.4,25,25,True,57,1.5480949855373183e-12,3.1923907961584064e-12
38,4.0,4.0,1,1,0.4,25,25,True,54,1.4513871468601128e-12,1.3576253023259849e-12
38,4.0,4.0,1,3,0.4,25,25,True,54,1.4670764603152975e-12,2.9549834801301245e-12
38,4.0,4.0,1,6,0.4,25,25,True,58,1.5208390102827707e-12,3.2249758419311547e-12
38,4.0,4.0,3,1,0.4,25,25,True,54,1.4513924323457036e-12,1.3576170352844197e-12
38,4.0,4.0,3,3,0.4,25,25,True,54,1.470476518328212e-12,2.9146685065484235e-12
38,4.0,4.0,3,6,0.4,25,25,True,60,1.5731860258938468e-12,3.352484956309354e-12
38,4.0,4.0,6,1,0.4,25,25,True,54,1.451391768271873e-12,1.357611939534209e-12
38,4.0,4.0,6,3,0.4,25,25,True,54,1.4779982793200475e-12,2.9346386432038685e-12
38,4.0,4.0,6,6,0.4,25,25,True,58,1.4795942249179461e-12,3.0214164503661323e-12
38,4.0,8.0,1,1,0.4,25,25,True,53,1.4861653574449463e-12,2.5700223199587313e-12
38,4.0,8.0,1,3,0.4,25,25,True,56,1.4995227282099677e-12,3.0567770537004435e-12
38,4.0,8.0,1,6,0.4,25,25,True,60,1.530386928294547e-12,3.276268145668837e-12
38,4.0,8.0,3,1,0.4,25,25,True,53,1.4968599276743433e-12,2.506623381082207e-12
38,4.0,8.0,3,3,0.4,25,25,True,56,1.4560852523715084e-12,3.0035418596696672e-12
38,4.0,8.0,3,6,0.4,25,25,True,64,1.6316392681403613e-12,3.690991956517564e-12
38,4.0,8.0,6,1,0.4,25,25,True,53,1.4878220183645041e-12,2.4715091084814844e-12
38,4.0,8.0,6,3,0.4,25,25,True,55,1.5111245588173006e-12,3.0517810500896303e-12
38,4.0,8.0,6,6,0.4,25,25,True,63,1.602273869139026e-12,3.601619003035239e-12
38,4.0,16.0,1,1,0.4,25,25,True,54,1.5114159923612647e-12,3.0341146262102825e-12
38,4.0,16.0,1,3,0.4,25,25,True,58,1.5520917884259688e-12,3.3000824295470466e-12
38,4.0,16.0,1,6,0.4,25,25,True,63,1.5802914532514478e-12,3.552713678800501e-12
38,4.0,16.0,3,1,0.4,25,25,True,54,1.4936246683916465e-12,2.997879722244079e-12
38,4.0,16.0,3,3,0.4,25,25,True,60,1.5507040096451874e-12,3.335665077486283e-12
38,4.0,16.0,3,6,0.4,25,25,True,71,1.696143225871083e-12,4.275690912436403e-12
38,4.0,16.0,6,1,0.4,25,25,True,54,1.4875461973318238e-12,2.962879941392771e-12
38,4.0,16.0,6,3,0.4,25,25,True,59,1.560307438808195e-12,3.323674668820331e-12
38,4.0,16.0,6,6,0.4,25,25,True,74,1.7201240432029863e-12,4.451106150327178e-12
38,8.0,4.0,1,1,0.4,25,25,True,54,1.451388895136116e-12,1.3576184311947168e-12
38,8.0,4.0,1,3,0.4,25,25,True,54,1.4841877726823327e-12,2.8794466810921904e-12
38,8.0,4.0,1,6,0.4,25,25,True,55,1.5251688800788088e-12,3.111122470755845e-12
38,8.0,4.0,3,1,0.4,25,25,True,54,1.451391510773857e-12,1.3576138368880108e-12
38,8.0,4.0,3,3,0.4,25,25,True,54,1.4026002581601915e-12,2.7220031784125354e-12
38,8.0,4.0,3,6,0.4,25,25,True,56,1.4998557951173552e-12,3.106181978296263e-12
38,8.0,4.0,6,1,0.4,25,25,True,54,1.4513912668283682e-12,1.3576112754603784e-12
38,8.0,4.0,6,3,0.4,25,25,True,54,1.4805240367010697e-12,2.9258956368849454e-12
38,8.0,4.0,6,6,0.4,25,25,True,55,1.5233370120881773e-12,3.0466185130251233e-12
38,8.0,8.0,1,1,0.4,25,25,True,53,1.4835233735910336e-12,2.5166691647315886e-12
38,8.0,8.0,1,3,0.4,25,25,True,54,1.4382939284018903e-12,2.9093394360302227e-12
38,8.0,8.0,1,6,0.4,25,25,True,56,1.5335510639147287e-12,3.132050174770029e-12
38,8.0,8.0,3,1,0.4,25,25,True,53,1.488580092523506e-12,2.4830831835132017e-12
38,8.0,8.0,3,3,0.4,25,25,True,55,1.492694856608523e-12,2.847971858344067e-12
38,8.0,8.0,3,6,0.4,25,25,True,58,1.5485945858983996e-12,3.160915973410283e-12
38,8.0,8.0,6,1,0.4,25,25,True,53,1.4838859307975127e-12,2.4652207358810685e-12
38,8.0,8.0,6,3,0.4,25,25,True,54,1.4933332348476824e-12,2.9706792581407626e-12
38,8.0,8.0,6,6,0.4,25,25,True,58,1.4969137041020986e-12,3.142375248899043e-12
38,8.0,16.0,1,1,0.4,25,25,True,54,1.39029066037466e-12,2.7304547511874944e-12
38,8.0,16.0,1,3,0.4,25,25,True,55,1.4974133044631799e-12,3.0333513478808527e-12
38,8.0,16.0,1,6,0.4,25,25,True,57,1.4971357487070236e-12,3.149480676256644e-12
38,8.0,16.0,3,1,0.4,25,25,True,54,1.4547252291663426e-12,2.9155011738168923e-12
38,8.0,16.0,3,3,0.4,25,25,True,57,1.5009660181419804e-12,3.036182416593647e-12
38,8.0,16.0,3,6,0.4,25,25,True,61,1.575573005396791e-12,3.4854896746594477e-12
38,8.0,16.0,6,1,0.4,25,25,True,54,1.4129947212282445e-12,2.809752430721346e-12
38,8.0,16.0,6,3,0.4,25,25,True,56,1.5245027462640337e-12,2.9553581804009355e-12
38,8.0,16.0,6,6,0.4,25,25,True,62,1.5868417690967362e-12,3.3390512577113896e-12
38,16.0,4.0,1,1,0.4,25,25,True,54,1.451389857365544e-12,1.3576145958295316e-12
38,16.0,4.0,1,3,0.4,25,25,True,53,1.5003831510540522e-12,3.006095372626305e-12
38,16.0,4.0,1,6,0.4,25,25,True,54,1.450506381672767e-12,2.78477241266728e-12
38,16.0,4.0,3,1,0.4,25,25,True,54,1.4513910635404609e-12,1.3576123190049694e-12
38,16.0,4.0,3,3,0.4,25,25,True,54,1.4855477958874985e-12,2.97088742495788e-12
38,16.0,4.0,3,6,0.4,25,25,True,55,1.3680168109431179e-12,2.7006175074006933e-12
38,16.0,4.0,6,1,0.4,25,25,True,54,1.4513910364354066e-12,1.3576109637522538e-12
38,16.0,4.0,6,3,0.4,25,25,True,53,1.4616363674946342e-12,2.9018870639774264e-12
38,16.0,4.0,6,6,0.4,25,25,True,54,1.4867551634267784e-12,2.9374835897044704e-12
38,16.0,8.0,1,1,0.4,25,25,True,53,1.4818285487550042e-12,2.488289088664608e-12
38,16.0,8.0,1,3,0.4,25,25,True,54,1.48947520983711e-12,2.9567737147573325e-12
38,16.0,8.0,1,6,0.4,25,25,True,55,1.4899748101981913e-12,3.006928039894774e-12
38,16.0,8.0,3,1,0.4,25,25,True,53,1.4842571616213718e-12,2.471018181737783e-12
38,16.0,8.0,3,3,0.4,25,25,True,54,1.4960255256823984e-12,2.9738989049121756e-12
38,16.0,8.0,3,6,0.4,25,25,True,56,1.5111245588173006e-12,2.9978242110928477e-12
38,16.0,8.0,6,1,0.4,25,25,True,53,1.48184763071324e-12,2.4619872113218477e-12
38,16.0,8.0,6,3,0.4,25,25,True,54,1.422306716847288e-12,2.725542014303528e-12
38,16.0,8.0,6,6,0.4,25,25,True,55,1.5197842984093768e-12,3.120004254952846e-12
38,16.0,16.0,1,1,0.4,25,25,True,54,1.466660126681063e-12,2.7515351108675645e-12
38,16.0,16.0,1,3,0.4,25,25,True,54,1.4909184997691227e-12,2.9943270085652784e-12
38,16.0,16.0,1,6,0.4,25,25,True,55,1.519839809560608e-12,3.1155078517031143e-12
38,16.0,16.0,3,1,0.4,25,25,True,54,1.4697826289378213e-12,2.8604202340076768e-12
38,16.0,16.0,3,3,0.4,25,25,True,55,1.5123458041443882e-12,3.034072992846859e-12
38,16.0,16.0,3,6,0.4,25,25,True,57,1.490529921710504e-12,3.1222802121533277e-12
38,16.0,16.0,6,1,0.4,25,25,True,53,1.4751394550316377e-12,2.876920923711168e-12
38,16.0,16.0,6,3,0.4,25,25,True,55,1.5153434063108762e-12,3.0196956046779633e-12
38,16.0,16.0,6,6,0.4,25,25,True,57,1.4959700145311672e-12,3.06854541776147e-12
39,4.0,4.0,1,1,0.4,25,25,True,54,1.452098193749883e-12,1.3561194403760926e-12
39,4.0,4.0,1,3,0.4,25,25,True,54,1.488656420356449e-12,2.9570790260891044e-12
39,4.0,4.0,1,6,0.4,25,25,True,58,1.514455227891176e-12,3.1674107781043404e-12
39,4.0,4.0,3,1,0.4,25,25,True,54,1.452101405698819e-12,1.3561142091006104e-12
39,4.0,4.0,3,3,0.4,25,25,True,54,1.4399523240449241e-12,2.855618519426173e-12
39,4.0,4.0,3,6,0.4,25,25,True,59,1.5668577546534834e-12,3.3622549189260553e-12
39,4.0,4.0,6,1,0.4,25,25,True,54,1.4521010465568494e-12,1.3561111597820003e-12
39,4.0,4.0,6,3,0.4,25,25,True,54,1.4691511895925657e-12,2.9056132500038245e-12
39,4.0,4.0,6,6,0.4,25,25,True,58,1.4064860387463796e-12,2.8623770020885786e-12
39,4.0,8.0,1,1,0.4,25,25,True,53,1.4904648695801548e-12,2.198013472620719e-12
39,4.0,8.0,1,3,0.4,25,25,True,56,1.515204628432798e-12,3.027189610094183e-12
39,4.0,8.0,1,6,0.4,25,25,True,60,1.5676904219219523e-12,3.406996906818449e-12
39,4.0,8.0,3,1,0.4,25,25,True,53,1.4994108385457672e-12,2.4206626286771282e-12
39,4.0,8.0,3,3,0.4,25,25,True,56,1.5221157667610896e-12,3.1014080192903748e-12
39,4.0,8.0,3,6,0.4,25,25,True,64,1.6166512573079217e-12,3.620936883663717e-12
39,4.0,8.0,6,1,0.4,25,25,True,53,1.4921492860753283e-12,2.391437742277347e-12
39,4.0,8.0,6,3,0.4,25,25,True,55,1.4940548798136888e-12,3.0029034814305078e-12
39,4.0,8.0,6,6,0.4,25,25,True,63,1.6052714713055138e-12,3.582023566650605e-12
39,4.0,16.0,1,1,0.4,25,25,True,54,1.48649148545843e-12,2.9412861035638116e-12
39,4.0,16.0,1,3,0.4,25,25,True,58,1.5013545962005992e-12,3.1663560662309465e-12
39,4.0,16.0,1,6,0.4,25,25,True,62,1.5863976798868862e-12,3.471334331095477e-12
39,4.0,16.0,3,1,0.4,25,25,True,54,1.4981210716413784e-12,2.9602292839214783e-12
39,4.0,16.0,3,3,0.4,25,25,True,60,1.483646538957828e-12,3.125166792017353e-12
39,4.0,16.0,3,6,0.4,25,25,True,71,1.6939227798218326e-12,4.136690989753333e-12
39,4.0,16.0,6,1,0.4,25,25,True,54,1.5011741849590976e-12,2.9537761125908446e-12
39,4.0,16.0,6,3,0.4,25,25,True,59,1.5587531265737198e-12,3.202604847984958e-12
39,4.0,16.0,6,6,0.4,25,25,True,73,1.6767143229401427e-12,4.310329870804708e-12
39,8.0,4.0,1,1,0.4,25,25,True,54,1.4520993118333735e-12,1.3561151713300384e-12
39,8.0,4.0,1,3,0.4,25,25,True,54,1.500924384778557e-12,2.9870134143905602e-12
39,8.0,4.0,1,6,0.4,25,25,True,55,1.5126233599005445e-12,3.0994651289972808e-12
39,8.0,4.0,3,1,0.4,25,25,True,54,1.4521009652416865e-12,1.3561121965503277e-12
39,8.0,4.0,3,3,0.4,25,25,True,54,1.3890139038963412e-12,2.695468848123994e-12
39,8.0,4.0,3,6,0.4,25,25,True,56,1.5236700789955648e-12,3.1505908992812692e-12
39,8.0,4.0,6,1,0.4,25,25,True,54,1.4521006806386162e-12,1.3561104957081696e-12
39,8.0,4.0,6,3,0.4,25,25,True,54,1.4762843725257824e-12,2.907223073389531e-12
39,8.0,4.0,6,6,0.4,25,25,True,55,1.5157874955207262e-12,3.074929200153065e-12
39,8.0,8.0,1,1,0.4,25,25,True,53,1.4884777438384234e-12,2.4299789611048617e-12
39,8.0,8.0,1,3,0.4,25,25,True,54,1.4172552020852436e-12,2.8655966488599915e-12
39,8.0,8.0,1,6,0.4,25,25,True,56,1.50712775592865e-12,3.0784819138318653e-12
39,8.0,8.0,3,1,0.4,25,25,True,53,1.492768582356252e-12,2.4012068375323103e-12
39,8.0,8.0,3,3,0.4,25,25,True,55,1.4585554986012994e-12,2.779776409056467e-12
39,8.0,8.0,3,6,0.4,25,25,True,58,1.5529244556944377e-12,3.248512570053208e-12
39,8.0,8.0,6,1,0.4,25,25,True,53,1.4889617316882209e-12,2.3863263795553813e-12
39,8.0,8.0,6,3,0.4,25,25,True,54,1.4879486531782504e-12,2.9850566463096584e-12
39,8.0,8.0,6,6,0.4,25,25,True,58,1.5425993815654238e-12,3.13871151291778e-12
39,8.0,16.0,1,1,0.4,25,25,True,54,1.488351109024677e-12,2.8497343373956596e-12
39,8.0,16.0,1,3,0.4,25,25,True,55,1.5173973189064327e-12,3.0195845823755008e-12
39,8.0,16.0,1,6,0.4,25,25,True,57,1.5334400416122662e-12,3.163025397157071e-12
39,8.0,16.0,3,1,0.4,25,25,True,54,1.5032836087058854e-12,3.0107999426931542e-12
39,8.0,16.0,3,3,0.4,25,25,True,56,1.5430434707752738e-12,3.195999020988438e-12
39,8.0,16.0,3,6,0.4,25,25,True,60,1.5883405701799802e-12,3.4587888109172127e-12
39,8.0,16.0,6,1,0.4,25,25,True,54,1.3939543963559231e-12,2.782843400161994e-12
39,8.0,16.0,6,3,0.4,25,25,True,56,1.4783729795908584e-12,3.0269120543380268e-12
39,8.0,16.0,6,6,0.4,25,25,True,62,1.4556134075860427e-12,3.0634939029994257e-12
39,16.0,4.0,1,1,0.4,25,25,True,54,1.4521000233410492e-12,1.3561127928615226e-12
39,16.0,4.0,1,3,0.4,25,25,True,53,1.502194202362972e-12,3.0034308373672047e-12
39,16.0,4.0,1,6,0.4,25,25,True,54,1.5097367800365191e-12,2.984112956738727e-12
39,16.0,4.0,3,1,0.4,25,25,True,54,1.4521007077436705e-12,1.3561110649143102e-12
39,16.0,4.0,3,3,0.4,25,25,True,54,1.4806836312608596e-12,2.950084621033966e-12
39,16.0,4.0,3,6,0.4,25,25,True,55,1.5181744750236703e-12,3.025857342464633e-12
39,16.0,4.0,6,1,0.4,25,25,True,54,1.4521005586658718e-12,1.3561104008404795e-12
39,16.0,4.0,6,3,0.4,25,25,True,53,1.4576326257120797e-12,2.896155537612799e-12
39,16.0,4.0,6,6,0.4,25,25,True,54,1.5086820681631252e-12,2.9928837186332657e-12
39,16.0,8.0,1,1,0.4,25,25,True,53,1.4871767012314407e-12,2.4060432465833337e-12
39,16.0,8.0,1,3,0.4,25,25,True,54,1.4983847496097269e-12,2.953970401620154e-12
39,16.0,8.0,1,6,0.4,25,25,True,55,1.5004109066296678e-12,3.0061508837775364e-12
39,16.0,8.0,3,1,0.4,25,25,True,53,1.4892323485504733e-12,2.391198350437662e-12
39,16.0,8.0,3,3,0.4,25,25,True,54,1.497330037736333e-12,2.955247158098473e-12
39,16.0,8.0,3,6,0.4,25,25,True,56,1.5168977185453514e-12,2.979338997732839e-12
39,16.0,8.0,6,1,0.4,25,25,True,53,1.4873180811947329e-12,2.3836817936162547e-12
39,16.0,8.0,6,3,0.4,25,25,True,54,1.4089840405517862e-12,2.7020885529083216e-12
39,16.0,8.0,6,6,0.4,25,25,True,55,1.4940826353893044e-12,3.0578317655738374e-12
39,16.0,16.0,1,1,0.4,25,25,True,53,1.5117351814808444e-12,3.0373342729816954e-12
39,16.0,16.0,1,3,0.4,25,25,True,54,1.4747647547608267e-12,2.9641844534467054e-12
39,16.0,16.0,1,6,0.4,25,25,True,55,1.5085155347094314e-12,3.085920408096854e-12
39,16.0,16.0,3,1,0.4,25,25,True,54,1.4601653219870059e-12,2.878142169038256e-12
39,16.0,16.0,3,3,0.4,25,25,True,55,1.4790391134056335e-12,2.9657387656811807e-12
39,16.0,16.0,3,6,0.4,25,25,True,57,1.531663684772866e-12,3.127942349578916e-12
39,16.0,16.0,6,1,0.4,25,25,True,53,1.4948875470821577e-12,2.9717478478019643e-12
39,16.0,16.0,6,3,0.4,25,25,True,55,1.4966916594971735e-12,3.015365734881925e-12
39,16.0,16.0,6,6,0.4,25,25,True,57,1.439737218333903e-12,2.94453350591084e-12
40,4.0,4.0,1,1,0.4,25,25,True,54,1.4526675625207638e-12,1.354913129933931e-12
40,4.0,4.0,1,3,0.4,25,25,True,54,1.4667017600444865e-12,2.9105398646755987e-12
40,4.0,4.0,1,6,0.4,25,25,True,58,1.5483170301422433e-12,3.1498137431640316e-12
40,4.0,4.0,3,1,0.4,25,25,True,54,1.452669568294783e-12,1.3549095656192889e-12
40,4.0,4.0,3,3,0.4,25,25,True,54,1.507495517305557e-12,2.9458588346464865e-12
40,4.0,4.0,3,6,0.4,25,25,True,59,1.556199613617082e-12,3.330724585026701e-12
40,4.0,4.0,6,1,0.4,25,25,True,54,1.4526695886235737e-12,1.3549077631331771e-12
40,4.0,4.0,6,3,0.4,25,25,True,54,1.460755127968838e-12,2.879259330956785e-12
40,4.0,4.0,6,6,0.4,25,25,True,58,1.5142886944374823e-12,3.0074276402558553e-12
40,4.0,8.0,1,1,0.4,25,25,True,53,1.495010712448952e-12,2.128231618714338e-12
40,4.0,8.0,1,3,0.4,25,25,True,55,1.5198953207118393e-12,3.100880663353678e-12
40,4.0,8.0,1,6,0.4,25,25,True,60,1.5556445021047693e-12,3.3816283107057643e-12
40,4.0,8.0,3,1,0.4,25,25,True,54,1.482440906142024e-12,2.250435948703e-12
40,4.0,8.0,3,3,0.4,25,25,True,56,1.4600542996845434e-12,2.960243161709286e-12
40,4.0,8.0,3,6,0.4,25,25,True,64,1.6069368058424516e-12,3.678835014397919e-12
40,4.0,8.0,6,1,0.4,25,25,True,53,1.49665436294244e-12,2.3137646312787474e-12
40,4.0,8.0,6,3,0.4,25,25,True,55,1.5061007996308717e-12,2.9603541840117487e-12
40,4.0,8.0,6,6,0.4,25,25,True,62,1.5981660439479128e-12,3.5864644587491057e-12
40,4.0,16.0,1,1,0.4,25,25,True,54,1.4896556210786116e-12,2.9213853558474057e-12
40,4.0,16.0,1,3,0.4,25,25,True,58,1.556865747431857e-12,3.1517011223058944e-12
40,4.0,16.0,1,6,0.4,25,25,True,62,1.6125989432680399e-12,3.4650060598551136e-12
40,4.0,16.0,3,1,0.4,25,25,True,54,1.5179107970553218e-12,3.025843464676825e-12
40,4.0,16.0,3,3,0.4,25,25,True,60,1.5651369089653144e-12,3.093469924664305e-12
40,4.0,16.0,3,6,0.4,25,25,True,70,1.639743896220125e-12,4.080458193556069e-12
40,4.0,16.0,6,1,0.4,25,25,True,54,1.4838269501993295e-12,2.910227614449923e-12
40,4.0,16.0,6,3,0.4,25,25,True,58,1.5437651157412802e-12,3.272160320477724e-12
40,4.0,16.0,6,6,0.4,25,25,True,73,1.7109091920985975e-12,4.379940854448705e-12
40,8.0,4.0,1,1,0.4,25,25,True,54,1.452668138503168e-12,1.3549102025880652e-12
40,8.0,4.0,1,3,0.4,25,25,True,54,1.4900233824555187e-12,2.965107326335925e-12
40,8.0,4.0,1,6,0.4,25,25,True,55,1.4944712134479232e-12,3.0617730573112567e-12
40,8.0,4.0,3,1,0.4,25,25,True,54,1.4526692836917127e-12,1.3549086033898608e-12
40,8.0,4.0,3,3,0.4,25,25,True,54,1.3762602169009597e-12,2.670932919279778e-12
40,8.0,4.0,3,6,0.4,25,25,True,56,1.5003553954784365e-12,3.089362099473192e-12
40,8.0,4.0,6,1,0.4,25,25,True,54,1.452669053298751e-12,1.3549074785301068e-12
40,8.0,4.0,6,3,0.4,25,25,True,53,1.5011741849590976e-12,2.978339797010676e-12
40,8.0,4.0,6,6,0.4,25,25,True,55,1.520672476829077e-12,3.0361269054424156e-12
40,8.0,8.0,1,1,0.4,25,25,True,53,1.4935457384734896e-12,2.098245188708603e-12
40,8.0,8.0,1,3,0.4,25,25,True,54,1.403682725609201e-12,2.8309576904916867e-12
40,8.0,8.0,1,6,0.4,25,25,True,56,1.5327183966462599e-12,3.1774027853259668e-12
40,8.0,8.0,3,1,0.4,25,25,True,53,1.4971322792600716e-12,2.321949924000144e-12
40,8.0,8.0,3,3,0.4,25,25,True,55,1.4270529202775606e-12,2.7161606297454455e-12
40,8.0,8.0,3,6,0.4,25,25,True,58,1.5132894937153196e-12,3.149647209710338e-12
40,8.0,8.0,6,1,0.4,25,25,True,53,1.4940678902397586e-12,2.3095856824251193e-12
40,8.0,8.0,6,3,0.4,25,25,True,54,1.4619971899776374e-12,2.936845211465311e-12
40,8.0,8.0,6,6,0.4,25,25,True,58,1.4735990205849703e-12,2.993827408204197e-12
40,8.0,16.0,1,1,0.4,25,25,True,54,1.3821999100827043e-12,2.663827491922177e-12
40,8.0,16.0,1,3,0.4,25,25,True,55,1.4847012508312218e-12,2.953748357015229e-12
40,8.0,16.0,1,6,0.4,25,25,True,57,1.503464019947387e-12,3.1016300638953e-12
40,8.0,16.0,3,1,0.4,25,25,True,54,1.4806073034279166e-12,2.97133151416773e-12
40,8.0,16.0,3,3,0.4,25,25,True,56,1.4973022821607174e-12,3.075872889723996e-12
40,8.0,16.0,3,6,0.4,25,25,True,60,1.5626389071599078e-12,3.39511752045496e-12
40,8.0,16.0,6,1,0.4,25,25,True,54,1.419989126283383e-12,2.766162299217001e-12
40,8.0,16.0,6,3,0.4,25,25,True,56,1.5219492333073958e-12,3.0344060597542466e-12
40,8.0,16.0,6,6,0.4,25,25,True,61,1.5787926521682039e-12,3.522182545623309e-12
40,16.0,4.0,1,1,0.4,25,25,True,54,1.4526685857365641e-12,1.3549087999015046e-12
40,16.0,4.0,1,3,0.4,25,25,True,53,1.4889894872638365e-12,2.9828917114116393e-12
40,16.0,4.0,1,6,0.4,25,25,True,54,1.5013545962005992e-12,2.9652946764713306e-12
40,16.0,4.0,3,1,0.4,25,25,True,54,1.452669087180069e-12,1.3549077902382314e-12
40,16.0,4.0,3,3,0.4,25,25,True,54,1.4758194666342206e-12,2.9306557181030257e-12
40,16.0,4.0,3,6,0.4,25,25,True,55,1.5013545962005992e-12,2.8866908863278695e-12
40,16.0,4.0,6,1,0.4,25,25,True,54,1.452669087180069e-12,1.3549073362285717e-12
40,16.0,4.0,6,3,0.4,25,25,True,53,1.4537676618076034e-12,2.891055450593427e-12
40,16.0,4.0,6,6,0.4,25,25,True,54,1.5086820681631252e-12,2.9555247138546292e-12
40,16.0,8.0,1,1,0.4,25,25,True,53,1.4925248537078772e-12,2.326363060523029e-12
40,16.0,8.0,1,3,0.4,25,25,True,54,1.4888923427491818e-12,2.9329871864547385e-12
40,16.0,8.0,1,6,0.4,25,25,True,55,1.5102918915488317e-12,3.002820214703661e-12
40,16.0,8.0,3,1,0.4,25,25,True,53,1.4942864653977317e-12,2.3136683541258307e-12
40,16.0,8.0,3,3,0.4,25,25,True,54,1.4813150706061151e-12,2.9210245333644025e-12
40,16.0,8.0,3,6,0.4,25,25,True,55,1.5123458041443882e-12,2.9499735987315034e-12
40,16.0,8.0,6,1,0.4,25,25,True,53,1.4927043975876408e-12,2.307449370464454e-12
40,16.0,8.0,6,3,0.4,25,25,True,54,1.3971324097639126e-12,2.6809943154404436e-12
40,16.0,8.0,6,6,0.4,25,25,True,55,1.4589440766599182e-12,2.987554648115065e-12
40,16.0,16.0,1,1,0.4,25,25,True,53,1.4909601331325462e-12,2.992273095969722e-12
40,16.0,16.0,1,3,0.4,25,25,True,54,1.4599987885333121e-12,2.934597009840445e-12
40,16.0,16.0,1,6,0.4,25,25,True,55,1.5151213617059511e-12,3.078592936134328e-12
40,16.0,16.0,3,1,0.4,25,25,True,54,1.425901063889512e-12,2.805200516320383e-12
40,16.0,16.0,3,3,0.4,25,25,True,55,1.4482859356235167e-12,2.9027891201849343e-12
40,16.0,16.0,3,6,0.4,25,25,True,57,1.4951928584139296e-12,3.056666031397981e-12
40,16.0,16.0,6,1,0.4,25,25,True,53,1.483493883291942e-12,2.9554830804912058e-12
40,16.0,16.0,6,3,0.4,25,25,True,55,1.5011325515956742e-12,2.970790280443225e-12
40,16.0,16.0,6,6,0.4,25,25,True,57,1.5334955527634975e-12,3.077094135051084e-12
41,4.0,4.0,1,1,0.4,25,25,True,54,1.4531226767114554e-12,1.353947512374061e-12
41,4.0,4.0,1,3,0.4,25,25,True,54,1.4936107906038387e-12,2.9628313691354435e-12
41,4.0,4.0,1,6,0.4,25,25,True,58,1.503019930737537e-12,3.0516700277871678e-12
41,4.0,4.0,3,1,0.4,25,25,True,54,1.4531241810419697e-12,1.3539454185086154e-12
41,4.0,4.0,3,3,0.4,25,25,True,54,1.506156310782103e-12,3.0200425493731586e-12
41,4.0,4.0,3,6,0.4,25,25,True,59,1.537048266442298e-12,3.3245628472400313e-12
41,4.0,4.0,6,1,0.4,25,25,True,54,1.4531240387404346e-12,1.3539442462150164e-12
41,4.0,4.0,6,3,0.4,25,25,True,54,1.4531431613562518e-12,2.8547372799003767e-12
41,4.0,4.0,6,6,0.4,25,25,True,57,1.5216716775512396e-12,3.201994225321414e-12
41,4.0,8.0,1,1,0.4,25,25,True,54,1.4424052230399553e-12,1.9923663413523585e-12
41,4.0,8.0,1,3,0.4,25,25,True,55,1.4765688671758426e-12,3.0089819524903305e-12
41,4.0,8.0,1,6,0.4,25,25,True,60,1.5765166949677223e-12,3.416267269074069e-12
41,4.0,8.0,3,1,0.4,25,25,True,54,1.4698164560456028e-12,1.9849781540681732e-12
41,4.0,8.0,3,3,0.4,25,25,True,56,1.4822865157526621e-12,3.0597191447157e-12
41,4.0,8.0,3,6,0.4,25,25,True,63,1.5741297154647782e-12,3.605282739016502e-12
41,4.0,8.0,6,1,0.4,25,25,True,54,1.4712146431672402e-12,1.9747129278990805e-12
41,4.0,8.0,6,3,0.4,25,25,True,55,1.5158707622475731e-12,3.030936612802293e-12
41,4.0,8.0,6,6,0.4,25,25,True,62,1.4893641875346475e-12,3.326228181776969e-12
41,4.0,16.0,1,1,0.4,25,25,True,54,1.4553358518298865e-12,2.9287822167489708e-12
41,4.0,16.0,1,3,0.4,25,25,True,58,1.5489276528057871e-12,3.2733815658048115e-12
41,4.0,16.0,1,6,0.4,25,25,True,62,1.6149304116197527e-12,3.647748769708414e-12
41,4.0,16.0,3,1,0.4,25,25,True,54,1.4951373472626983e-12,3.004749227208947e-12
41,4.0,16.0,3,3,0.4,25,25,True,59,1.5509815654013437e-12,3.3829050671840832e-12
41,4.0,16.0,3,6,0.4,25,25,True,70,1.6908141553528822e-12,4.225397809420883e-12
41,4.0,16.0,6,1,0.4,25,25,True,54,1.4690748617596228e-12,2.8720498201906253e-12
41,4.0,16.0,6,3,0.4,25,25,True,58,1.5289991495137656e-12,3.1915026177387062e-12
41,4.0,16.0,6,6,0.4,25,25,True,72,1.7026935417163713e-12,4.300892975095394e-12
41,8.0,4.0,1,1,0.4,25,25,True,54,1.4531231984837509e-12,1.3539457844268486e-12
41,8.0,4.0,1,3,0.4,25,25,True,54,1.4971565653887353e-12,2.9882624152932635e-12
41,8.0,4.0,1,6,0.4,25,25,True,55,1.4805934256401088e-12,3.025413253254783e-12
41,8.0,4.0,3,1,0.4,25,25,True,54,1.4531239642015352e-12,1.3539446595670947e-12
41,8.0,4.0,3,3,0.4,25,25,True,54,1.3645959362484916e-12,2.6481594694871546e-12
41,8.0,4.0,3,6,0.4,25,25,True,56,1.5287215937576093e-12,3.1648017539964712e-12
41,8.0,4.0,6,1,0.4,25,25,True,54,1.4531239642015352e-12,1.3539440361508455e-12
41,8.0,4.0,6,3,0.4,25,25,True,53,1.49411039096492e-12,2.9674526724754458e-12
41,8.0,4.0,6,6,0.4,25,25,True,55,1.4883094756612536e-12,2.962352585456074e-12
41,8.0,8.0,1,1,0.4,25,25,True,53,1.4986111310233419e-12,2.0369452652380104e-12
41,8.0,8.0,1,3,0.4,25,25,True,54,1.5122347818419257e-12,2.942091015256665e-12
41,8.0,8.0,1,6,0.4,25,25,True,56,1.531663684772866e-12,3.155087302531001e-12
41,8.0,8.0,3,1,0.4,25,25,True,54,1.4693758362827047e-12,1.977829358623673e-12
41,8.0,8.0,3,3,0.4,25,25,True,54,1.5066836667188e-12,2.953526312410304e-12
41,8.0,8.0,3,6,0.4,25,25,True,58,1.5628609517648329e-12,3.2188696152957164e-12
41,8.0,8.0,6,1,0.4,25,25,True,53,1.4990925167879254e-12,2.012531634398851e-12
41,8.0,8.0,6,3,0.4,25,25,True,54,1.4378775947676559e-12,2.892575068358383e-12
41,8.0,8.0,6,6,0.4,25,25,True,57,1.4942491688429982e-12,3.0647706594777446e-12
41,8.0,16.0,1,1,0.4,25,25,True,54,1.361508128461253e-12,2.6219720838938088e-12
41,8.0,16.0,1,3,0.4,25,25,True,55,1.5235590566931023e-12,2.9635738307831616e-12
41,8.0,16.0,1,6,0.4,25,25,True,57,1.5493717420156372e-12,3.1209479445237776e-12
41,8.0,16.0,3,1,0.4,25,25,True,54,1.4839102169261764e-12,2.966973888796076e-12
41,8.0,16.0,3,3,0.4,25,25,True,56,1.5173418077552014e-12,3.0292435226897396e-12
41,8.0,16.0,3,6,0.4,25,25,True,60,1.5752399384894034e-12,3.4494629375103614e-12
41,8.0,16.0,6,1,0.4,25,25,True,54,1.4979545381876846e-12,2.8720498201906253e-12
41,8.0,16.0,6,3,0.4,25,25,True,56,1.5240586570541836e-12,3.021971561878445e-12
41,8.0,16.0,6,6,0.4,25,25,True,61,1.5993317781237693e-12,3.518518809642046e-12
41,16.0,4.0,1,1,0.4,25,25,True,54,1.453123422100449e-12,1.3539448493024749e-12
41,16.0,4.0,1,3,0.4,25,25,True,53,1.4842224671518522e-12,2.972302959314277e-12
41,16.0,4.0,1,6,0.4,25,25,True,54,1.4957479699262421e-12,2.9483082641945657e-12
41,16.0,4.0,3,1,0.4,25,25,True,54,1.4531238490050544e-12,1.3539442733200707e-12
41,16.0,4.0,3,3,0.4,25,25,True,54,1.471447963474759e-12,2.9126562273162904e-12
41,16.0,4.0,3,6,0.4,25,25,True,55,1.484534717377528e-12,2.8741453661496053e-12
41,16.0,4.0,6,1,0.4,25,25,True,54,1.4531237609136279e-12,1.3539438328629382e-12
41,16.0,4.0,6,3,0.4,25,25,True,53,1.4503953593703045e-12,2.886510475086368e-12
41,16.0,4.0,6,6,0.4,25,25,True,54,1.5046297541232434e-12,3.034295037451784e-12
41,16.0,8.0,1,1,0.4,25,25,True,53,1.497858261034768e-12,2.0234716680000986e-12
41,16.0,8.0,1,3,0.4,25,25,True,54,1.499050883424502e-12,2.9331537199084323e-12
41,16.0,8.0,1,6,0.4,25,25,True,55,1.4310219675905955e-12,2.893685291383008e-12
41,16.0,8.0,3,1,0.4,25,25,True,54,1.4690982805265485e-12,1.9741205198320344e-12
41,16.0,8.0,3,3,0.4,25,25,True,54,1.4663548153492911e-12,2.8887170433478104e-12
41,16.0,8.0,3,6,0.4,25,25,True,55,1.5216161664000083e-12,3.133771020458198e-12
41,16.0,8.0,6,1,0.4,25,25,True,53,1.4980334681058416e-12,2.010956505482664e-12
41,16.0,8.0,6,3,0.4,25,25,True,54,1.3865020243031267e-12,2.6610380565728065e-12
41,16.0,8.0,6,6,0.4,25,25,True,55,1.4273027204581012e-12,2.922717623476956e-12
41,16.0,16.0,1,1,0.4,25,25,True,53,1.497926782612069e-12,3.0072055956509303e-12
41,16.0,16.0,1,3,0.4,25,25,True,54,1.4443446438860974e-12,2.906619389619891e-12
41,16.0,16.0,1,6,0.4,25,25,True,55,1.5050183321818622e-12,3.051503494333474e-12
41,16.0,16.0,3,1,0.4,25,25,True,54,1.4028361805529244e-12,2.778430263639109e-12
41,16.0,16.0,3,3,0.4,25,25,True,55,1.4189205366221813e-12,2.8427815657039446e-12
41,16.0,16.0,3,6,0.4,25,25,True,57,1.5239476347517211e-12,3.0514479831822428e-12
41,16.0,16.0,6,1,0.4,25,25,True,53,1.471670008079684e-12,2.9391766798170238e-12
41,16.0,16.0,6,3,0.4,25,25,True,55,1.503686064552312e-12,2.928546294356238e-12
41,16.0,16.0,6,6,0.4,25,25,True,57,1.5520362772747376e-12,3.04162250941431e-12
42,4.0,4.0,1,1,0.4,25,25,True,54,1.4534865688418594e-12,1.353175726445709e-12
42,4.0,4.0,1,3,0.4,25,25,True,54,1.4783105295457233e-12,2.926832387561973e-12
42,4.0,4.0,1,6,0.4,25,25,True,57,1.554922857138763e-12,3.284483796051063e-12
42,4.0,4.0,3,1,0.4,25,25,True,54,1.4534872769614033e-12,1.3531743102066212e-12
42,4.0,4.0,3,3,0.4,25,25,True,54,1.4984194440792464e-12,2.9881166985212815e-12
42,4.0,4.0,3,6,0.4,25,25,True,59,1.5559775690121569e-12,3.2608360456265473e-12
42,4.0,4.0,6,1,0.4,25,25,True,54,1.453487314230853e-12,1.3531736596853177e-12
42,4.0,4.0,6,3,0.4,25,25,True,54,1.4465928455109633e-12,2.8326230250286244e-12
42,4.0,4.0,6,6,0.4,25,25,True,57,1.537048266442298e-12,3.145816940275381e-12
42,4.0,8.0,1,1,0.4,25,25,True,54,1.4884569271567116e-12,1.971829817482007e-12
42,4.0,8.0,1,3,0.4,25,25,True,55,1.4963308370141704e-12,3.0096758418807212e-12
42,4.0,8.0,1,6,0.4,25,25,True,60,1.5806245201588354e-12,3.355316025022148e-12
42,4.0,8.0,3,1,0.4,25,25,True,54,1.4118289870523881e-12,1.859563718287216e-12
42,4.0,8.0,3,3,0.4,25,25,True,56,1.511096803241685e-12,3.116118474366658e-12
42,4.0,8.0,3,6,0.4,25,25,True,63,1.6108780975798709e-12,3.646971613591177e-12
42,4.0,8.0,6,1,0.4,25,25,True,54,1.4739529041740695e-12,1.8557308467670453e-12
42,4.0,8.0,6,3,0.4,25,25,True,55,1.4793999358886367e-12,2.9450331062719215e-12
42,4.0,8.0,6,6,0.4,25,25,True,62,1.583344566569167e-12,3.274158721922049e-12
42,4.0,16.0,1,1,0.4,25,25,True,54,1.4858947405826939e-12,2.9061614226222332e-12
42,4.0,16.0,1,3,0.4,25,25,True,57,1.5527024110895127e-12,3.2596148002994596e-12
42,4.0,16.0,1,6,0.4,25,25,True,62,1.6119328094532648e-12,3.6298741790119493e-12
42,4.0,16.0,3,1,0.4,25,25,True,54,1.496136547984861e-12,2.9626856523634615e-12
42,4.0,16.0,3,3,0.4,25,25,True,59,1.56846757803919e-12,3.410605131648481e-12
42,4.0,16.0,3,6,0.4,25,25,True,70,1.6794343693504743e-12,3.994360397996388e-12
42,4.0,16.0,6,1,0.4,25,25,True,54,1.4567791417618992e-12,2.8415186870134335e-12
42,4.0,16.0,6,3,0.4,25,25,True,58,1.5490386751082497e-12,3.2150393458607596e-12
42,4.0,16.0,6,6,0.4,25,25,True,72,1.565914065082552e-12,3.877898002713209e-12
42,8.0,4.0,1,1,0.4,25,25,True,54,1.4534868602211932e-12,1.3531746422435365e-12
42,8.0,4.0,1,3,0.4,25,25,True,54,1.4878862031331153e-12,2.9689722902404014e-12
42,8.0,4.0,1,6,0.4,25,25,True,55,1.5123458041443882e-12,3.0391800187601348e-12
42,8.0,4.0,3,1,0.4,25,25,True,54,1.4534871990343722e-12,1.3531737952105893e-12
42,8.0,4.0,3,3,0.4,25,25,True,54,1.3534381948510088e-12,2.6269333930351024e-12
42,8.0,4.0,3,6,0.4,25,25,True,56,1.5036305534010808e-12,3.1015190415928373e-12
42,8.0,4.0,6,1,0.4,25,25,True,54,1.4534871414361317e-12,1.3531734225160925e-12
42,8.0,4.0,6,3,0.4,25,25,True,53,1.4876502807403824e-12,2.957648015389225e-12
42,8.0,4.0,6,6,0.4,25,25,True,55,1.512512337598082e-12,3.0432323328000166e-12
42,8.0,8.0,1,1,0.4,25,25,True,54,1.395830499795192e-12,1.853219834535569e-12
42,8.0,8.0,1,3,0.4,25,25,True,54,1.494193657691767e-12,2.91253132722602e-12
42,8.0,8.0,1,6,0.4,25,25,True,56,1.5085155347094314e-12,3.107458734774582e-12
42,8.0,8.0,3,1,0.4,25,25,True,54,1.4817877827533188e-12,1.8565886675259158e-12
42,8.0,8.0,3,3,0.4,25,25,True,54,1.4741263765216672e-12,2.890632178065289e-12
42,8.0,8.0,3,6,0.4,25,25,True,58,1.512956426807932e-12,3.115674385156808e-12
42,8.0,8.0,6,1,0.4,25,25,True,54,1.470928413793704e-12,1.8545798577407346e-12
42,8.0,8.0,6,3,0.4,25,25,True,54,1.416478045968006e-12,2.8518298833546396e-12
42,8.0,8.0,6,6,0.4,25,25,True,57,1.5435430711363551e-12,3.0529467842654867e-12
42,8.0,16.0,1,1,0.4,25,25,True,54,1.2952694472545545e-12,2.587402514464543e-12
42,8.0,16.0,1,3,0.4,25,25,True,55,1.5111800699685318e-12,3.0997981959046683e-12
42,8.0,16.0,1,6,0.4,25,25,True,57,1.5399348463063234e-12,3.082478716720516e-12
42,8.0,16.0,3,1,0.4,25,25,True,54,1.4525880498439392e-12,2.924202546772392e-12
42,8.0,16.0,3,3,0.4,25,25,True,56,1.4599987885333121e-12,2.9071745011322037e-12
42,8.0,16.0,3,6,0.4,25,25,True,60,1.5512036100062687e-12,3.3633096307994492e-12
42,8.0,16.0,6,1,0.4,25,25,True,54,1.4824808047819715e-12,2.85328705107446e-12
42,8.0,16.0,6,3,0.4,25,25,True,56,1.489253165232185e-12,3.041844554019235e-12
42,8.0,16.0,6,6,0.4,25,25,True,61,1.5907830608341555e-12,3.4535707627014745e-12
42,16.0,4.0,1,1,0.4,25,25,True,54,1.453486944924488e-12,1.3531739883341012e-12
42,16.0,4.0,1,3,0.4,25,25,True,53,1.4799481085070454e-12,2.962338707668266e-12
42,16.0,4.0,1,6,0.4,25,25,True,54,1.5111245588173006e-12,3.0330737921246964e-12
42,16.0,4.0,3,1,0.4,25,25,True,54,1.4534871346598682e-12,1.3531735648176276e-12
42,16.0,4.0,3,3,0.4,25,25,True,54,1.4675760606763788e-12,2.8958294095993153e-12
42,16.0,4.0,3,6,0.4,25,25,True,55,1.4757639554829893e-12,2.9984348337563915e-12
42,16.0,4.0,6,1,0.4,25,25,True,54,1.4534871177192092e-12,1.353173381858511e-12
42,16.0,4.0,6,3,0.4,25,25,True,53,1.4471826514927955e-12,2.8820418274122517e-12
42,16.0,4.0,6,6,0.4,25,25,True,54,1.495081836111467e-12,3.0091484859440243e-12
42,16.0,8.0,1,1,0.4,25,25,True,54,1.4061139405607825e-12,1.853367286031027e-12
42,16.0,8.0,1,3,0.4,25,25,True,54,1.4901968548031164e-12,2.913891350431186e-12
42,16.0,8.0,1,6,0.4,25,25,True,55,1.4210299603689691e-12,2.879696481272731e-12
42,16.0,8.0,3,1,0.4,25,25,True,54,1.479606367982278e-12,1.8550222122271087e-12
42,16.0,8.0,3,3,0.4,25,25,True,54,1.482675093811281e-12,2.958994160806583e-12
42,16.0,8.0,3,6,0.4,25,25,True,55,1.5227263894246335e-12,3.1118996268730825e-12
42,16.0,8.0,6,1,0.4,25,25,True,54,1.469431347433936e-12,1.8539813781415226e-12
42,16.0,8.0,6,3,0.4,25,25,True,54,1.3762047057497284e-12,2.643191221451957e-12
42,16.0,8.0,6,6,0.4,25,25,True,55,1.522615367122171e-12,2.9963254100096037e-12
42,16.0,16.0,1,1,0.4,25,25,True,53,1.4781370571981256e-12,2.9659191769226823e-12
42,16.0,16.0,1,3,0.4,25,25,True,54,1.4315215679516768e-12,2.8797519924239623e-12
42,16.0,16.0,1,6,0.4,25,25,True,55,1.5185630530822891e-12,3.080757871032347e-12
42,16.0,16.0,3,1,0.4,25,25,True,54,1.4144102555846416e-12,2.756586625629609e-12
42,16.0,16.0,3,3,0.4,25,25,True,55,1.3911094498553211e-12,2.7869373475652992e-12
42,16.0,16.0,3,6,0.4,25,25,True,56,1.5398238240038609e-12,3.214040145138597e-12
42,16.0,16.0,6,1,0.4,25,25,True,53,1.4588469321452635e-12,2.9226621123257246e-12
42,16.0,16.0,6,3,0.4,25,25,True,54,1.510347402700063e-12,3.0516145166359365e-12
42,16.0,16.0,6,6,0.4,25,25,True,57,1.5376588891058418e-12,3.190392394714081e-12
43,4.0,4.0,1,1,0.4,25,25,True,54,1.4537767995990384e-12,1.3525592592548291e-12
43,4.0,4.0,1,3,0.4,25,25,True,54,1.464349475011062e-12,2.893761619215951e-12
43,4.0,4.0,1,6,0.4,25,25,True,57,1.548261518991012e-12,3.2578384434600594e-12
43,4.0,4.0,3,1,0.4,25,25,True,54,1.4537772908781478e-12,1.3525583851168275e-12
43,4.0,4.0,3,3,0.4,25,25,True,54,1.4752921106975236e-12,2.94231305986159e-12
43,4.0,4.0,3,6,0.4,25,25,True,59,1.5351608873004352e-12,3.2602254229630034e-12
43,4.0,4.0,6,1,0.4,25,25,True,54,1.4537772671612253e-12,1.3525579175546407e-12
43,4.0,4.0,6,3,0.4,25,25,True,54,1.440111918604714e-12,2.8120630823913473e-12
43,4.0,4.0,6,6,0.4,25,25,True,57,1.5430434707752738e-12,3.2261970872582424e-12
43,4.0,8.0,1,1,0.4,25,25,True,54,1.4298302125625995e-12,1.814534633659548e-12
43,4.0,8.0,1,3,0.4,25,25,True,55,1.4571954753961336e-12,2.9282132274488504e-12
43,4.0,8.0,1,6,0.4,25,25,True,59,1.5655809981751645e-12,3.3690827905275e-12
43,4.0,8.0,3,1,0.4,25,25,True,54,1.4765133560246113e-12,1.8664080697616825e-12
43,4.0,8.0,3,3,0.4,25,25,True,55,1.5095424910072097e-12,3.1078473128332007e-12
43,4.0,8.0,3,6,0.4,25,25,True,63,1.6214252163138099e-12,3.654354596704934e-12
43,4.0,8.0,6,1,0.4,25,25,True,54,1.4813601734164905e-12,1.8633263335066097e-12
43,4.0,8.0,6,3,0.4,25,25,True,55,1.4455103780619538e-12,2.8664848272796917e-12
43,4.0,8.0,6,6,0.4,25,25,True,62,1.5983880885528379e-12,3.4272584770178582e-12
43,4.0,16.0,1,1,0.4,25,25,True,54,1.5318024626509441e-12,3.0005303797153715e-12
43,4.0,16.0,1,3,0.4,25,25,True,57,1.4673262604958381e-12,3.0793700922515654e-12
43,4.0,16.0,1,6,0.4,25,25,True,62,1.6017187576267133e-12,3.564371020559065e-12
43,4.0,16.0,3,1,0.4,25,25,True,54,1.469734056680494e-12,2.886565986237599e-12
43,4.0,16.0,3,3,0.4,25,25,True,59,1.544597783009749e-12,3.2799318816501e-12
43,4.0,16.0,3,6,0.4,25,25,True,69,1.6743828545884298e-12,4.105382700458904e-12
43,4.0,16.0,6,1,0.4,25,25,True,54,1.4468357067976e-12,2.8139365837454022e-12
43,4.0,16.0,6,3,0.4,25,25,True,58,1.5447643164634428e-12,3.2412961203931445e-12
43,4.0,16.0,6,6,0.4,25,25,True,71,1.7079115899321096e-12,4.293565503132868e-12
43,8.0,4.0,1,1,0.4,25,25,True,54,1.4537770028869457e-12,1.352558524030231e-12
43,8.0,4.0,1,3,0.4,25,25,True,54,1.4792680969044625e-12,2.950917288302435e-12
43,8.0,4.0,1,6,0.4,25,25,True,55,1.496358592589786e-12,3.0034308373672047e-12
43,8.0,4.0,3,1,0.4,25,25,True,54,1.4537772976544114e-12,1.352558137783207e-12
43,8.0,4.0,3,3,0.4,25,25,True,54,1.3435225154623254e-12,2.6073310177565645e-12
43,8.0,4.0,3,6,0.4,25,25,True,56,1.480870981396265e-12,3.0419000651704664e-12
43,8.0,4.0,6,1,0.4,25,25,True,54,1.4537772027867213e-12,1.3525578362394777e-12
43,8.0,4.0,6,3,0.4,25,25,True,53,1.4817314042403495e-12,2.948502553223875e-12
43,8.0,4.0,6,6,0.4,25,25,True,55,1.5178414081162828e-12,3.0180302701410255e-12
43,8.0,8.0,1,1,0.4,25,25,True,54,1.4631794040265156e-12,1.8612325222711057e-12
43,8.0,8.0,1,3,0.4,25,25,True,54,1.4770962231125395e-12,2.8840541066443848e-12
43,8.0,8.0,1,6,0.4,25,25,True,56,1.4883094756612536e-12,3.0640490145117383e-12
43,8.0,8.0,3,1,0.4,25,25,True,54,1.4786435964531108e-12,1.8640011409387647e-12
43,8.0,8.0,3,3,0.4,25,25,True,54,1.4434564654663973e-12,2.8319568912138493e-12
43,8.0,8.0,3,6,0.4,25,25,True,58,1.5205614545266144e-12,3.1745162054619414e-12
43,8.0,8.0,6,1,0.4,25,25,True,54,1.481027973870841e-12,1.862395654361748e-12
43,8.0,8.0,6,3,0.4,25,25,True,54,1.4771794898393864e-12,2.896072270885952e-12
43,8.0,8.0,6,6,0.4,25,25,True,57,1.5469292513614619e-12,3.245237412130564e-12
43,8.0,16.0,1,1,0.4,25,25,True,54,1.2885872924250918e-12,2.5617702403835096e-12
43,8.0,16.0,1,3,0.4,25,25,True,55,1.4839796058652155e-12,3.043565399707404e-12
43,8.0,16.0,1,6,0.4,25,25,True,57,1.5140666498325572e-12,3.028244321967577e-12
43,8.0,16.0,3,1,0.4,25,25,True,54,1.4403200854218312e-12,2.8829438836197596e-12
43,8.0,16.0,3,3,0.4,25,25,True,56,1.5233925232394085e-12,3.167577311558034e-12
43,8.0,16.0,3,6,0.4,25,25,True,60,1.5655254870239332e-12,3.349875932201485e-12
43,8.0,16.0,6,1,0.4,25,25,True,53,1.4941797799039591e-12,2.9719490757251776e-12
43,8.0,16.0,6,3,0.4,25,25,True,56,1.5251688800788088e-12,3.1009084189292935e-12
43,8.0,16.0,6,6,0.4,25,25,True,61,1.5907275496829243e-12,3.4100500201361683e-12
43,16.0,4.0,1,1,0.4,25,25,True,54,1.4537770808139769e-12,1.352558249591556e-12
43,16.0,4.0,1,3,0.4,25,25,True,53,1.4758472222098362e-12,2.953082223200454e-12
43,16.0,4.0,1,6,0.4,25,25,True,54,1.5014656185030617e-12,3.016864535965169e-12
43,16.0,4.0,3,1,0.4,25,25,True,54,1.4537772739374889e-12,1.352557975152881e-12
43,16.0,4.0,3,3,0.4,25,25,True,53,1.4961087924092453e-12,2.96532937094085e-12
43,16.0,4.0,3,6,0.4,25,25,True,55,1.515731984369495e-12,3.0243030302301577e-12
43,16.0,4.0,6,1,0.4,25,25,True,54,1.4537772129511167e-12,1.3525578260750824e-12
43,16.0,4.0,6,3,0.4,25,25,True,53,1.4442128049019232e-12,2.878128291250448e-12
43,16.0,4.0,6,6,0.4,25,25,True,54,1.4988010832439613e-12,2.9981572780002352e-12
43,16.0,8.0,1,1,0.4,25,25,True,54,1.4717914387230024e-12,1.8613843105752537e-12
43,16.0,8.0,1,3,0.4,25,25,True,54,1.482675093811281e-12,2.8964886045201865e-12
43,16.0,8.0,1,6,0.4,25,25,True,55,1.5099033134902129e-12,2.9659608102861057e-12
43,16.0,8.0,3,1,0.4,25,25,True,54,1.479678359006531e-12,1.8627486705891094e-12
43,16.0,8.0,3,3,0.4,25,25,True,54,1.459110610113612e-12,2.9210245333644025e-12
43,16.0,8.0,3,6,0.4,25,25,True,55,1.498523527487805e-12,3.066824572073301e-12
43,16.0,8.0,6,1,0.4,25,25,True,54,1.480881389737121e-12,1.8619168706823785e-12
43,16.0,8.0,6,3,0.4,25,25,True,54,1.3667122988891833e-12,2.625982764570267e-12
43,16.0,8.0,6,6,0.4,25,25,True,55,1.5138446052276322e-12,3.1000202405095933e-12
43,16.0,16.0,1,1,0.4,25,25,True,53,1.5083004289984103e-12,3.0017446861485553e-12
43,16.0,16.0,1,3,0.4,25,25,True,54,1.4184209362611e-12,2.85449441861374e-12
43,16.0,16.0,1,6,0.4,25,25,True,55,1.5200063430143018e-12,3.094968725747549e-12
43,16.0,16.0,3,1,0.4,25,25,True,53,1.5037276979157355e-12,3.0179400645202747e-12
43,16.0,16.0,3,3,0.4,25,25,True,55,1.3643530749618549e-12,2.7340352204419105e-12
43,16.0,16.0,3,6,0.4,25,25,True,56,1.535105376149204e-12,3.175071316974254e-12
43,16.0,16.0,6,1,0.4,25,25,True,53,1.4513112933656203e-12,2.9057450889879988e-12
43,16.0,16.0,6,3,0.4,25,25,True,54,1.4750978216682142e-12,2.98644442509044e-12
43,16.0,16.0,6,6,0.4,25,25,True,57,1.4893086763834162e-12,3.081035426788503e-12
44,4.0,4.0,1,1,0.4,25,25,True,54,1.4540082428815462e-12,1.3520673364003817e-12
44,4.0,4.0,1,3,0.4,25,25,True,54,1.4516790547425273e-12,2.862786396828909e-12
44,4.0,4.0,1,6,0.4,25,25,True,57,1.5395462682477046e-12,3.203493026404658e-12
44,4.0,4.0,3,1,0.4,25,25,True,54,1.4540085647540661e-12,1.3520667909111637e-12
44,4.0,4.0,3,3,0.4,25,25,True,54,1.453656639505141e-12,2.8997637624428307e-12
44,4.0,4.0,3,6,0.4,25,25,True,59,1.5344392423344289e-12,3.183231456205249e-12
44,4.0,4.0,6,1,0.4,25,25,True,54,1.4540084732745078e-12,1.352066431769194e-12
44,4.0,4.0,6,3,0.4,25,25,True,54,1.4342346754681046e-12,2.793099085351969e-12
44,4.0,4.0,6,6,0.4,25,25,True,57,1.5403234243649422e-12,3.2150393458607596e-12
44,4.0,8.0,1,1,0.4,25,25,True,54,1.479458049125082e-12,1.7696746845707878e-12
44,4.0,8.0,1,3,0.4,25,25,True,55,1.5213108550682364e-12,3.0139779561011437e-12
44,4.0,8.0,1,6,0.4,25,25,True,59,1.5577539258515571e-12,3.307909501870654e-12
44,4.0,8.0,3,1,0.4,25,25,True,54,1.4147650065354789e-12,1.7555314840711489e-12
44,4.0,8.0,3,3,0.4,25,25,True,55,1.5217549442780864e-12,3.0688229735176265e-12
44,4.0,8.0,3,6,0.4,25,25,True,63,1.5668577546534834e-12,3.5083047578154947e-12
44,4.0,8.0,6,1,0.4,25,25,True,54,1.4178458754288137e-12,1.7476966054918996e-12
44,4.0,8.0,6,3,0.4,25,25,True,54,1.4756251776049112e-12,2.930572451376179e-12
44,4.0,8.0,6,6,0.4,25,25,True,62,1.5961676425035876e-12,3.5080827132105696e-12
44,4.0,16.0,1,1,0.4,25,25,True,54,1.48782375308798e-12,2.952908750852856e-12
44,4.0,16.0,1,3,0.4,25,25,True,57,1.5263346142546652e-12,3.102351708861306e-12
44,4.0,16.0,1,6,0.4,25,25,True,62,1.6135981439902025e-12,3.5853542357244805e-12
44,4.0,16.0,3,1,0.4,25,25,True,54,1.5188544866262532e-12,3.0033545095342618e-12
44,4.0,16.0,3,3,0.4,25,25,True,59,1.5750734050357096e-12,3.338496146199077e-12
44,4.0,16.0,3,6,0.4,25,25,True,69,1.6758261445204425e-12,4.0372705178981505e-12
44,4.0,16.0,6,1,0.4,25,25,True,54,1.4868800635170487e-12,2.9677094115498903e-12
44,4.0,16.0,6,3,0.4,25,25,True,58,1.4714895968381825e-12,3.1004643297194434e-12
44,4.0,16.0,6,6,0.4,25,25,True,71,1.6899814880844133e-12,4.097167050076678e-12
44,8.0,4.0,1,1,0.4,25,25,True,54,1.4540084089000038e-12,1.3520668857788538e-12
44,8.0,4.0,1,3,0.4,25,25,True,54,1.4714757190503747e-12,2.933916998237862e-12
44,8.0,4.0,1,6,0.4,25,25,True,55,1.4783729795908584e-12,2.967737167125506e-12
44,8.0,4.0,3,1,0.4,25,25,True,54,1.454008568142198e-12,1.3520666181164424e-12
44,8.0,4.0,3,3,0.4,25,25,True,54,1.4994533392709286e-12,2.843496271776047e-12
44,8.0,4.0,3,6,0.4,25,25,True,56,1.4604428777431622e-12,2.9853342020658147e-12
44,8.0,4.0,6,1,0.4,25,25,True,54,1.4540085613659343e-12,1.3520664419335894e-12
44,8.0,4.0,6,3,0.4,25,25,True,53,1.4763537614648214e-12,2.940127308281859e-12
44,8.0,4.0,6,6,0.4,25,25,True,55,1.4841461393189093e-12,2.9536928458639977e-12
44,8.0,8.0,1,1,0.4,25,25,True,54,1.4167365197659265e-12,1.7578664218698137e-12
44,8.0,8.0,1,3,0.4,25,25,True,54,1.506156310782103e-12,2.9026780978824718e-12
44,8.0,8.0,1,6,0.4,25,25,True,56,1.4678813720081507e-12,3.021138894609976e-12
44,8.0,8.0,3,1,0.4,25,25,True,54,1.415950690031309e-12,1.7502579247041794e-12
44,8.0,8.0,3,3,0.4,25,25,True,54,1.5082657345288908e-12,3.0611901902233285e-12
44,8.0,8.0,3,6,0.4,25,25,True,58,1.5550893905924568e-12,3.1616931295275208e-12
44,8.0,8.0,6,1,0.4,25,25,True,54,1.4174729098814787e-12,1.7467971513696057e-12
44,8.0,8.0,6,3,0.4,25,25,True,54,1.4994672170587364e-12,2.902594831155625e-12
44,8.0,8.0,6,6,0.4,25,25,True,57,1.5171197631502764e-12,3.1620261964349083e-12
44,8.0,16.0,1,1,0.4,25,25,True,54,1.5085224736033354e-12,2.7949795255999277e-12
44,8.0,16.0,1,3,0.4,25,25,True,55,1.5236700789955648e-12,3.058164832481225e-12
44,8.0,16.0,1,6,0.4,25,25,True,57,1.4859780073095408e-12,2.9762303732638884e-12
44,8.0,16.0,3,1,0.4,25,25,True,54,1.433755891788735e-12,2.844086077757879e-12
44,8.0,16.0,3,3,0.4,25,25,True,56,1.528888127211303e-12,3.152922367632982e-12
44,8.0,16.0,3,6,0.4,25,25,True,60,1.5794032748317477e-12,3.3870128923751963e-12
44,8.0,16.0,6,1,0.4,25,25,True,53,1.5196593983191065e-12,3.059365261126601e-12
44,8.0,16.0,6,3,0.4,25,25,True,55,1.5239476347517211e-12,3.0895286329268856e-12
44,8.0,16.0,6,6,0.4,25,25,True,61,1.5819012766371543e-12,3.2860381082855383e-12
44,16.0,4.0,1,1,0.4,25,25,True,54,1.4540084326169263e-12,1.3520666350571014e-12
44,16.0,4.0,1,3,0.4,25,25,True,53,1.4718157248516661e-12,2.9442975835181073e-12
44,16.0,4.0,1,6,0.4,25,25,True,54,1.4934165015745293e-12,3.0012659024691857e-12
44,16.0,4.0,3,1,0.4,25,25,True,54,1.4540085207083529e-12,1.3520665096962252e-12
44,16.0,4.0,3,3,0.4,25,25,True,53,1.4900164435616148e-12,2.9553373637192237e-12
44,16.0,4.0,3,6,0.4,25,25,True,55,1.5140666498325572e-12,3.007816218314474e-12
44,16.0,4.0,6,1,0.4,25,25,True,54,1.45400853426088e-12,1.3520664080522715e-12
44,16.0,4.0,6,3,0.4,25,25,True,53,1.4414996973854954e-12,2.8743465940728186e-12
44,16.0,4.0,6,6,0.4,25,25,True,54,1.5003553954784365e-12,2.985611757821971e-12
44,16.0,8.0,1,1,0.4,25,25,True,54,1.4108315210537015e-12,1.751482639478219e-12
44,16.0,8.0,1,3,0.4,25,25,True,54,1.4743484211265923e-12,2.8795299478190373e-12
44,16.0,8.0,1,6,0.4,25,25,True,54,1.5130674491103946e-12,3.0615510127063317e-12
44,16.0,8.0,3,1,0.4,25,25,True,54,1.4165257508635953e-12,1.7475344088468958e-12
44,16.0,8.0,3,3,0.4,25,25,True,54,1.4971357487070236e-12,2.9460600625696998e-12
44,16.0,8.0,3,6,0.4,25,25,True,55,1.4793166691617898e-12,3.0318525467976087e-12
44,16.0,8.0,6,1,0.4,25,25,True,54,1.4172552020852436e-12,1.7463435211806377e-12
44,16.0,8.0,6,3,0.4,25,25,True,54,1.4973022821607174e-12,3.004596571543061e-12
44,16.0,8.0,6,6,0.4,25,25,True,55,1.4834800055041342e-12,3.0064284395336927e-12
44,16.0,16.0,1,1,0.4,25,25,True,53,1.4774709233833505e-12,2.9669530721143644e-12
44,16.0,16.0,1,3,0.4,25,25,True,54,1.4057643937803732e-12,2.8305136012818366e-12
44,16.0,16.0,1,6,0.4,25,25,True,55,1.492694856608523e-12,3.0311309018316024e-12
44,16.0,16.0,3,1,0.4,25,25,True,53,1.4933332348476824e-12,2.9922869737575297e-12
44,16.0,16.0,3,3,0.4,25,25,True,55,1.3404277687811827e-12,2.684408251241166e-12
44,16.0,16.0,3,6,0.4,25,25,True,56,1.5327183966462599e-12,3.13782333449808e-12
44,16.0,16.0,6,1,0.4,25,25,True,53,1.448036135442976e-12,2.8885088765306932e-12
44,16.0,16.0,6,3,0.4,25,25,True,54,1.4929724123646793e-12,2.9752311725417258e-12
44,16.0,16.0,6,6,0.4,25,25,True,57,1.4402923298462156e-12,2.9782287747082137e-12
45,4.0,4.0,1,1,0.4,25,25,True,54,1.454192697858338e-12,1.35167507883064e-12
45,4.0,4.0,1,3,0.4,25,25,True,54,1.4401951853315609e-12,2.8344826485948715e-12
45,4.0,4.0,1,6,0.4,25,25,True,57,1.4975243267656424e-12,3.115230295946958e-12
45,4.0,4.0,3,1,0.4,25,25,True,54,1.4541928875937181e-12,1.351674741711527e-12
45,4.0,4.0,3,3,0.4,25,25,True,54,1.4338183418338701e-12,2.860538195204043e-12
45,4.0,4.0,3,6,0.4,25,25,True,59,1.5645262863017706e-12,3.271716231267874e-12
45,4.0,4.0,6,1,0.4,25,25,True,54,1.454192872347125e-12,1.3516745587524104e-12
45,4.0,4.0,6,3,0.4,25,25,True,54,1.4290582606157898e-12,2.775814300637336e-12
45,4.0,4.0,6,6,0.4,25,25,True,57,1.5236700789955648e-12,3.1355473772975984e-12
45,4.0,8.0,1,1,0.4,25,25,True,54,1.4147290110233524e-12,1.7093514104171703e-12
45,4.0,8.0,1,3,0.4,25,25,True,55,1.484534717377528e-12,2.9389823907877144e-12
45,4.0,8.0,1,6,0.4,25,25,True,59,1.5044077095183184e-12,3.199829290423395e-12
45,4.0,8.0,3,1,0.4,25,25,True,54,1.4653291600941198e-12,1.7501677190834286e-12
45,4.0,8.0,3,3,0.4,25,25,True,55,1.5239198791761055e-12,3.0185576260777225e-12
45,4.0,8.0,3,6,0.4,25,25,True,63,1.6026624471976447e-12,3.6268765768454614e-12
45,4.0,8.0,6,1,0.4,25,25,True,54,1.4679676745010806e-12,1.7473392524558484e-12
45,4.0,8.0,6,3,0.4,25,25,True,54,1.5002998843272053e-12,3.0379865290086627e-12
45,4.0,8.0,6,6,0.4,25,25,True,61,1.5983325774016066e-12,3.4567904094728874e-12
45,4.0,16.0,1,1,0.4,25,25,True,54,1.4880735532685208e-12,2.8307356458867616e-12
45,4.0,16.0,1,3,0.4,25,25,True,57,1.5032974864936932e-12,3.142985871562587e-12
45,4.0,16.0,1,6,0.4,25,25,True,62,1.574074204313547e-12,3.5231817463454718e-12
45,4.0,16.0,3,1,0.4,25,25,True,54,1.5028395194960353e-12,3.0259822425549032e-12
45,4.0,16.0,3,3,0.4,25,25,True,59,1.4691581284864696e-12,3.116507052425277e-12
45,4.0,16.0,3,6,0.4,25,25,True,69,1.686040196346994e-12,4.124423025331225e-12
45,4.0,16.0,6,1,0.4,25,25,True,54,1.4651405089161074e-12,2.919400832190888e-12
45,4.0,16.0,6,3,0.4,25,25,True,57,1.4670487047396819e-12,2.9964364323120662e-12
45,4.0,16.0,6,6,0.4,25,25,True,70,1.6655565815426598e-12,4.015843213522885e-12
45,8.0,4.0,1,1,0.4,25,25,True,54,1.4541928011963575e-12,1.3516748450495466e-12
45,8.0,4.0,1,3,0.4,25,25,True,54,1.4637388523475181e-12,2.9180199923040107e-12
45,8.0,4.0,1,6,0.4,25,25,True,55,1.5068502001724937e-12,3.041400464809385e-12
45,8.0,4.0,3,1,0.4,25,25,True,54,1.4541928672649274e-12,1.3516746231269144e-12
45,8.0,4.0,3,3,0.4,25,25,True,54,1.4953524529737194e-12,2.9950070201678614e-12
45,8.0,4.0,3,6,0.4,25,25,True,56,1.4372947276797277e-12,2.930322651195638e-12
45,8.0,4.0,6,1,0.4,25,25,True,54,1.454192904534377e-12,1.3516745028482359e-12
45,8.0,4.0,6,3,0.4,25,25,True,53,1.471447963474759e-12,2.9322586025948283e-12
45,8.0,4.0,6,6,0.4,25,25,True,55,1.5174250744820483e-12,2.9603541840117487e-12
45,8.0,8.0,1,1,0.4,25,25,True,54,1.4677456298961555e-12,1.7477542850474759e-12
45,8.0,8.0,1,3,0.4,25,25,True,54,1.4885315202661786e-12,2.873867810393449e-12
45,8.0,8.0,1,6,0.4,25,25,True,56,1.446842645691504e-12,2.9807822876648515e-12
45,8.0,8.0,3,1,0.4,25,25,True,54,1.4663539479875531e-12,1.7480869182739944e-12
45,8.0,8.0,3,3,0.4,25,25,True,54,1.5080159343483501e-12,3.044176022370948e-12
45,8.0,8.0,3,6,0.4,25,25,True,57,1.5507040096451874e-12,3.277156324088537e-12
45,8.0,8.0,6,1,0.4,25,25,True,54,1.4676727715101645e-12,1.746616740128104e-12
45,8.0,8.0,6,3,0.4,25,25,True,54,1.5026591082545337e-12,2.8914648453337577e-12
45,8.0,8.0,6,6,0.4,25,25,True,57,1.4596657216259246e-12,3.040956375599535e-12
45,8.0,16.0,1,1,0.4,25,25,True,54,1.4872478248939558e-12,2.7750024500505788e-12
45,8.0,16.0,1,3,0.4,25,25,True,55,1.51595402897442e-12,3.088751476809648e-12
45,8.0,16.0,1,6,0.4,25,25,True,57,1.5389356455841607e-12,3.2212565947986604e-12
45,8.0,16.0,3,1,0.4,25,25,True,54,1.4289056049499038e-12,2.818738298326906e-12
45,8.0,16.0,3,3,0.4,25,25,True,56,1.4874768083927847e-12,3.082756272476672e-12
45,8.0,16.0,3,6,0.4,25,25,True,60,1.5197842984093768e-12,3.2531199956054024e-12
45,8.0,16.0,6,1,0.4,25,25,True,53,1.4811624149402292e-12,2.9777846854983636e-12
45,8.0,16.0,6,3,0.4,25,25,True,55,1.4693246619401634e-12,2.9768409959274322e-12
45,8.0,16.0,6,6,0.4,25,25,True,61,1.4717116414431075e-12,3.0613289681014066e-12
45,16.0,4.0,1,1,0.4,25,25,True,54,1.4541928028904234e-12,1.3516746824192207e-12
45,16.0,4.0,1,3,0.4,25,25,True,53,1.4683324001119047e-12,2.938781162864501e-12
45,16.0,4.0,1,6,0.4,25,25,True,54,1.4866441411243159e-12,2.9861668693342835e-12
45,16.0,4.0,3,1,0.4,25,25,True,54,1.4541928960640476e-12,1.3516745841633988e-12
45,16.0,4.0,3,3,0.4,25,25,True,53,1.4847151286190297e-12,2.9461016959331232e-12
45,16.0,4.0,3,6,0.4,25,25,True,55,1.4924173008523667e-12,2.971178858501844e-12
45,16.0,4.0,6,1,0.4,25,25,True,54,1.4541928503242684e-12,1.351674516400763e-12
45,16.0,4.0,6,3,0.4,25,25,True,53,1.4390225122618006e-12,2.871036741680655e-12
45,16.0,4.0,6,6,0.4,25,25,True,54,1.4925560787304448e-12,2.9644064980516305e-12
45,16.0,8.0,1,1,0.4,25,25,True,54,1.4621337994513706e-12,1.7468730455216797e-12
45,16.0,8.0,1,3,0.4,25,25,True,54,1.4668544157103725e-12,2.863237424932663e-12
45,16.0,8.0,1,6,0.4,25,25,True,54,1.505850999450331e-12,3.0600522116230877e-12
45,16.0,8.0,3,1,0.4,25,25,True,54,1.4668583188381934e-12,1.7470061855484609e-12
45,16.0,8.0,3,3,0.4,25,25,True,54,1.4845624729531437e-12,2.9206637108813993e-12
45,16.0,8.0,3,6,0.4,25,25,True,55,1.5065726444163374e-12,3.047173624537436e-12
45,16.0,8.0,6,1,0.4,25,25,True,54,1.4675084064608157e-12,1.7462580860494459e-12
45,16.0,8.0,6,3,0.4,25,25,True,54,1.4897527655932663e-12,2.980310442879386e-12
45,16.0,8.0,6,6,0.4,25,25,True,55,1.4584999874500681e-12,2.9192204209493866e-12
45,16.0,16.0,1,1,0.4,25,25,True,53,1.4631212907900704e-12,2.930558573588371e-12
45,16.0,16.0,1,3,0.4,25,25,True,54,1.502409308073993e-12,2.9309887850104133e-12
45,16.0,16.0,1,6,0.4,25,25,True,55,1.5176193635113577e-12,3.044786645034492e-12
45,16.0,16.0,3,1,0.4,25,25,True,53,1.5394976959903772e-12,3.0863089861554727e-12
45,16.0,16.0,3,3,0.4,25,25,True,55,1.3171130852640545e-12,2.6373347949970594e-12
45,16.0,16.0,3,6,0.4,25,25,True,56,1.5062395775089499e-12,3.078592936134328e-12
45,16.0,16.0,6,1,0.4,25,25,True,53,1.4610881948762255e-12,2.9614227736729504e-12
45,16.0,16.0,6,3,0.4,25,25,True,54,1.4847012508312218e-12,2.9412028368369647e-12
45,16.0,16.0,6,6,0.4,25,25,True,57,1.5384915563743107e-12,3.0311864129828336e-12
46,4.0,4.0,1,1,0.4,25,25,True,54,1.454339522549415e-12,1.35136257449508e-12
46,4.0,4.0,1,3,0.4,25,25,True,54,1.4982598495194566e-12,2.9448249394548043e-12
46,4.0,4.0,1,6,0.4,25,25,True,57,1.5172862966039702e-12,3.096967127191874e-12
46,4.0,4.0,3,1,0.4,25,25,True,54,1.4543396784034773e-12,1.3513623254673935e-12
46,4.0,4.0,3,3,0.4,25,25,True,54,1.415582928654402e-12,2.8242269634048967e-12
46,4.0,4.0,3,6,0.4,25,25,True,59,1.5587531265737198e-12,3.2998048737908903e-12
46,4.0,4.0,6,1,0.4,25,25,True,54,1.4543396394399617e-12,1.3513622407640988e-12
46,4.0,4.0,6,3,0.4,25,25,True,54,1.4240414403232649e-12,2.7598548446583493e-12
46,4.0,4.0,6,6,0.4,25,25,True,57,1.5418499810238018e-12,3.219424726808029e-12
46,4.0,8.0,1,1,0.4,25,25,True,54,1.427843954182606e-12,1.6820243115001077e-12
46,4.0,8.0,1,3,0.4,25,25,True,55,1.4505618928239983e-12,2.8684554731484013e-12
46,4.0,8.0,1,6,0.4,25,25,True,59,1.554478767928913e-12,3.2055469390002145e-12
46,4.0,8.0,3,1,0.4,25,25,True,54,1.4871823390827377e-12,1.6789798717997684e-12
46,4.0,8.0,3,3,0.4,25,25,True,55,1.5072942893823438e-12,2.9518609778733662e-12
46,4.0,8.0,3,6,0.4,25,25,True,63,1.6179835249374719e-12,3.62460061964498e-12
46,4.0,8.0,6,1,0.4,25,25,True,54,1.460976738892894e-12,1.6735840144277425e-12
46,4.0,8.0,6,3,0.4,25,25,True,54,1.5118184482076913e-12,3.0355162827788718e-12
46,4.0,8.0,6,6,0.4,25,25,True,61,1.4986345497902676e-12,3.2813751715821127e-12
46,4.0,16.0,1,1,0.4,25,25,True,54,1.4760276334513378e-12,2.8098981474933282e-12
46,4.0,16.0,1,3,0.4,25,25,True,57,1.4490630917407543e-12,3.035571793930103e-12
46,4.0,16.0,1,6,0.4,25,25,True,62,1.5661916208387083e-12,3.5157432520804832e-12
46,4.0,16.0,3,1,0.4,25,25,True,54,1.4795942249179461e-12,2.9762442510516962e-12
46,4.0,16.0,3,3,0.4,25,25,True,59,1.553868145265369e-12,3.11134451536077e-12
46,4.0,16.0,3,6,0.4,25,25,True,69,1.682376460365731e-12,3.965106021297515e-12
46,4.0,16.0,6,1,0.4,25,25,True,54,1.4588608099330713e-12,2.9043434324194095e-12
46,4.0,16.0,6,3,0.4,25,25,True,57,1.542654892716655e-12,3.2321922915912182e-12
46,4.0,16.0,6,6,0.4,25,25,True,70,1.6047718709444325e-12,3.974431894704367e-12
46,8.0,4.0,1,1,0.4,25,25,True,54,1.4543395987823803e-12,1.35136241355882e-12
46,8.0,4.0,1,3,0.4,25,25,True,54,1.4567305695045718e-12,2.90310137041061e-12
46,8.0,4.0,1,6,0.4,25,25,True,55,1.5165091404867326e-12,3.0778157800170902e-12
46,8.0,4.0,3,1,0.4,25,25,True,54,1.4543396614628184e-12,1.3513622610928895e-12
46,8.0,4.0,3,3,0.4,25,25,True,54,1.4831816330662662e-12,2.9731564432644575e-12
46,8.0,4.0,3,6,0.4,25,25,True,56,1.5148438059497948e-12,3.0352387270227155e-12
46,8.0,4.0,6,1,0.4,25,25,True,54,1.4543395987823803e-12,1.3513622001065173e-12
46,8.0,4.0,6,3,0.4,25,25,True,53,1.4666046155298318e-12,2.9251046029799e-12
46,8.0,4.0,6,6,0.4,25,25,True,55,1.4847845175580687e-12,2.902733609033703e-12
46,8.0,8.0,1,1,0.4,25,25,True,54,1.4293293111589112e-12,1.6760052547193371e-12
46,8.0,8.0,1,3,0.4,25,25,True,54,1.5096535133096722e-12,3.0514757387578584e-12
46,8.0,8.0,1,6,0.4,25,25,True,56,1.5190626534433704e-12,3.035349749325178e-12
46,8.0,8.0,3,1,0.4,25,25,True,54,1.4722953758927737e-12,1.6754544800157145e-12
46,8.0,8.0,3,3,0.4,25,25,True,54,1.4954426585944702e-12,3.006095372626305e-12
46,8.0,8.0,3,6,0.4,25,25,True,57,1.5555334798023068e-12,3.2389646520414317e-12
46,8.0,8.0,6,1,0.4,25,25,True,54,1.459035583323276e-12,1.6726967033697804e-12
46,8.0,8.0,6,3,0.4,25,25,True,54,1.4865886299730846e-12,2.8609614677321815e-12
46,8.0,8.0,6,6,0.4,25,25,True,57,1.5403234243649422e-12,3.0871971645751728e-12
46,8.0,16.0,1,1,0.4,25,25,True,54,1.4815162985293284e-12,2.808038523927081e-12
46,8.0,16.0,1,3,0.4,25,25,True,55,1.4909184997691227e-12,3.0362934388961094e-12
46,8.0,16.0,1,6,0.4,25,25,True,57,1.5158985178231887e-12,3.1694091795486656e-12
46,8.0,16.0,3,1,0.4,25,25,True,54,1.5079881787727345e-12,2.9963254100096037e-12
46,8.0,16.0,3,3,0.4,25,25,True,56,1.5173973189064327e-12,3.068045817400389e-12
46,8.0,16.0,3,6,0.4,25,25,True,60,1.5389356455841607e-12,3.2134850336262843e-12
46,8.0,16.0,6,1,0.4,25,25,True,53,1.4756043609231995e-12,2.9011376634358044e-12
46,8.0,16.0,6,3,0.4,25,25,True,55,1.509514735431594e-12,3.004374526938136e-12
46,8.0,16.0,6,6,0.4,25,25,True,60,1.5845103007450234e-12,3.2678304506816858e-12
46,16.0,4.0,1,1,0.4,25,25,True,54,1.4543395937001826e-12,1.3513623068326687e-12
46,16.0,4.0,1,3,0.4,25,25,True,53,1.4780815460468943e-12,2.9507715715304528e-12
46,16.0,4.0,1,6,0.4,25,25,True,54,1.478039912683471e-12,2.9713453919555377e-12
46,16.0,4.0,3,1,0.4,25,25,True,54,1.4543396784034773e-12,1.351362237375967e-12
46,16.0,4.0,3,3,0.4,25,25,True,53,1.4794623859337719e-12,2.9374211396593353e-12
46,16.0,4.0,3,6,0.4,25,25,True,55,1.41797684705125e-12,2.811639809863209e-12
46,16.0,4.0,6,1,0.4,25,25,True,54,1.4543396529924889e-12,1.3513622136590445e-12
46,16.0,4.0,6,3,0.4,25,25,True,53,1.4364689993051627e-12,2.8677824004397223e-12
46,16.0,4.0,6,6,0.4,25,25,True,54,1.482147737874584e-12,2.940647725324652e-12
46,16.0,8.0,1,1,0.4,25,25,True,54,1.4869767743508344e-12,1.6764051084805498e-12
46,16.0,8.0,1,3,0.4,25,25,True,54,1.4599432773820809e-12,2.847611035861064e-12
46,16.0,8.0,1,6,0.4,25,25,True,54,1.4988010832439613e-12,3.0407898421458412e-12
46,16.0,8.0,3,1,0.4,25,25,True,54,1.4647371857079428e-12,1.6736499339198296e-12
46,16.0,8.0,3,3,0.4,25,25,True,54,1.5006329512345928e-12,2.9250490918286687e-12
46,16.0,8.0,3,6,0.4,25,25,True,55,1.4401257963925218e-12,2.9442004390034526e-12
46,16.0,8.0,6,1,0.4,25,25,True,54,1.4580832201349647e-12,1.6722426394999435e-12
46,16.0,8.0,6,3,0.4,25,25,True,54,1.482453049206356e-12,2.9529434453223757e-12
46,16.0,8.0,6,6,0.4,25,25,True,55,1.515731984369495e-12,3.020028671585351e-12
46,16.0,16.0,1,1,0.4,25,25,True,53,1.4590689767501885e-12,2.8928040518572118e-12
46,16.0,16.0,1,3,0.4,25,25,True,54,1.5094037131291316e-12,3.0357383273837968e-12
46,16.0,16.0,1,6,0.4,25,25,True,55,1.5161205624281138e-12,3.091527034371211e-12
46,16.0,16.0,3,1,0.4,25,25,True,53,1.4811901705158448e-12,2.993383318994347e-12
46,16.0,16.0,3,3,0.4,25,25,True,55,1.4978018825217987e-12,2.8449465006019636e-12
46,16.0,16.0,3,6,0.4,25,25,True,56,1.479982802976565e-12,3.020916850005051e-12
46,16.0,16.0,6,1,0.4,25,25,True,53,1.5102363803976004e-12,2.9735866546864997e-12
46,16.0,16.0,6,3,0.4,25,25,True,54,1.4899748101981913e-12,2.922329045418337e-12
46,16.0,16.0,6,6,0.4,25,25,True,57,1.5251688800788088e-12,2.9719005034678503e-12
47,4.0,4.0,1,1,0.4,25,25,True,54,1.4544563563449286e-12,1.3511137399320992e-12
47,4.0,4.0,1,3,0.4,25,25,True,54,1.498447199654862e-12,2.998101766849004e-12
47,4.0,4.0,1,6,0.4,25,25,True,57,1.4803713810351837e-12,3.0210278723075135e-12
47,4.0,4.0,3,1,0.4,25,25,True,54,1.454456431730861e-12,1.351113582383971e-12
47,4.0,4.0,3,3,0.4,25,25,True,54,1.3983258995153847e-12,2.790476183456292e-12
47,4.0,4.0,3,6,0.4,25,25,True,59,1.5621393067988265e-12,3.233247003464612e-12
47,4.0,4.0,6,1,0.4,25,25,True,54,1.45445647747064e-12,1.351113518009467e-12
47,4.0,4.0,6,3,0.4,25,25,True,54,1.4194270758771665e-12,2.745352556399183e-12
47,4.0,4.0,6,6,0.4,25,25,True,57,1.4927781233353699e-12,3.109013047009057e-12
47,4.0,8.0,1,1,0.4,25,25,True,54,1.4401253627116528e-12,1.6566856393673834e-12
47,4.0,8.0,1,3,0.4,25,25,True,55,1.4183376695342531e-12,2.802952314695517e-12
47,4.0,8.0,1,6,0.4,25,25,True,59,1.5633605521259142e-12,3.171019002934372e-12
47,4.0,8.0,3,1,0.4,25,25,True,54,1.4440410672778015e-12,1.65118960171462e-12
47,4.0,8.0,3,3,0.4,25,25,True,55,1.4989953722732707e-12,3.0669633499513793e-12
47,4.0,8.0,3,6,0.4,25,25,True,62,1.5959455978986625e-12,3.5795255648451985e-12
47,4.0,8.0,6,1,0.4,25,25,True,54,1.4435028693193797e-12,1.6475501518620206e-12
47,4.0,8.0,6,3,0.4,25,25,True,54,1.5065726444163374e-12,3.0018210139814983e-12
47,4.0,8.0,6,6,0.4,25,25,True,61,1.493138945818373e-12,3.142985871562587e-12
47,4.0,16.0,1,1,0.4,25,25,True,54,1.4313272789223674e-12,2.7540261737790672e-12
47,4.0,16.0,1,3,0.4,25,25,True,57,1.5328849300999536e-12,3.075872889723996e-12
47,4.0,16.0,1,6,0.4,25,25,True,62,1.5878409698188989e-12,3.472888643329952e-12
47,4.0,16.0,3,1,0.4,25,25,True,54,1.5230108840746936e-12,3.068871545774954e-12
47,4.0,16.0,3,3,0.4,25,25,True,58,1.5594192603884949e-12,3.318512131755824e-12
47,4.0,16.0,3,6,0.4,25,25,True,68,1.673328142715036e-12,4.0870085094013575e-12
47,4.0,16.0,6,1,0.4,25,25,True,54,1.5012019405347132e-12,2.9834190673483363e-12
47,4.0,16.0,6,3,0.4,25,25,True,57,1.5268342146157465e-12,3.190836483923931e-12
47,4.0,16.0,6,6,0.4,25,25,True,70,1.6513457268274578e-12,4.066857961504411e-12
47,8.0,4.0,1,1,0.4,25,25,True,54,1.4544564207194326e-12,1.3511136052538606e-12
47,8.0,4.0,1,3,0.4,25,25,True,54,1.4498749423275115e-12,2.8890848047247175e-12
47,8.0,4.0,1,6,0.4,25,25,True,55,1.5021317523178368e-12,3.045008689639417e-12
47,8.0,4.0,3,1,0.4,25,25,True,54,1.4544564520596517e-12,1.3511135434204555e-12
47,8.0,4.0,3,3,0.4,25,25,True,54,1.4735226927520273e-12,2.953290390017571e-12
47,8.0,4.0,3,6,0.4,25,25,True,56,1.5132894937153196e-12,3.1039060210957814e-12
47,8.0,4.0,6,1,0.4,25,25,True,54,1.4544564359660257e-12,1.3511134841281492e-12
47,8.0,4.0,6,3,0.4,25,25,True,53,1.4624898514448148e-12,2.9184016314687256e-12
47,8.0,4.0,6,6,0.4,25,25,True,55,1.5166756739404263e-12,2.9106994592353885e-12
47,8.0,8.0,1,1,0.4,25,25,True,54,1.441380435146522e-12,1.6517568562912643e-12
47,8.0,8.0,1,3,0.4,25,25,True,54,1.5003831510540522e-12,3.024802630591239e-12
47,8.0,8.0,1,6,0.4,25,25,True,56,1.500466417780899e-12,2.995992343102216e-12
47,8.0,8.0,3,1,0.4,25,25,True,54,1.4433692956117294e-12,1.6487514478691345e-12
47,8.0,8.0,3,3,0.4,25,25,True,54,1.4724055308334982e-12,2.958605582747964e-12
47,8.0,8.0,3,6,0.4,25,25,True,57,1.5137335829251697e-12,3.1465940963926187e-12
47,8.0,8.0,6,1,0.4,25,25,True,54,1.4430821988764553e-12,1.6468822833237695e-12
47,8.0,8.0,6,3,0.4,25,25,True,54,1.5010492848688273e-12,2.8628210912984287e-12
47,8.0,8.0,6,6,0.4,25,25,True,57,1.5234480343906398e-12,3.0124236438666685e-12
47,8.0,16.0,1,1,0.4,25,25,True,53,1.498232093943841e-12,3.0302288456240944e-12
47,8.0,16.0,1,3,0.4,25,25,True,55,1.5221157667610896e-12,3.0606073231354003e-12
47,8.0,16.0,1,6,0.4,25,25,True,57,1.5282775045477592e-12,3.172295759412691e-12
47,8.0,16.0,3,1,0.4,25,25,True,54,1.481099964895094e-12,2.9257152256434438e-12
47,8.0,16.0,3,3,0.4,25,25,True,56,1.4654388813539754e-12,2.964906098412712e-12
47,8.0,16.0,3,6,0.4,25,25,True,60,1.5836776334765545e-12,3.206546139722377e-12
47,8.0,16.0,6,1,0.4,25,25,True,53,1.4990092500610785e-12,2.984487657009538e-12
47,8.0,16.0,6,3,0.4,25,25,True,55,1.4807599590938025e-12,2.923383757291731e-12
47,8.0,16.0,6,6,0.4,25,25,True,60,1.566746732351021e-12,3.443134666269998e-12
47,16.0,4.0,1,1,0.4,25,25,True,54,1.4544564173313008e-12,1.3511135324090272e-12
47,16.0,4.0,1,3,0.4,25,25,True,53,1.4845277784836242e-12,2.956815348120756e-12
47,16.0,4.0,1,6,0.4,25,25,True,54,1.5106804696074505e-12,3.011646487749431e-12
47,16.0,4.0,3,1,0.4,25,25,True,54,1.45445646307108e-12,1.3511135222446318e-12
47,16.0,4.0,3,3,0.4,25,25,True,53,1.474591282413229e-12,2.9291846725953974e-12
47,16.0,4.0,3,6,0.4,25,25,True,55,1.4053480601461388e-12,2.722405634258962e-12
47,16.0,4.0,6,1,0.4,25,25,True,54,1.4544564418952563e-12,1.3511134993747422e-12
47,16.0,4.0,6,3,0.4,25,25,True,53,1.434276308831528e-12,2.86481255384885e-12
47,16.0,4.0,6,6,0.4,25,25,True,54,1.505628954845406e-12,2.952776911868682e-12
47,16.0,8.0,1,1,0.4,25,25,True,54,1.4420092724065636e-12,1.6490558918391685e-12
47,16.0,8.0,1,3,0.4,25,25,True,54,1.4526990721464017e-12,2.832345469272468e-12
47,16.0,8.0,1,6,0.4,25,25,True,54,1.4881429422075598e-12,3.0225266733907574e-12
47,16.0,8.0,3,1,0.4,25,25,True,54,1.4430102078522022e-12,1.6474824976464575e-12
47,16.0,8.0,3,3,0.4,25,25,True,54,1.4601098108357746e-12,2.872979631973749e-12
47,16.0,8.0,3,6,0.4,25,25,True,55,1.5191181645946017e-12,3.0198066269804258e-12
47,16.0,8.0,6,1,0.4,25,25,True,54,1.4428527816967573e-12,1.6465366396711811e-12
47,16.0,8.0,6,3,0.4,25,25,True,54,1.4768464229319989e-12,2.9294899839271693e-12
47,16.0,8.0,6,6,0.4,25,25,True,55,1.4889756094760287e-12,2.967515122520581e-12
47,16.0,16.0,1,1,0.4,25,25,True,53,1.505934266177178e-12,2.977319779606802e-12
47,16.0,16.0,1,3,0.4,25,25,True,54,1.4974133044631799e-12,3.0118130212031247e-12
47,16.0,16.0,1,6,0.4,25,25,True,55,1.5081269566508126e-12,3.0700997299959454e-12
47,16.0,16.0,3,1,0.4,25,25,True,53,1.4760345723452417e-12,2.914640750972808e-12
47,16.0,16.0,3,3,0.4,25,25,True,55,1.4754308885756018e-12,2.7997049123484885e-12
47,16.0,16.0,3,6,0.4,25,25,True,56,1.5318302182265597e-12,3.047617713747286e-12
47,16.0,16.0,6,1,0.4,25,25,True,53,1.4856518792960571e-12,2.93977342469276e-12
47,16.0,16.0,6,3,0.4,25,25,True,54,1.5044077095183184e-12,3.037070595013347e-12
47,16.0,16.0,6,6,0.4,25,25,True,57,1.533384530461035e-12,3.1555869028920824e-12
48,4.0,4.0,1,1,0.4,25,25,True,54,1.4545493182108898e-12,1.3509156985468335e-12
48,4.0,4.0,1,3,0.4,25,25,True,54,1.5003484565845326e-12,3.002424697751138e-12
48,4.0,4.0,1,6,0.4,25,25,True,57,1.5414336473895673e-12,3.0490054925280674e-12
48,4.0,4.0,3,1,0.4,25,25,True,54,1.4545493647977019e-12,1.3509156129965058e-12
48,4.0,4.0,3,3,0.4,25,25,True,54,1.3824566491571488e-12,2.7591123830106312e-12
48,4.0,4.0,3,6,0.4,25,25,True,58,1.5608070391692763e-12,3.29891669537119e-12
48,4.0,4.0,6,1,0.4,25,25,True,54,1.4545493715739655e-12,1.3509155884325504e-12
48,4.0,4.0,6,3,0.4,25,25,True,54,1.4974410600387955e-12,2.998039316803869e-12
48,4.0,4.0,6,6,0.4,25,25,True,57,1.4412915305683782e-12,3.0015989693765732e-12
48,4.0,8.0,1,1,0.4,25,25,True,54,1.4515728029296238e-12,1.6332621019521376e-12
48,4.0,8.0,1,3,0.4,25,25,True,55,1.387612247327752e-12,2.7402247138041957e-12
48,4.0,8.0,1,6,0.4,25,25,True,59,1.5726864255327655e-12,3.3444358393808216e-12
48,4.0,8.0,3,1,0.4,25,25,True,54,1.4547907149775607e-12,1.6287010802529256e-12
48,4.0,8.0,3,3,0.4,25,25,True,55,1.505712221572253e-12,3.0264679651281767e-12
48,4.0,8.0,3,6,0.4,25,25,True,62,1.5733525593475406e-12,3.506639423278557e-12
48,4.0,8.0,6,1,0.4,25,25,True,54,1.4543886928120031e-12,1.625749014577682e-12
48,4.0,8.0,6,3,0.4,25,25,True,54,1.5048517987281684e-12,2.973954416063407e-12
48,4.0,8.0,6,6,0.4,25,25,True,61,1.5881185255750552e-12,3.440803197918285e-12
48,4.0,16.0,1,1,0.4,25,25,True,54,1.438321683977506e-12,2.698702372683215e-12
48,4.0,16.0,1,3,0.4,25,25,True,57,1.507349800533575e-12,3.1417646262354992e-12
48,4.0,16.0,1,6,0.4,25,25,True,62,1.5705770017859777e-12,3.5041414214731503e-12
48,4.0,16.0,3,1,0.4,25,25,True,54,1.4512002710631577e-12,2.943437160674023e-12
48,4.0,16.0,3,3,0.4,25,25,True,58,1.5357159988127478e-12,3.2753244560979056e-12
48,4.0,16.0,3,6,0.4,25,25,True,68,1.6269208202857044e-12,3.9737657608895915e-12
48,4.0,16.0,6,1,0.4,25,25,True,54,1.5258419527874878e-12,3.0513161441980685e-12
48,4.0,16.0,6,3,0.4,25,25,True,57,1.5320522628314848e-12,3.1368796449271485e-12
48,4.0,16.0,6,6,0.4,25,25,True,69,1.6811552150386433e-12,4.122147068130744e-12
48,8.0,4.0,1,1,0.4,25,25,True,54,1.4545493097405603e-12,1.3509156375604613e-12
48,8.0,4.0,1,3,0.4,25,25,True,54,1.4979614770815886e-12,2.9491617481447463e-12
48,8.0,4.0,1,6,0.4,25,25,True,55,1.4878098753001723e-12,3.0138669337986812e-12
48,8.0,4.0,3,1,0.4,25,25,True,54,1.45454934701001e-12,1.3509156070672752e-12
48,8.0,4.0,3,3,0.4,25,25,True,54,1.465917665033345e-12,2.935658660607743e-12
48,8.0,4.0,3,6,0.4,25,25,True,56,1.5306367284750877e-12,3.1187274984745272e-12
48,8.0,4.0,6,1,0.4,25,25,True,54,1.4545493605625372e-12,1.3509155723389244e-12
48,8.0,4.0,6,3,0.4,25,25,True,53,1.4585763152830111e-12,2.912295404833287e-12
48,8.0,4.0,6,6,0.4,25,25,True,55,1.4905576772861195e-12,2.860628400824794e-12
48,8.0,8.0,1,1,0.4,25,25,True,54,1.4526344536969216e-12,1.6292219309765876e-12
48,8.0,8.0,1,3,0.4,25,25,True,54,1.4864220965193908e-12,2.9941049639603534e-12
48,8.0,8.0,1,6,0.4,25,25,True,56,1.5210055437364645e-12,2.9997115902347105e-12
48,8.0,8.0,3,1,0.4,25,25,True,54,1.4542785378712786e-12,1.626731301745954e-12
48,8.0,8.0,3,3,0.4,25,25,True,54,1.4502565814922264e-12,2.914418706367883e-12
48,8.0,8.0,3,6,0.4,25,25,True,57,1.5361600880225978e-12,3.1835645231126364e-12
48,8.0,8.0,6,1,0.4,25,25,True,54,1.4540517227767946e-12,1.6252155871088192e-12
48,8.0,8.0,6,3,0.4,25,25,True,54,1.4790391134056335e-12,2.8284319331106644e-12
48,8.0,8.0,6,6,0.4,25,25,True,57,1.5089041127680503e-12,3.1232794128754904e-12
48,8.0,16.0,1,1,0.4,25,25,True,53,1.5215467774609692e-12,3.0468128020544327e-12
48,8.0,16.0,1,3,0.4,25,25,True,55,1.4979684159754925e-12,3.0113689319932746e-12
48,8.0,16.0,1,6,0.4,25,25,True,57,1.5246692797177275e-12,3.1450397841581434e-12
48,8.0,16.0,3,1,0.4,25,25,True,54,1.4558701466604873e-12,2.9135235890542788e-12
48,8.0,16.0,3,3,0.4,25,25,True,56,1.4156453786995371e-12,2.867595050304317e-12
48,8.0,16.0,3,6,0.4,25,25,True,60,1.5807355424612979e-12,3.1483149420807877e-12
48,8.0,16.0,6,1,0.4,25,25,True,53,1.5370205108666823e-12,3.0572142040163897e-12
48,8.0,16.0,6,3,0.4,25,25,True,55,1.5221157667610896e-12,3.0300761899582085e-12
48,8.0,16.0,6,6,0.4,25,25,True,60,1.5606405057155825e-12,3.32317506845925e-12
48,16.0,4.0,1,1,0.4,25,25,True,54,1.4545493453159441e-12,1.3509156019850775e-12
48,16.0,4.0,1,3,0.4,25,25,True,53,1.4825779492966262e-12,2.95561491947538e-12
48,16.0,4.0,1,6,0.4,25,25,True,54,1.508404512406969e-12,3.044620111580798e-12
48,16.0,4.0,3,1,0.4,25,25,True,54,1.4545493266812193e-12,1.3509155799622209e-12
48,16.0,4.0,3,3,0.4,25,25,True,53,1.4699075290280916e-12,2.9214616836803486e-12
48,16.0,4.0,3,6,0.4,25,25,True,54,1.5155932064914168e-12,2.955469202703398e-12
48,16.0,4.0,6,1,0.4,25,25,True,54,1.4545493292223181e-12,1.3509155435398042e-12
48,16.0,4.0,6,3,0.4,25,25,True,53,1.4322779073872027e-12,2.8620786296507106e-12
48,16.0,4.0,6,6,0.4,25,25,True,54,1.472877375618964e-12,2.9087010577910632e-12
48,16.0,8.0,1,1,0.4,25,25,True,54,1.4531739526979504e-12,1.6270110259064552e-12
48,16.0,8.0,1,3,0.4,25,25,True,54,1.4461210007254977e-12,2.8183844147378068e-12
48,16.0,8.0,1,6,0.4,25,25,True,54,1.4792611580105586e-12,3.0040414600307486e-12
48,16.0,8.0,3,1,0.4,25,25,True,54,1.4539936095403494e-12,1.6257060801716516e-12
48,16.0,8.0,3,3,0.4,25,25,True,54,1.4486467581065199e-12,2.8508861937837082e-12
48,16.0,8.0,3,6,0.4,25,25,True,55,1.5020207300153743e-12,2.9982127891514665e-12
48,16.0,8.0,6,1,0.4,25,25,True,54,1.453880418833542e-12,1.624936296629187e-12
48,16.0,8.0,6,3,0.4,25,25,True,54,1.4708789741746386e-12,2.90745205688836e-12
48,16.0,8.0,6,6,0.4,25,25,True,55,1.5129009156567008e-12,2.967737167125506e-12
48,16.0,16.0,1,1,0.4,25,25,True,53,1.481467726272001e-12,2.9503274823206027e-12
48,16.0,16.0,1,3,0.4,25,25,True,54,1.4856449404021532e-12,2.988442826534765e-12
48,16.0,16.0,1,6,0.4,25,25,True,55,1.5173973189064327e-12,3.0677127504930013e-12
48,16.0,16.0,3,1,0.4,25,25,True,53,1.5063644775992202e-12,2.9950070201678614e-12
48,16.0,16.0,3,3,0.4,25,25,True,55,1.4522827385121673e-12,2.7562396809344136e-12
48,16.0,16.0,3,6,0.4,25,25,True,56,1.5329959524024162e-12,3.0205837830976634e-12
48,16.0,16.0,6,1,0.4,25,25,True,53,1.4640719192549057e-12,2.9171248749904066e-12
48,16.0,16.0,6,3,0.4,25,25,True,54,1.5124013152956195e-12,3.029576589597127e-12
48,16.0,16.0,6,6,0.4,25,25,True,57,1.532329818587641e-12,3.112177182629239e-12
49,4.0,4.0,1,1,0.4,25,25,True,54,1.4546231650843303e-12,1.3507582444393013e-12
49,4.0,4.0,1,3,0.4,25,25,True,54,1.4865747521852768e-12,2.9772573295616667e-12
49,4.0,4.0,1,6,0.4,25,25,True,57,1.530164883689622e-12,3.195721465232282e-12
49,4.0,4.0,3,1,0.4,25,25,True,54,1.4546231989656482e-12,1.3507581724415008e-12
49,4.0,4.0,3,3,0.4,25,25,True,54,1.3678225219138085e-12,2.7299273952507974e-12
49,4.0,4.0,3,6,0.4,25,25,True,58,1.5612511283791264e-12,3.2791547255328624e-12
49,4.0,4.0,6,1,0.4,25,25,True,54,1.4546231888012528e-12,1.3507581495716113e-12
49,4.0,4.0,6,3,0.4,25,25,True,54,1.4927087343963308e-12,2.979991253759806e-12
49,4.0,4.0,6,6,0.4,25,25,True,57,1.536964999715451e-12,3.0532798511728743e-12
49,4.0,8.0,1,1,0.4,25,25,True,54,1.4622101272843135e-12,1.6116643609953574e-12
49,4.0,8.0,1,3,0.4,25,25,True,55,1.5207002324046925e-12,3.0783153803781715e-12
49,4.0,8.0,1,6,0.4,25,25,True,59,1.5569767697343195e-12,3.3526514897630477e-12
49,4.0,8.0,3,1,0.4,25,25,True,54,1.4648525448190952e-12,1.6078917711159768e-12
49,4.0,8.0,3,3,0.4,25,25,True,55,1.5139001163788635e-12,2.9906355170084e-12
49,4.0,8.0,3,6,0.4,25,25,True,62,1.5415446696920299e-12,3.408939797111543e-12
49,4.0,8.0,6,1,0.4,25,25,True,54,1.4645541723812272e-12,1.6054917811869629e-12
49,4.0,8.0,6,3,0.4,25,25,True,54,1.4801493364302587e-12,2.9246882693456655e-12
49,4.0,8.0,6,6,0.4,25,25,True,61,1.4935275238769918e-12,3.2565616869817404e-12
49,4.0,16.0,1,1,0.4,25,25,True,54,1.3402473575396812e-12,2.644176544386312e-12
49,4.0,16.0,1,3,0.4,25,25,True,57,1.5361600880225978e-12,3.2022717810775703e-12
49,4.0,16.0,1,6,0.4,25,25,True,61,1.6012746684168633e-12,3.475830734345209e-12
49,4.0,16.0,3,1,0.4,25,25,True,54,1.4401604908620413e-12,2.8465355073059584e-12
49,4.0,16.0,3,3,0.4,25,25,True,58,1.5578094370027884e-12,3.3248404029961875e-12
49,4.0,16.0,3,6,0.4,25,25,True,68,1.630917623174355e-12,3.816003069090357e-12
49,4.0,16.0,6,1,0.4,25,25,True,54,1.4733422815105257e-12,2.9261662537471977e-12
49,4.0,16.0,6,3,0.4,25,25,True,57,1.5050183321818622e-12,3.091304989766286e-12
49,4.0,16.0,6,6,0.4,25,25,True,69,1.5746848269770908e-12,3.841205131749348e-12
49,8.0,4.0,1,1,0.4,25,25,True,54,1.454623183719055e-12,1.3507581826058962e-12
49,8.0,4.0,1,3,0.4,25,25,True,54,1.5010215292932116e-12,3.000703852062969e-12
49,8.0,4.0,1,6,0.4,25,25,True,55,1.5187295865359829e-12,3.029743123050821e-12
49,8.0,4.0,3,1,0.4,25,25,True,54,1.4546231888012528e-12,1.3507581605830396e-12
49,8.0,4.0,3,3,0.4,25,25,True,54,1.4588330543574557e-12,2.9203722773374352e-12
49,8.0,4.0,3,6,0.4,25,25,True,56,1.504657509698859e-12,3.0636604364531195e-12
49,8.0,4.0,6,1,0.4,25,25,True,54,1.4546231964245493e-12,1.3507581394072159e-12
49,8.0,4.0,6,3,0.4,25,25,True,53,1.4548362514688051e-12,2.9064320394844856e-12
49,8.0,4.0,6,6,0.4,25,25,True,55,1.4654111257783597e-12,2.8127222773122185e-12
49,8.0,8.0,1,1,0.4,25,25,True,54,1.4631091477257385e-12,1.6083566770075386e-12
49,8.0,8.0,1,3,0.4,25,25,True,54,1.499356194756274e-12,2.991662473306178e-12
49,8.0,8.0,1,6,0.4,25,25,True,56,1.5035195310986182e-12,2.963851386539318e-12
49,8.0,8.0,3,1,0.4,25,25,True,54,1.4644496552917996e-12,1.6062932234328642e-12
49,8.0,8.0,3,3,0.4,25,25,True,54,1.4296619443854297e-12,2.8724245204614363e-12
49,8.0,8.0,3,6,0.4,25,25,True,57,1.5245027462640337e-12,3.192945907670719e-12
49,8.0,8.0,6,1,0.4,25,25,True,54,1.464276182944202e-12,1.6050533298284098e-12
49,8.0,8.0,6,3,0.4,25,25,True,54,1.4576395646059837e-12,2.7963187321233818e-12
49,8.0,8.0,6,6,0.4,25,25,True,57,1.528221993396528e-12,3.0950797480500114e-12
49,8.0,16.0,1,1,0.4,25,25,True,53,1.4849441121178586e-12,2.991294711929271e-12
49,8.0,16.0,1,3,0.4,25,25,True,55,1.5177303858138202e-12,3.008260307524324e-12
49,8.0,16.0,1,6,0.4,25,25,True,57,1.5048517987281684e-12,3.0991320620898932e-12
49,8.0,16.0,3,1,0.4,25,25,True,54,1.497704738007144e-12,2.987193825632062e-12
49,8.0,16.0,3,3,0.4,25,25,True,56,1.5279444376403717e-12,2.9400926138123396e-12
49,8.0,16.0,3,6,0.4,25,25,True,60,1.5631385075209892e-12,3.0814795159983532e-12
49,8.0,16.0,6,1,0.4,25,25,True,53,1.462767407200971e-12,2.9725666372826254e-12
49,8.0,16.0,6,3,0.4,25,25,True,55,1.4747647547608267e-12,2.938260745821708e-12
49,8.0,16.0,6,6,0.4,25,25,True,60,1.5756840276992534e-12,3.4022784589637922e-12
49,16.0,4.0,1,1,0.4,25,25,True,54,1.4546231574610337e-12,1.3507581622771055e-12
49,16.0,4.0,1,3,0.4,25,25,True,53,1.4700671235878815e-12,2.9457269956623122e-12
49,16.0,4.0,1,6,0.4,25,25,True,54,1.501521129654293e-12,3.0309921239535242e-12
49,16.0,4.0,3,1,0.4,25,25,True,54,1.4546231879542198e-12,1.3507581419483147e-12
49,16.0,4.0,3,3,0.4,25,25,True,53,1.4656401092771887e-12,2.9142174784446695e-12
49,16.0,4.0,3,6,0.4,25,25,True,54,1.5020762411666055e-12,2.928601805507469e-12
49,16.0,4.0,6,1,0.4,25,25,True,54,1.4546231955775164e-12,1.350758153806776e-12
49,16.0,4.0,6,3,0.4,25,25,True,53,1.4304113449270517e-12,2.859518177800169e-12
49,16.0,4.0,6,6,0.4,25,25,True,54,1.5085988014362783e-12,2.980754532089236e-12
49,16.0,8.0,1,1,0.4,25,25,True,54,1.4635471654034227e-12,1.6065421562516669e-12
49,16.0,8.0,1,3,0.4,25,25,True,54,1.4399037517875968e-12,2.8048119382617642e-12
49,16.0,8.0,1,6,0.4,25,25,True,54,1.4707679518721761e-12,2.986499936241671e-12
49,16.0,8.0,3,1,0.4,25,25,True,54,1.4642267433251366e-12,1.6054635919304783e-12
49,16.0,8.0,3,3,0.4,25,25,True,54,1.4372947276797277e-12,2.8301250232232178e-12
49,16.0,8.0,3,6,0.4,25,25,True,55,1.4843681839238343e-12,2.9451996397256153e-12
49,16.0,8.0,6,1,0.4,25,25,True,54,1.4641434765982897e-12,1.6048386577982576e-12
49,16.0,8.0,6,3,0.4,25,25,True,54,1.465466636929591e-12,2.8865243528741757e-12
49,16.0,8.0,6,6,0.4,25,25,True,55,1.5163426070330388e-12,2.949862576429041e-12
49,16.0,16.0,1,1,0.4,25,25,True,53,1.5306020340055682e-12,3.065853126926754e-12
49,16.0,16.0,1,3,0.4,25,25,True,54,1.5062950886601811e-12,2.9992675010248604e-12
49,16.0,16.0,1,6,0.4,25,25,True,55,1.5080714454995814e-12,3.0480062918059048e-12
49,16.0,16.0,3,1,0.4,25,25,True,53,1.5199091984996471e-12,3.046951579932511e-12
49,16.0,16.0,3,3,0.4,25,25,True,55,1.4320766794639894e-12,2.715438984779439e-12
49,16.0,16.0,3,6,0.4,25,25,True,56,1.5087375793143565e-12,2.970512724687069e-12
49,16.0,16.0,6,1,0.4,25,25,True,53,1.4585763152830111e-12,2.9519858779636365e-12
49,16.0,16.0,6,3,0.4,25,25,True,54,1.4891976540809537e-12,2.984501534797346e-12
49,16.0,16.0,6,6,0.4,25,25,True,57,1.5381584894669231e-12,3.185673946859424e-12
50,4.0,4.0,1,1,0.4,25,25,True,54,1.4546818034812028e-12,1.3506330559343125e-12
50,4.0,4.0,1,3,0.4,25,25,True,54,1.4739043319167422e-12,2.9542271406945986e-12
50,4.0,4.0,1,6,0.4,25,25,True,57,1.5233370120881773e-12,3.1513125442472756e-12
50,4.0,4.0,3,1,0.4,25,25,True,54,1.4546818267746088e-12,1.3506330292527746e-12
50,4.0,4.0,3,3,0.4,25,25,True,54,1.3539794285755136e-12,2.7027130533596733e-12
50,4.0,4.0,3,6,0.4,25,25,True,58,1.5602519276569637e-12,3.211875210240578e-12
50,4.0,4.0,6,1,0.4,25,25,True,54,1.4546818513385643e-12,1.3506330199354122e-12
50,4.0,4.0,6,3,0.4,25,25,True,53,1.496504309361768e-12,2.989802849739931e-12
50,4.0,4.0,6,6,0.4,25,25,True,57,1.490668699588582e-12,2.95666269245487e-12
50,4.0,8.0,1,1,0.4,25,25,True,54,1.4720616219043858e-12,1.5917820447158837e-12
50,4.0,8.0,1,3,0.4,25,25,True,55,1.4903356326811945e-12,3.0166702469358597e-12
50,4.0,8.0,1,6,0.4,25,25,True,59,1.5429324484728113e-12,3.2980840281027213e-12
50,4.0,8.0,3,1,0.4,25,25,True,54,1.4742369651432607e-12,1.5886766728534507e-12
50,4.0,8.0,3,3,0.4,25,25,True,55,1.5213663662194676e-12,3.113065361048939e-12
50,4.0,8.0,3,6,0.4,25,25,True,62,1.6013301795680945e-12,3.5437763834522684e-12
50,4.0,8.0,6,1,0.4,25,25,True,54,1.4739982238248794e-12,1.5867309636347082e-12
50,4.0,8.0,6,3,0.4,25,25,True,54,1.505184865635556e-12,3.0300206788069772e-12
50,4.0,8.0,6,6,0.4,25,25,True,61,1.5834000777203983e-12,3.3926195186495534e-12
50,4.0,16.0,1,1,0.4,25,25,True,54,1.4351991817207477e-12,2.5900392941480277e-12
50,4.0,16.0,1,3,0.4,25,25,True,57,1.5272227926743653e-12,3.1400437805473302e-12
50,4.0,16.0,1,6,0.4,25,25,True,61,1.597555421284369e-12,3.4109937097070997e-12
50,4.0,16.0,3,1,0.4,25,25,True,54,1.4883302923429653e-12,2.9442837057302995e-12
50,4.0,16.0,3,3,0.4,25,25,True,58,1.535771509963979e-12,3.2834290841776692e-12
50,4.0,16.0,3,6,0.4,25,25,True,68,1.6723289419928733e-12,4.023170685485411e-12
50,4.0,16.0,6,1,0.4,25,25,True,54,1.4454548669107226e-12,2.8935742690805455e-12
50,4.0,16.0,6,3,0.4,25,25,True,57,1.5381029783156919e-12,3.16607851047479e-12
50,4.0,16.0,6,6,0.4,25,25,True,69,1.6695533844313104e-12,3.896549749526912e-12
50,8.0,4.0,1,1,0.4,25,25,True,54,1.45468182423351e-12,1.3506330533932136e-12
50,8.0,4.0,1,3,0.4,25,25,True,54,1.4932083347574121e-12,2.9864027917270164e-12
50,8.0,4.0,1,6,0.4,25,25,True,55,1.504130153762162e-12,2.9998781236884042e-12
50,8.0,4.0,3,1,0.4,25,25,True,54,1.45468182423351e-12,1.3506330076534345e-12
50,8.0,4.0,3,3,0.4,25,25,True,54,1.4522896774060712e-12,2.9076255292359576e-12
50,8.0,4.0,3,6,0.4,25,25,True,56,1.4795109581910992e-12,3.010730553754115e-12
50,8.0,4.0,6,1,0.4,25,25,True,54,1.4546818504915314e-12,1.3506330055358521e-12
50,8.0,4.0,6,3,0.4,25,25,True,53,1.451325171153428e-12,2.9009711299821106e-12
50,8.0,4.0,6,6,0.4,25,25,True,55,1.4400980408169062e-12,2.7673141556050496e-12
50,8.0,8.0,1,1,0.4,25,25,True,54,1.4728095045629663e-12,1.5890834655085673e-12
50,8.0,8.0,1,3,0.4,25,25,True,54,1.485506162524075e-12,2.962435852182921e-12
50,8.0,8.0,1,6,0.4,25,25,True,56,1.5305534617482408e-12,2.975730772902807e-12
50,8.0,8.0,3,1,0.4,25,25,True,54,1.47391387289586e-12,1.58738343650211e-12
50,8.0,8.0,3,3,0.4,25,25,True,54,1.5037138201279276e-12,2.949029909160572e-12
50,8.0,8.0,3,6,0.4,25,25,True,57,1.5438206268925114e-12,3.2288061113661115e-12
50,8.0,8.0,6,1,0.4,25,25,True,54,1.4737900570077622e-12,1.5863820673756024e-12
50,8.0,8.0,6,3,0.4,25,25,True,54,1.4372947276797277e-12,2.7662594437316557e-12
50,8.0,8.0,6,6,0.4,25,25,True,57,1.5126788710517758e-12,3.1585845050585704e-12
50,8.0,16.0,1,1,0.4,25,25,True,53,1.4795387137667149e-12,2.9344304763867513e-12
50,8.0,16.0,1,3,0.4,25,25,True,55,1.5106249584562192e-12,2.9782287747082137e-12
50,8.0,16.0,1,6,0.4,25,25,True,57,1.4812595594548839e-12,3.053668429231493e-12
50,8.0,16.0,3,1,0.4,25,25,True,54,1.5000570230405685e-12,2.972157242542295e-12
50,8.0,16.0,3,3,0.4,25,25,True,56,1.5221157667610896e-12,3.109235091613982e-12
50,8.0,16.0,3,6,0.4,25,25,True,59,1.5625278848574453e-12,3.401612325149017e-12
50,8.0,16.0,6,1,0.4,25,25,True,53,1.5117282425869405e-12,2.992550651725878e-12
50,8.0,16.0,6,3,0.4,25,25,True,55,1.5193402091995267e-12,2.943423282886215e-12
50,8.0,16.0,6,6,0.4,25,25,True,60,1.5721868251716842e-12,3.395339565059885e-12
50,16.0,4.0,1,1,0.4,25,25,True,54,1.4546818187277958e-12,1.3506330220529946e-12
50,16.0,4.0,1,3,0.4,25,25,True,53,1.4526851943585939e-12,2.925160114131131e-12
50,16.0,4.0,1,6,0.4,25,25,True,54,1.494193657691767e-12,3.018141292443488e-12
50,16.0,4.0,3,1,0.4,25,25,True,54,1.4546818263510924e-12,1.3506330055358521e-12
50,16.0,4.0,3,3,0.4,25,25,True,53,1.4617057564336733e-12,2.907223073389531e-12
50,16.0,4.0,3,6,0.4,25,25,True,54,1.4885592758417943e-12,3.0077884627388585e-12
50,16.0,4.0,6,1,0.4,25,25,True,54,1.4546818517620808e-12,1.350632999183105e-12
50,16.0,4.0,6,3,0.4,25,25,True,53,1.4287251937084022e-12,2.856964664843531e-12
50,16.0,4.0,6,6,0.4,25,25,True,54,1.4986900609414988e-12,2.9407865032027303e-12
50,16.0,8.0,1,1,0.4,25,25,True,54,1.4731839879933428e-12,1.5876017948196486e-12
50,16.0,8.0,1,3,0.4,25,25,True,54,1.4344914145425491e-12,2.7915447731174936e-12
50,16.0,8.0,1,6,0.4,25,25,True,54,1.4639955914219627e-12,2.9697910797210625e-12
50,16.0,8.0,3,1,0.4,25,25,True,54,1.4737443036760833e-12,1.5867123153573415e-12
50,16.0,8.0,3,3,0.4,25,25,True,54,1.427996609848492e-12,2.810585097989815e-12
50,16.0,8.0,3,6,0.4,25,25,True,55,1.4666046155298318e-12,2.9098945475425353e-12
50,16.0,8.0,6,1,0.4,25,25,True,54,1.4736707947687888e-12,1.5862049087406183e-12
50,16.0,8.0,6,3,0.4,25,25,True,54,1.4602763442894684e-12,2.8665125828553073e-12
50,16.0,8.0,6,6,0.4,25,25,True,55,1.5068502001724937e-12,2.91805468677353e-12
50,16.0,16.0,1,1,0.4,25,25,True,53,1.4476406184904533e-12,2.933986387176901e-12
50,16.0,16.0,1,3,0.4,25,25,True,54,1.4956924587750109e-12,2.977673663195901e-12
50,16.0,16.0,1,6,0.4,25,25,True,55,1.5221712779123209e-12,3.050226737855155e-12
50,16.0,16.0,3,1,0.4,25,25,True,53,1.4642453916025033e-12,2.953443045683457e-12
50,16.0,16.0,3,3,0.4,25,25,True,54,1.5104584250025255e-12,2.9719005034678503e-12
50,16.0,16.0,3,6,0.4,25,25,True,56,1.4880874310563286e-12,2.9228841569306496e-12
50,16.0,16.0,6,1,0.4,25,25,True,53,1.502867275071651e-12,2.9596880501969736e-12
50,16.0,16.0,6,3,0.4,25,25,True,54,1.467936883159382e-12,2.9426461267689774e-12
50,16.0,16.0,6,6,0.4,25,25,True,56,1.5160095401256513e-12,3.149702720861569e-12
51,4.0,4.0,1,1,0.4,25,25,True,54,1.454728402151763e-12,1.3505336307834473e-12
51,4.0,4.0,1,3,0.4,25,25,True,54,1.4619069843568866e-12,2.9332924977865105e-12
51,4.0,4.0,1,6,0.4,25,25,True,57,1.542210803506805e-12,3.189115638235762e-12
51,4.0,4.0,3,1,0.4,25,25,True,54,1.454728411892642e-12,1.3505336096076236e-12
51,4.0,4.0,3,3,0.4,25,25,True,54,1.3412188026862282e-12,2.677441601761643e-12
51,4.0,4.0,3,6,0.4,25,25,True,58,1.520672476829077e-12,3.2342462041867748e-12
51,4.0,4.0,6,1,0.4,25,25,True,54,1.4547284097750596e-12,1.3505336007137777e-12
51,4.0,4.0,6,3,0.4,25,25,True,53,1.4900511380311343e-12,2.9790753197644904e-12
51,4.0,4.0,6,6,0.4,25,25,True,57,1.4464263120572696e-12,2.866151760372304e-12
51,4.0,8.0,1,1,0.4,25,25,True,54,1.4811643665041396e-12,1.5735351389933872e-12
51,4.0,8.0,1,3,0.4,25,25,True,55,1.4613310561628623e-12,2.9582170046893452e-12
51,4.0,8.0,1,6,0.4,25,25,True,59,1.5554779686510756e-12,3.297417894287946e-12
51,4.0,8.0,3,1,0.4,25,25,True,54,1.4829300981622495e-12,1.5709814091963148e-12
51,4.0,8.0,3,3,0.4,25,25,True,55,1.5204504322241519e-12,3.070488308054564e-12
51,4.0,8.0,3,6,0.4,25,25,True,62,1.583788655779017e-12,3.495426170729843e-12
51,4.0,8.0,6,1,0.4,25,25,True,54,1.4827566258146518e-12,1.569400642428831e-12
51,4.0,8.0,6,3,0.4,25,25,True,54,1.4968720707386751e-12,3.002514903371889e-12
51,4.0,8.0,6,6,0.4,25,25,True,60,1.557920459305251e-12,3.3842928459648647e-12
51,4.0,16.0,1,1,0.4,25,25,True,54,1.4157008898507684e-12,2.554491340678311e-12
51,4.0,16.0,1,3,0.4,25,25,True,57,1.5427659150191175e-12,3.2059355170588333e-12
51,4.0,16.0,1,6,0.4,25,25,True,61,1.593669640698181e-12,3.348210597664547e-12
51,4.0,16.0,3,1,0.4,25,25,True,54,1.4898637878957288e-12,2.986735858634404e-12
51,4.0,16.0,3,3,0.4,25,25,True,58,1.4547807403175739e-12,3.1031288649785438e-12
51,4.0,16.0,3,6,0.4,25,25,True,68,1.639743896220125e-12,3.823386052204114e-12
51,4.0,16.0,6,1,0.4,25,25,True,53,1.5089665628131854e-12,3.0229777014945114e-12
51,4.0,16.0,6,3,0.4,25,25,True,57,1.532551863192566e-12,3.191807929070478e-12
51,4.0,16.0,6,6,0.4,25,25,True,68,1.6119328094532648e-12,3.812672400016481e-12
51,8.0,4.0,1,1,0.4,25,25,True,54,1.454728403845829e-12,1.3505336223131178e-12
51,8.0,4.0,1,3,0.4,25,25,True,54,1.484319611666507e-12,2.971699275544637e-12
51,8.0,4.0,1,6,0.4,25,25,True,55,1.510347402700063e-12,2.991218384096328e-12
51,8.0,4.0,3,1,0.4,25,25,True,54,1.454728411045609e-12,1.3505336083370742e-12
51,8.0,4.0,3,3,0.4,25,25,True,54,1.45013862029586e-12,2.897640460908235e-12
51,8.0,4.0,3,6,0.4,25,25,True,56,1.4548084958931895e-12,2.9605207174654424e-12
51,8.0,4.0,6,1,0.4,25,25,True,54,1.4547284123161584e-12,1.3505335825025693e-12
51,8.0,4.0,6,3,0.4,25,25,True,53,1.4480500132307839e-12,2.895940431901778e-12
51,8.0,4.0,6,6,0.4,25,25,True,55,1.5044077095183184e-12,2.9782565302838293e-12
51,8.0,8.0,1,1,0.4,25,25,True,54,1.4817780249337664e-12,1.5713329075406346e-12
51,8.0,8.0,1,3,0.4,25,25,True,54,1.4717671525943388e-12,2.934985587899064e-12
51,8.0,8.0,1,6,0.4,25,25,True,56,1.529498749874847e-12,2.95996560595313e-12
51,8.0,8.0,3,1,0.4,25,25,True,54,1.4826844179499643e-12,1.5699355877807353e-12
51,8.0,8.0,3,3,0.4,25,25,True,54,1.4848955398605312e-12,2.9100333254206134e-12
51,8.0,8.0,3,6,0.4,25,25,True,57,1.5508705430988812e-12,3.2510105718586146e-12
51,8.0,8.0,6,1,0.4,25,25,True,54,1.4825885744779166e-12,1.569125905598323e-12
51,8.0,8.0,6,3,0.4,25,25,True,54,1.4198781039809205e-12,2.738406723601372e-12
51,8.0,8.0,6,6,0.4,25,25,True,57,1.4685475058229258e-12,3.065270259838826e-12
51,8.0,16.0,1,1,0.4,25,25,True,53,1.4746467935644603e-12,2.8762131565329696e-12
51,8.0,16.0,1,3,0.4,25,25,True,55,1.4904744105592727e-12,2.934763543294139e-12
51,8.0,16.0,1,6,0.4,25,25,True,57,1.5453749391269866e-12,3.2210900613449667e-12
51,8.0,16.0,3,1,0.4,25,25,True,54,1.4678952497959585e-12,2.9198796158702578e-12
51,8.0,16.0,3,3,0.4,25,25,True,56,1.4832024497479779e-12,3.0259683647670954e-12
51,8.0,16.0,3,6,0.4,25,25,True,59,1.535549465359054e-12,3.3157920853454925e-12
51,8.0,16.0,6,1,0.4,25,25,True,53,1.488281720085638e-12,2.958910894079736e-12
51,8.0,16.0,6,3,0.4,25,25,True,55,1.4894474542614944e-12,2.8757551895353117e-12
51,8.0,16.0,6,6,0.4,25,25,True,60,1.518341008477364e-12,3.2470692801211953e-12
51,16.0,4.0,1,1,0.4,25,25,True,54,1.4547284123161584e-12,1.3505335952080635e-12
51,16.0,4.0,1,3,0.4,25,25,True,53,1.4501039258263404e-12,2.89503837569427e-12
51,16.0,4.0,1,6,0.4,25,25,True,54,1.4886702981442568e-12,3.005734550143302e-12
51,16.0,4.0,3,1,0.4,25,25,True,54,1.454728403845829e-12,1.3505335841966352e-12
51,16.0,4.0,3,3,0.4,25,25,True,53,1.4580212037706985e-12,2.900638063074723e-12
51,16.0,4.0,3,6,0.4,25,25,True,54,1.4749035326389048e-12,2.9773405962885136e-12
51,16.0,4.0,6,1,0.4,25,25,True,54,1.4547284025752795e-12,1.3505335841966352e-12
51,16.0,4.0,6,3,0.4,25,25,True,53,1.427101492534888e-12,2.8546817687491455e-12
51,16.0,4.0,6,6,0.4,25,25,True,54,1.5079326676215032e-12,3.0380697957355096e-12
51,16.0,8.0,1,1,0.4,25,25,True,54,1.4820985150959531e-12,1.5701305273313482e-12
51,16.0,8.0,1,3,0.4,25,25,True,54,1.4284129434827264e-12,2.778943741787998e-12
51,16.0,8.0,1,6,0.4,25,25,True,54,1.4560019856446615e-12,2.9539148904689227e-12
51,16.0,8.0,3,1,0.4,25,25,True,54,1.4825549642105695e-12,1.569394137215796e-12
51,16.0,8.0,3,3,0.4,25,25,True,54,1.41797684705125e-12,2.7919333511761124e-12
51,16.0,8.0,3,6,0.4,25,25,True,55,1.4511725154875421e-12,2.8760882564426993e-12
51,16.0,8.0,6,1,0.4,25,25,True,54,1.4825044403893317e-12,1.5689860435180725e-12
51,16.0,8.0,6,3,0.4,25,25,True,54,1.4556550409494662e-12,2.847971858344067e-12
51,16.0,8.0,6,6,0.4,25,25,True,55,1.482813871689359e-12,2.8750335445693054e-12
51,16.0,16.0,1,1,0.4,25,25,True,53,1.5036791256584081e-12,2.9694025016624437e-12
51,16.0,16.0,1,3,0.4,25,25,True,54,1.5030754418887682e-12,3.0199731604341196e-12
51,16.0,16.0,1,6,0.4,25,25,True,55,1.5120127372370007e-12,3.0290214780848146e-12
51,16.0,16.0,3,1,0.4,25,25,True,53,1.5067946890212625e-12,2.996089487616871e-12
51,16.0,16.0,3,3,0.4,25,25,True,54,1.4886980537198724e-12,2.930489184649332e-12
51,16.0,16.0,3,6,0.4,25,25,True,56,1.5395462682477046e-12,3.1273872380666035e-12
51,16.0,16.0,6,1,0.4,25,25,True,53,1.4778595014419693e-12,2.943874310989969e-12
51,16.0,16.0,6,3,0.4,25,25,True,54,1.447814090838051e-12,2.9029278980630124e-12
51,16.0,16.0,6,6,0.4,25,25,True,56,1.4744316878534391e-12,3.0668800832245324e-12
52,4.0,4.0,1,1,0.4,25,25,True,54,1.45476535481112e-12,1.3504546720661701e-12
52,4.0,4.0,1,3,0.4,25,25,True,54,1.453351328173369e-12,2.9141966617629578e-12
52,4.0,4.0,1,6,0.4,25,25,True,57,1.5091816685242065e-12,3.1213365225823964e-12
52,4.0,4.0,3,1,0.4,25,25,True,54,1.454765362857933e-12,1.350454665713423e-12
52,4.0,4.0,3,3,0.4,25,25,True,54,1.3292457412550363e-12,2.6537591568676078e-12
52,4.0,4.0,3,6,0.4,25,25,True,58,1.5515644324892719e-12,3.299527318034734e-12
52,4.0,4.0,6,1,0.4,25,25,True,54,1.4547653662460647e-12,1.3504546479257311e-12
52,4.0,4.0,6,3,0.4,25,25,True,53,1.4841912421292847e-12,2.9689722902404014e-12
52,4.0,4.0,6,6,0.4,25,25,True,56,1.527916682064756e-12,3.0495050928891487e-12
52,4.0,8.0,1,1,0.4,25,25,True,54,1.4895367925205072e-12,1.5568169583340952e-12
52,4.0,8.0,1,3,0.4,25,25,True,55,1.5170364964234295e-12,3.0911107007369765e-12
52,4.0,8.0,1,6,0.4,25,25,True,59,1.5672463327121022e-12,3.3217872896784684e-12
52,4.0,8.0,3,1,0.4,25,25,True,54,1.490977480367306e-12,1.5547218460559842e-12
52,4.0,8.0,3,3,0.4,25,25,True,55,1.4778178680785459e-12,2.985819924639088e-12
52,4.0,8.0,3,6,0.4,25,25,True,62,1.6055490270616701e-12,3.4253155867247642e-12
52,4.0,8.0,6,1,0.4,25,25,True,54,1.4908460750640007e-12,1.5534494263863552e-12
52,4.0,8.0,6,3,0.4,25,25,True,54,1.5000778397222803e-12,3.023609140839767e-12
52,4.0,8.0,6,6,0.4,25,25,True,60,1.5817347431834605e-12,3.3534286458802853e-12
52,4.0,16.0,1,1,0.4,25,25,True,54,1.4871021081219737e-12,2.8249069750074796e-12
52,4.0,16.0,1,3,0.4,25,25,True,57,1.4969137041020986e-12,3.1077918016819694e-12
52,4.0,16.0,1,6,0.4,25,25,True,61,1.5996093338799255e-12,3.2979174946490275e-12
52,4.0,16.0,3,1,0.4,25,25,True,54,1.5146287002387737e-12,2.9784785748887543e-12
52,4.0,16.0,3,3,0.4,25,25,True,58,1.5443202272535927e-12,3.2912006453500453e-12
52,4.0,16.0,3,6,0.4,25,25,True,67,1.633082558072374e-12,3.890110455984086e-12
52,4.0,16.0,6,1,0.4,25,25,True,53,1.4919662727486127e-12,2.9928351463759384e-12
52,4.0,16.0,6,3,0.4,25,25,True,56,1.4998280395417396e-12,3.11553560727873e-12
52,4.0,16.0,6,6,0.4,25,25,True,68,1.6219803278261224e-12,3.91719989778494e-12
52,8.0,4.0,1,1,0.4,25,25,True,54,1.4547653637049659e-12,1.35045465766661e-12
52,8.0,4.0,1,3,0.4,25,25,True,54,1.4744733212168626e-12,2.9564684034255606e-12
52,8.0,4.0,1,6,0.4,25,25,True,55,1.4983569940341113e-12,2.9644620092028617e-12
52,8.0,4.0,3,1,0.4,25,25,True,54,1.4547653814926578e-12,1.350454658513643e-12
52,8.0,4.0,3,3,0.4,25,25,True,54,1.4514153767741789e-12,2.8909444282909647e-12
52,8.0,4.0,3,6,0.4,25,25,True,56,1.5127898933542383e-12,2.994965386804438e-12
52,8.0,4.0,6,1,0.4,25,25,True,54,1.4547653734458448e-12,1.3504546475022147e-12
52,8.0,4.0,6,3,0.4,25,25,True,53,1.4450593499581998e-12,2.890999939442196e-12
52,8.0,4.0,6,6,0.4,25,25,True,55,1.4857004515533845e-12,2.934735787718523e-12
52,8.0,8.0,1,1,0.4,25,25,True,54,1.490035742360285e-12,1.5550273742281906e-12
52,8.0,8.0,1,3,0.4,25,25,True,54,1.459554699323462e-12,2.9085900354886007e-12
52,8.0,8.0,1,6,0.4,25,25,True,56,1.5140666498325572e-12,2.9278246493902316e-12
52,8.0,8.0,3,1,0.4,25,25,True,54,1.490786010263645e-12,1.5538796378083974e-12
52,8.0,8.0,3,3,0.4,25,25,True,54,1.508099201075197e-12,3.0079411184047444e-12
52,8.0,8.0,3,6,0.4,25,25,True,57,1.5469292513614619e-12,3.2260305538045486e-12
52,8.0,8.0,6,1,0.4,25,25,True,54,1.4907068635050535e-12,1.5532273817814302e-12
52,8.0,8.0,6,3,0.4,25,25,True,54,1.408997918339594e-12,2.718589242611813e-12
52,8.0,8.0,6,6,0.4,25,25,True,57,1.4291345884487328e-12,2.9790059308254513e-12
52,8.0,16.0,1,1,0.4,25,25,True,53,1.4802534198388173e-12,2.9744470775305842e-12
52,8.0,16.0,1,3,0.4,25,25,True,55,1.4693246619401634e-12,2.893685291383008e-12
52,8.0,16.0,1,6,0.4,25,25,True,57,1.522837411727096e-12,3.1762925623013416e-12
52,8.0,16.0,3,1,0.4,25,25,True,53,1.511089864347781e-12,3.0405400419653006e-12
52,8.0,16.0,3,3,0.4,25,25,True,56,1.5004386622052834e-12,3.0976887721578805e-12
52,8.0,16.0,3,6,0.4,25,25,True,59,1.4866996522755471e-12,3.205047338639133e-12
52,8.0,16.0,6,1,0.4,25,25,True,53,1.4657233760040356e-12,2.934673337673388e-12
52,8.0,16.0,6,3,0.4,25,25,True,55,1.5138446052276322e-12,2.86662360515777e-12
52,8.0,16.0,6,6,0.4,25,25,True,60,1.5555334798023068e-12,3.204603249429283e-12
52,16.0,4.0,1,1,0.4,25,25,True,54,1.4547653755634272e-12,1.3504546563960606e-12
52,16.0,4.0,1,3,0.4,25,25,True,53,1.4474983711654232e-12,2.8893970549503933e-12
52,16.0,4.0,1,6,0.4,25,25,True,54,1.482675093811281e-12,2.993327807843116e-12
52,16.0,4.0,3,1,0.4,25,25,True,54,1.4547653632814494e-12,1.3504546538549618e-12
52,16.0,4.0,3,3,0.4,25,25,True,53,1.4543713455772433e-12,2.894282036258744e-12
52,16.0,4.0,3,6,0.4,25,25,True,54,1.4615531007677873e-12,2.854716463218665e-12
52,16.0,4.0,6,1,0.4,25,25,True,54,1.4547653670930977e-12,1.3504546521608959e-12
52,16.0,4.0,6,3,0.4,25,25,True,53,1.4256408553681155e-12,2.852395403207808e-12
52,16.0,4.0,6,6,0.4,25,25,True,54,1.4966916594971735e-12,3.015449001608772e-12
52,16.0,8.0,1,1,0.4,25,25,True,54,1.4903046244990614e-12,1.5540481228260017e-12
52,16.0,8.0,1,3,0.4,25,25,True,54,1.4226259059668678e-12,2.7670227220610855e-12
52,16.0,8.0,1,6,0.4,25,25,True,54,1.4502288259166107e-12,2.9385383015778643e-12
52,16.0,8.0,3,1,0.4,25,25,True,54,1.4906754216420515e-12,1.5534427043328858e-12
52,16.0,8.0,3,3,0.4,25,25,True,54,1.4091228184298643e-12,2.7741420272064943e-12
52,16.0,8.0,3,6,0.4,25,25,True,55,1.5162870958818075e-12,3.0286329000261958e-12
52,16.0,8.0,6,1,0.4,25,25,True,54,1.4906485334281738e-12,1.5531144079150572e-12
52,16.0,8.0,6,3,0.4,25,25,True,54,1.5020068522275665e-12,2.8811397712047437e-12
52,16.0,8.0,6,6,0.4,25,25,True,55,1.4612200338603998e-12,2.8338997815069433e-12
52,16.0,16.0,1,1,0.4,25,25,True,53,1.4982112772621292e-12,3.01860619833505e-12
52,16.0,16.0,1,3,0.4,25,25,True,54,1.4926393454572917e-12,2.9985181004832384e-12
52,16.0,16.0,1,6,0.4,25,25,True,55,1.500688462385824e-12,3.0098146197587994e-12
52,16.0,16.0,3,1,0.4,25,25,True,53,1.4879208976026348e-12,2.962192990896284e-12
52,16.0,16.0,3,3,0.4,25,25,True,54,1.4690748617596228e-12,2.8905211557628263e-12
52,16.0,16.0,3,6,0.4,25,25,True,56,1.5265566588595902e-12,3.0923041904884485e-12
52,16.0,16.0,6,1,0.4,25,25,True,53,1.4563628081276647e-12,2.9050858940671276e-12
52,16.0,16.0,6,3,0.4,25,25,True,54,1.4302170558977423e-12,2.8659852269186104e-12
52,16.0,16.0,6,6,0.4,25,25,True,56,1.4381273949481965e-12,2.988886915744615e-12
53,4.0,4.0,1,1,0.4,25,25,True,54,1.4547946822681274e-12,1.3503920140744464e-12
53,4.0,4.0,1,3,0.4,25,25,True,54,1.4484732857589222e-12,2.897283107872184e-12
53,4.0,4.0,1,6,0.4,25,25,True,57,1.4787615576494773e-12,3.057110120607831e-12
53,4.0,4.0,3,1,0.4,25,25,True,54,1.4547947019616435e-12,1.3503920045453258e-12
53,4.0,4.0,3,3,0.4,25,25,True,54,1.3181053470923132e-12,2.631613676973288e-12
53,4.0,4.0,3,6,0.4,25,25,True,58,1.5000500841466646e-12,3.1855629245569617e-12
53,4.0,4.0,6,1,0.4,25,25,True,54,1.4547946892561493e-12,1.3503919907810404e-12
53,4.0,4.0,6,3,0.4,25,25,True,53,1.4786852298165343e-12,2.9594833528268083e-12
53,4.0,4.0,6,6,0.4,25,25,True,56,1.5275836151573685e-12,3.006261906079999e-12
53,4.0,8.0,1,1,0.4,25,25,True,54,1.497218364912567e-12,1.541534695032043e-12
53,4.0,8.0,1,3,0.4,25,25,True,55,1.4898082767444976e-12,3.0323799027343057e-12
53,4.0,8.0,1,6,0.4,25,25,True,59,1.5552004128949193e-12,3.3467673077325344e-12
53,4.0,8.0,3,1,0.4,25,25,True,54,1.4983981937166657e-12,1.539818186152564e-12
53,4.0,8.0,3,3,0.4,25,25,True,55,1.438238417250659e-12,2.906772045285777e-12
53,4.0,8.0,3,6,0.4,25,25,True,62,1.565247931267777e-12,3.293476602550527e-12
53,4.0,8.0,6,1,0.4,25,25,True,54,1.498296712393321e-12,1.5387855920034887e-12
53,4.0,8.0,6,3,0.4,25,25,True,54,1.4913903445545884e-12,2.9999336348396355e-12
53,4.0,8.0,6,6,0.4,25,25,True,60,1.501521129654293e-12,3.158973083117189e-12
53,4.0,16.0,1,1,0.4,25,25,True,54,1.4527823388732486e-12,2.8031674204065382e-12
53,4.0,16.0,1,3,0.4,25,25,True,57,1.5406009801210985e-12,3.1065705563548818e-12
53,4.0,16.0,1,6,0.4,25,25,True,61,1.5900614158681492e-12,3.236189094479869e-12
53,4.0,16.0,3,1,0.4,25,25,True,54,1.4741263765216672e-12,2.950834021575588e-12
53,4.0,16.0,3,3,0.4,25,25,True,58,1.5457635171856055e-12,3.2124858329041217e-12
53,4.0,16.0,3,6,0.4,25,25,True,67,1.6568413307993524e-12,3.946232229878888e-12
53,4.0,16.0,6,1,0.4,25,25,True,53,1.4867482245328745e-12,2.9626717745756537e-12
53,4.0,16.0,6,3,0.4,25,25,True,56,1.4820367155721215e-12,3.0237756742934607e-12
53,4.0,16.0,6,6,0.4,25,25,True,68,1.6284196213689484e-12,3.880895604879697e-12
53,8.0,4.0,1,1,0.4,25,25,True,54,1.4547946812093363e-12,1.3503920005219193e-12
53,8.0,4.0,1,3,0.4,25,25,True,54,1.4663825709249068e-12,2.9402591472660333e-12
53,8.0,4.0,1,6,0.4,25,25,True,55,1.486477607670622e-12,2.9380942123680143e-12
53,8.0,4.0,3,1,0.4,25,25,True,54,1.4547946894679075e-12,1.3503919928986227e-12
53,8.0,4.0,3,3,0.4,25,25,True,53,1.502117874530029e-12,3.006463134003212e-12
53,8.0,4.0,3,6,0.4,25,25,True,56,1.488198453358791e-12,2.947087018867478e-12
53,8.0,4.0,6,1,0.4,25,25,True,54,1.4547946985735117e-12,1.350391995863238e-12
53,8.0,4.0,6,3,0.4,25,25,True,53,1.442280322949685e-12,2.886423738912569e-12
53,8.0,4.0,6,6,0.4,25,25,True,55,1.4929724123646793e-12,3.011868532354356e-12
53,8.0,8.0,1,1,0.4,25,25,True,54,1.4976405532385328e-12,1.540081213599609e-12
53,8.0,8.0,1,3,0.4,25,25,True,54,1.4995088504221599e-12,2.9728441930387817e-12
53,8.0,8.0,1,6,0.4,25,25,True,56,1.5268342146157465e-12,3.1250557697148906e-12
53,8.0,8.0,3,1,0.4,25,25,True,54,1.4982435864868693e-12,1.539141210316064e-12
53,8.0,8.0,3,3,0.4,25,25,True,54,1.5093204464022847e-12,2.9903024501010123e-12
53,8.0,8.0,3,6,0.4,25,25,True,57,1.5162315847305763e-12,3.1534219679940634e-12
53,8.0,8.0,6,1,0.4,25,25,True,54,1.498189810059114e-12,1.5386090838898081e-12
53,8.0,8.0,6,3,0.4,25,25,True,54,1.398825499876466e-12,2.7000068847371494e-12
53,8.0,8.0,6,6,0.4,25,25,True,57,1.5369927552910667e-12,3.045896868059117e-12
53,8.0,16.0,1,1,0.4,25,25,True,53,1.4667642100896217e-12,2.9341945539940184e-12
53,8.0,16.0,1,3,0.4,25,25,True,55,1.518341008477364e-12,3.09280379084953e-12
53,8.0,16.0,1,6,0.4,25,25,True,57,1.536826221837373e-12,3.2051583609415957e-12
53,8.0,16.0,3,1,0.4,25,25,True,53,1.5007370346431514e-12,3.0150951180196728e-12
53,8.0,16.0,3,3,0.4,25,25,True,55,1.523503545541871e-12,3.0735969325235146e-12
53,8.0,16.0,3,6,0.4,25,25,True,59,1.5721868251716842e-12,3.4094949086238557e-12
53,8.0,16.0,6,1,0.4,25,25,True,53,1.452907238963519e-12,2.9097974030278806e-12
53,8.0,16.0,6,3,0.4,25,25,True,55,1.5165368960623482e-12,3.0508651160943145e-12
53,8.0,16.0,6,6,0.4,25,25,True,60,1.57862611871451e-12,3.152478278423132e-12
53,16.0,4.0,1,1,0.4,25,25,True,54,1.4547946953971381e-12,1.3503919986160951e-12
53,16.0,4.0,1,3,0.4,25,25,True,53,1.5832161970319447e-12,3.1201985439821556e-12
53,16.0,4.0,1,6,0.4,25,25,True,54,1.5049073098793997e-12,3.0115909765981996e-12
53,16.0,4.0,3,1,0.4,25,25,True,54,1.4547946960324128e-12,1.3503919943809304e-12
53,16.0,4.0,3,3,0.4,25,25,True,53,1.4990890473409735e-12,2.953755295909133e-12
53,16.0,4.0,3,6,0.4,25,25,True,54,1.4999113062685865e-12,2.8831936838003003e-12
53,16.0,4.0,6,1,0.4,25,25,True,54,1.4547946886208745e-12,1.350391992263348e-12
53,16.0,4.0,6,3,0.4,25,25,True,53,1.4246936963502321e-12,2.8501923043933175e-12
53,16.0,4.0,6,6,0.4,25,25,True,54,1.5066836667188e-12,3.0120628213836653e-12
53,16.0,8.0,1,1,0.4,25,25,True,54,1.4978580441943334e-12,1.5392784703111007e-12
53,16.0,8.0,1,3,0.4,25,25,True,54,1.416852746238817e-12,2.7551988468488275e-12
53,16.0,8.0,1,6,0.4,25,25,True,54,1.441680108626997e-12,2.9222735342671058e-12
53,16.0,8.0,3,1,0.4,25,25,True,54,1.4981603197600224e-12,1.5387864593652267e-12
53,16.0,8.0,3,3,0.4,25,25,True,54,1.4007128790183287e-12,2.757113981566306e-12
53,16.0,8.0,3,6,0.4,25,25,True,55,1.5018541965616805e-12,2.9951596758337473e-12
53,16.0,8.0,6,1,0.4,25,25,True,54,1.4981336483865793e-12,1.5385201793116643e-12
53,16.0,8.0,6,3,0.4,25,25,True,54,1.4983292384584956e-12,2.865249704164796e-12
53,16.0,8.0,6,6,0.4,25,25,True,55,1.5014656185030617e-12,2.8579916211413092e-12
53,16.0,16.0,1,1,0.4,25,25,True,53,1.4433523820578387e-12,2.9018662472957146e-12
53,16.0,16.0,1,3,0.4,25,25,True,54,1.508404512406969e-12,3.022998518176223e-12
53,16.0,16.0,1,6,0.4,25,25,True,55,1.4939716130868419e-12,2.991829006759872e-12
53,16.0,16.0,3,1,0.4,25,25,True,53,1.4631698630473977e-12,2.9355892716687038e-12
53,16.0,16.0,3,3,0.4,25,25,True,54,1.4487300248333668e-12,2.852162950262027e-12
53,16.0,16.0,3,6,0.4,25,25,True,56,1.5262235919522027e-12,3.069378085029939e-12
53,16.0,16.0,6,1,0.4,25,25,True,53,1.435553065309847e-12,2.883061844816126e-12
53,16.0,16.0,6,3,0.4,25,25,True,54,1.5100143357926754e-12,2.9511670884829755e-12
53,16.0,16.0,6,6,0.4,25,25,True,56,1.529720794479772e-12,3.055999897583206e-12
54,4.0,4.0,1,1,0.4,25,25,True,54,1.4548179386164855e-12,1.3503422942992338e-12
54,4.0,4.0,1,3,0.4,25,25,True,54,1.4990092500610785e-12,2.955167360818578e-12
54,4.0,4.0,1,6,0.4,25,25,True,57,1.5470957848151556e-12,3.2335245592207684e-12
54,4.0,4.0,3,1,0.4,25,25,True,54,1.4548179460280238e-12,1.350342287311212e-12
54,4.0,4.0,3,3,0.4,25,25,True,54,1.3079017036066176e-12,2.610973937056116e-12
54,4.0,4.0,3,6,0.4,25,25,True,58,1.5455137170050648e-12,3.1941116418465754e-12
54,4.0,4.0,6,1,0.4,25,25,True,54,1.4548179415811008e-12,1.350342286464179e-12
54,4.0,4.0,6,3,0.4,25,25,True,53,1.4734810593886039e-12,2.9503621767901222e-12
54,4.0,4.0,6,6,0.4,25,25,True,56,1.5353551763297446e-12,2.97520341696611e-12
54,4.0,8.0,1,1,0.4,25,25,True,54,1.461421695464482e-12,1.4835290114423305e-12
54,4.0,8.0,1,3,0.4,25,25,True,55,1.4638429357560767e-12,2.976716095837162e-12
54,4.0,8.0,1,6,0.4,25,25,True,59,1.5681900222830336e-12,3.3154035072868737e-12
54,4.0,8.0,3,1,0.4,25,25,True,54,1.4628608654282393e-12,1.482636279373506e-12
54,4.0,8.0,3,3,0.4,25,25,True,55,1.400837779108599e-12,2.8323177136968525e-12
54,4.0,8.0,3,6,0.4,25,25,True,62,1.607047828144914e-12,3.5894620609155936e-12
54,4.0,8.0,6,1,0.4,25,25,True,54,1.4629621299111495e-12,1.4819838065061042e-12
54,4.0,8.0,6,3,0.4,25,25,True,54,1.4698520178768604e-12,2.959660294621358e-12
54,4.0,8.0,6,6,0.4,25,25,True,60,1.5542567233239879e-12,3.119116076533146e-12
54,4.0,16.0,1,1,0.4,25,25,True,53,1.5012088794286171e-12,3.0300137399130733e-12
54,4.0,16.0,1,3,0.4,25,25,True,57,1.5307199952019346e-12,3.0505042936113114e-12
54,4.0,16.0,1,6,0.4,25,25,True,61,1.5693002453076588e-12,3.4914848789924235e-12
54,4.0,16.0,3,1,0.4,25,25,True,54,1.4964626759983446e-12,2.9950625313190926e-12
54,4.0,16.0,3,3,0.4,25,25,True,58,1.5532852781774409e-12,3.1463998073633093e-12
54,4.0,16.0,3,6,0.4,25,25,True,67,1.6521228829446954e-12,3.857303365606413e-12
54,4.0,16.0,6,1,0.4,25,25,True,53,1.4894405153675905e-12,3.0252675364828008e-12
54,4.0,16.0,6,3,0.4,25,25,True,56,1.3643253193862392e-12,2.821659572660451e-12
54,4.0,16.0,6,6,0.4,25,25,True,67,1.6463497232166446e-12,3.930189507173054e-12
54,8.0,4.0,1,1,0.4,25,25,True,54,1.4548179443339579e-12,1.3503422938757173e-12
54,8.0,4.0,1,3,0.4,25,25,True,54,1.4610708476414658e-12,2.9226655817726765e-12
54,8.0,4.0,1,6,0.4,25,25,True,55,1.5222823002147834e-12,3.0578872767250687e-12
54,8.0,4.0,3,1,0.4,25,25,True,54,1.454817940945826e-12,1.350342287311212e-12
54,8.0,4.0,3,3,0.4,25,25,True,53,1.4960706284927738e-12,2.9938933276962842e-12
54,8.0,4.0,3,6,0.4,25,25,True,55,1.5211998327657739e-12,2.958827627352889e-12
54,8.0,4.0,6,1,0.4,25,25,True,54,1.4548179392517602e-12,1.3503422847701131e-12
54,8.0,4.0,6,3,0.4,25,25,True,53,1.4399002823406448e-12,2.881955091238453e-12
54,8.0,4.0,6,6,0.4,25,25,True,55,1.4558632077665834e-12,2.956135336518173e-12
54,8.0,8.0,1,1,0.4,25,25,True,54,1.4621097301631414e-12,1.482700897822986e-12
54,8.0,8.0,1,3,0.4,25,25,True,54,1.487004963607319e-12,2.9474894747139047e-12
54,8.0,8.0,1,6,0.4,25,25,True,56,1.5182299861749016e-12,3.1280533718813786e-12
54,8.0,8.0,3,1,0.4,25,25,True,54,1.4628534928534664e-12,1.4822036827066842e-12
54,8.0,8.0,3,3,0.4,25,25,True,54,1.4901829770153086e-12,2.9541369350738478e-12
54,8.0,8.0,3,6,0.4,25,25,True,57,1.5246692797177275e-12,3.166022999323559e-12
54,8.0,8.0,6,1,0.4,25,25,True,54,1.4628936083338484e-12,1.4818636769053928e-12
54,8.0,8.0,6,3,0.4,25,25,True,54,1.3896800377111163e-12,2.6826318944017657e-12
54,8.0,8.0,6,6,0.4,25,25,True,56,1.4989121055464238e-12,3.114619673283414e-12
54,8.0,16.0,1,1,0.4,25,25,True,53,1.5067946890212625e-12,2.9973870607769015e-12
54,8.0,16.0,1,3,0.4,25,25,True,55,1.4987733276683457e-12,3.051503494333474e-12
54,8.0,16.0,1,6,0.4,25,25,True,57,1.5332179970073412e-12,3.180289365189992e-12
54,8.0,16.0,3,1,0.4,25,25,True,53,1.4899331768347679e-12,2.981337399177164e-12
54,8.0,16.0,3,3,0.4,25,25,True,55,1.5020207300153743e-12,3.0822011609643596e-12
54,8.0,16.0,3,6,0.4,25,25,True,59,1.5586421042712573e-12,3.383682223301321e-12
54,8.0,16.0,6,1,0.4,25,25,True,53,1.4847081897251257e-12,2.9876587315236236e-12
54,8.0,16.0,6,3,0.4,25,25,True,55,1.4840628725920624e-12,2.979089197552298e-12
54,8.0,16.0,6,6,0.4,25,25,True,59,1.5821233212420793e-12,3.3293923173971507e-12
54,16.0,4.0,1,1,0.4,25,25,True,54,1.4548179445457161e-12,1.3503422883700032e-12
54,16.0,4.0,1,3,0.4,25,25,True,53,1.5238504902370664e-12,3.1474267636610875e-12
54,16.0,4.0,1,6,0.4,25,25,True,54,1.496802681799636e-12,2.999378523327323e-12
54,16.0,4.0,3,1,0.4,25,25,True,54,1.4548179451809908e-12,1.350342285617146e-12
54,16.0,4.0,3,3,0.4,25,25,True,53,1.4962718564159871e-12,2.9476421303797906e-12
54,16.0,4.0,3,6,0.4,25,25,True,54,1.5141221609837885e-12,3.0697944186641735e-12
54,16.0,4.0,6,1,0.4,25,25,True,54,1.4548179458162655e-12,1.3503422904875855e-12
54,16.0,4.0,6,3,0.4,25,25,True,53,1.4237638845671086e-12,2.8479441027684516e-12
54,16.0,4.0,6,6,0.4,25,25,True,54,1.4993839503318895e-12,3.024136496776464e-12
54,16.0,8.0,1,1,0.4,25,25,True,54,1.4624709863270136e-12,1.4822420634635902e-12
54,16.0,8.0,1,3,0.4,25,25,True,54,1.411912253779235e-12,2.744027227663537e-12
54,16.0,8.0,1,6,0.4,25,25,True,54,1.4361289935038712e-12,2.908118190703135e-12
54,16.0,8.0,3,1,0.4,25,25,True,54,1.4628478550021695e-12,1.4819803370591522e-12
54,16.0,8.0,3,3,0.4,25,25,True,54,1.503908109157237e-12,2.8528013285011866e-12
54,16.0,8.0,3,6,0.4,25,25,True,55,1.5192846980482955e-12,3.1051827775741003e-12
54,16.0,8.0,6,1,0.4,25,25,True,54,1.4628682380030122e-12,1.4818064310306855e-12
54,16.0,8.0,6,3,0.4,25,25,True,54,1.495831236653089e-12,2.8504143489982425e-12
54,16.0,8.0,6,6,0.4,25,25,True,55,1.4663270597736755e-12,2.804756427110533e-12
54,16.0,16.0,1,1,0.4,25,25,True,53,1.4914319779180119e-12,2.9511601495890716e-12
54,16.0,16.0,1,3,0.4,25,25,True,54,1.4985512830634207e-12,3.004069215606364e-12
54,16.0,16.0,1,6,0.4,25,25,True,55,1.5184520307798266e-12,3.007538662558318e-12
54,16.0,16.0,3,1,0.4,25,25,True,53,1.525897463938719e-12,3.0341146262102825e-12
54,16.0,16.0,3,3,0.4,25,25,True,54,1.4293566330536578e-12,2.8158031462055533e-12
54,16.0,16.0,3,6,0.4,25,25,True,56,1.5236145678443336e-12,3.1459279625778436e-12
54,16.0,16.0,6,1,0.4,25,25,True,53,1.4822310046014309e-12,2.9684379954098006e-12
54,16.0,16.0,6,3,0.4,25,25,True,54,1.5098755579145973e-12,3.0398183969992942e-12
54,16.0,16.0,6,6,0.4,25,25,True,56,1.505184865635556e-12,2.9939384305066596e-12
55,4.0,4.0,1,1,0.4,25,25,True,54,1.454836373865066e-12,1.3503028704212533e-12
55,4.0,4.0,1,3,0.4,25,25,True,54,1.4956300087298757e-12,2.9460878181453154e-12
55,4.0,4.0,1,6,0.4,25,25,True,57,1.530386928294547e-12,3.1837865677175614e-12
55,4.0,4.0,3,1,0.4,25,25,True,54,1.4548363753473737e-12,1.350302867456638e-12
55,4.0,4.0,3,3,0.4,25,25,True,54,1.2982045993759073e-12,2.5916248314050705e-12
55,4.0,4.0,3,6,0.4,25,25,True,58,1.4970802375557923e-12,3.091138456312592e-12
55,4.0,4.0,6,1,0.4,25,25,True,54,1.4548363736533078e-12,1.3503028680919126e-12
55,4.0,4.0,6,3,0.4,25,25,True,53,1.469054045077911e-12,2.9418308067352683e-12
55,4.0,4.0,6,6,0.4,25,25,True,56,1.491196055525279e-12,2.892491801631536e-12
55,4.0,8.0,1,1,0.4,25,25,True,54,1.4720169527748794e-12,1.4750774386673715e-12
55,4.0,8.0,1,3,0.4,25,25,True,55,1.4395568070924014e-12,2.9238000909259654e-12
55,4.0,8.0,1,6,0.4,25,25,True,59,1.530386928294547e-12,3.228084466400105e-12
55,4.0,8.0,3,1,0.4,25,25,True,54,1.4731781333016114e-12,1.4743453853605093e-12
55,4.0,8.0,3,3,0.4,25,25,True,55,1.3665457654354896e-12,2.7628871412943568e-12
55,4.0,8.0,3,6,0.4,25,25,True,61,1.5895063043558366e-12,3.50941498084012e-12
55,4.0,8.0,6,1,0.4,25,25,True,54,1.4732605326667203e-12,1.4738214988707643e-12
55,4.0,8.0,6,3,0.4,25,25,True,54,1.4494933031627966e-12,2.921524133725484e-12
55,4.0,8.0,6,6,0.4,25,25,True,60,1.5647483309066956e-12,3.3836267121500896e-12
55,4.0,16.0,1,1,0.4,25,25,True,53,1.4946967274998002e-12,2.945286375899414e-12
55,4.0,16.0,1,3,0.4,25,25,True,57,1.5157874955207262e-12,3.1569191705216326e-12
55,4.0,16.0,1,6,0.4,25,25,True,61,1.589173237448449e-12,3.4581226771024376e-12
55,4.0,16.0,3,1,0.4,25,25,True,54,1.5064130498565476e-12,2.9399434275934055e-12
55,4.0,16.0,3,3,0.4,25,25,True,57,1.5398793351550921e-12,3.2660540938422855e-12
55,4.0,16.0,3,6,0.4,25,25,True,67,1.623590151211829e-12,3.699374140353484e-12
55,4.0,16.0,6,1,0.4,25,25,True,53,1.4787199242860538e-12,2.9383613597833147e-12
55,4.0,16.0,6,3,0.4,25,25,True,56,1.504657509698859e-12,3.0956903707135552e-12
55,4.0,16.0,6,6,0.4,25,25,True,67,1.654842929355027e-12,3.9311331967439855e-12
55,8.0,4.0,1,1,0.4,25,25,True,54,1.4548363706886925e-12,1.3503028685154291e-12
55,8.0,4.0,1,3,0.4,25,25,True,54,1.4563107664233854e-12,2.9032609649704e-12
55,8.0,4.0,1,6,0.4,25,25,True,55,1.5070444892018031e-12,3.0317415244951462e-12
55,8.0,4.0,3,1,0.4,25,25,True,54,1.4548363740768242e-12,1.3503028668213632e-12
55,8.0,4.0,3,3,0.4,25,25,True,53,1.4898221545323054e-12,2.9816045465924645e-12
55,8.0,4.0,3,6,0.4,25,25,True,55,1.5143719611643292e-12,2.93107205173726e-12
55,8.0,4.0,6,1,0.4,25,25,True,54,1.454836374712099e-12,1.3503028676683962e-12
55,8.0,4.0,6,3,0.4,25,25,True,53,1.4379816781762145e-12,2.8775697102911835e-12
55,8.0,4.0,6,6,0.4,25,25,True,55,1.5153156507352605e-12,2.998767900663779e-12
55,8.0,8.0,1,1,0.4,25,25,True,54,1.47257293164893e-12,1.4744087027673825e-12
55,8.0,8.0,1,3,0.4,25,25,True,54,1.4972328932216783e-12,2.996380921160835e-12
55,8.0,8.0,1,6,0.4,25,25,True,56,1.5266121700108215e-12,3.1394886690350177e-12
55,8.0,8.0,3,1,0.4,25,25,True,54,1.473175748056832e-12,1.4740021269527004e-12
55,8.0,8.0,3,3,0.4,25,25,True,54,1.4721557306529576e-12,2.9192065431615788e-12
55,8.0,8.0,3,6,0.4,25,25,True,57,1.484090628167678e-12,3.089417610624423e-12
55,8.0,8.0,6,1,0.4,25,25,True,54,1.4732169477393864e-12,1.4737299922074065e-12
55,8.0,8.0,6,3,0.4,25,25,True,54,1.380950909180001e-12,2.6659785490323884e-12
55,8.0,8.0,6,6,0.4,25,25,True,56,1.4609424781042435e-12,3.030631301470521e-12
55,8.0,16.0,1,1,0.4,25,25,True,53,1.464637439108074e-12,2.9528879341711445e-12
55,8.0,16.0,1,3,0.4,25,25,True,55,1.5165091404867326e-12,3.0581925880568406e-12
55,8.0,16.0,1,6,0.4,25,25,True,57,1.5123458041443882e-12,3.1377123121956174e-12
55,8.0,16.0,3,1,0.4,25,25,True,53,1.4855339180996907e-12,3.0273145101844534e-12
55,8.0,16.0,3,3,0.4,25,25,True,55,1.5166479183648107e-12,3.062050613067413e-12
55,8.0,16.0,3,6,0.4,25,25,True,59,1.5136780717739384e-12,3.279321258986556e-12
55,8.0,16.0,6,1,0.4,25,25,True,53,1.513258268692752e-12,2.982333130452375e-12
55,8.0,16.0,6,3,0.4,25,25,True,55,1.4548362514688051e-12,2.9119762157137075e-12
55,8.0,16.0,6,6,0.4,25,25,True,59,1.5683010445854961e-12,3.3769653740023386e-12
55,16.0,4.0,1,1,0.4,25,25,True,54,1.4548363770414396e-12,1.3503028685154291e-12
55,16.0,4.0,1,3,0.4,25,25,True,53,1.5147258447534284e-12,3.165197270948994e-12
55,16.0,4.0,1,6,0.4,25,25,True,54,1.5055734436941748e-12,3.0262736760988673e-12
55,16.0,4.0,3,1,0.4,25,25,True,54,1.4548363660300112e-12,1.3503028683036709e-12
55,16.0,4.0,3,3,0.4,25,25,True,53,1.4932395597799797e-12,2.941782234477941e-12
55,16.0,4.0,3,6,0.4,25,25,True,54,1.5130674491103946e-12,3.068767462366395e-12
55,16.0,4.0,6,1,0.4,25,25,True,54,1.454836371112209e-12,1.350302864915539e-12
55,16.0,4.0,6,3,0.4,25,25,True,53,1.4225669253686846e-12,2.8455605927124594e-12
55,16.0,4.0,6,6,0.4,25,25,True,54,1.4890866317784912e-12,3.0035973708208985e-12
55,16.0,8.0,1,1,0.4,25,25,True,54,1.4728617631076801e-12,1.474035954060482e-12
55,16.0,8.0,1,3,0.4,25,25,True,54,1.4073048282270406e-12,2.733410719990559e-12
55,16.0,8.0,1,6,0.4,25,25,True,54,1.4309664564393643e-12,2.894295914046552e-12
55,16.0,8.0,3,1,0.4,25,25,True,54,1.4731733628120525e-12,1.4738234504346748e-12
55,16.0,8.0,3,3,0.4,25,25,True,54,1.4876572196342863e-12,2.8293339893181724e-12
55,16.0,8.0,3,6,0.4,25,25,True,55,1.495303880716392e-12,2.9586333383235797e-12
55,16.0,8.0,6,1,0.4,25,25,True,54,1.4731915774085502e-12,1.4736855399183346e-12
55,16.0,8.0,6,3,0.4,25,25,True,54,1.4930973124549496e-12,2.8360369608293468e-12
55,16.0,8.0,6,6,0.4,25,25,True,55,1.4340750809083147e-12,2.7540747460363946e-12
55,16.0,16.0,1,1,0.4,25,25,True,53,1.4626841404741242e-12,2.9222804731610097e-12
55,16.0,16.0,1,3,0.4,25,25,True,54,1.504130153762162e-12,3.0225266733907574e-12
55,16.0,16.0,1,6,0.4,25,25,True,55,1.5097367800365191e-12,2.989886116466778e-12
55,16.0,16.0,3,1,0.4,25,25,True,53,1.4536254144825733e-12,2.9484574504134997e-12
55,16.0,16.0,3,3,0.4,25,25,True,54,1.5101531136707536e-12,2.96593305471049e-12
55,16.0,16.0,3,6,0.4,25,25,True,56,1.5358825322664416e-12,3.1579183712437953e-12
55,16.0,16.0,6,1,0.4,25,25,True,53,1.5062638636376136e-12,2.959799072499436e-12
55,16.0,16.0,6,3,0.4,25,25,True,54,1.4942491688429982e-12,3.00542923881153e-12
55,16.0,16.0,6,6,0.4,25,25,True,56,1.4743206655509766e-12,2.9252156252823625e-12
56,4.0,4.0,1,1,0.4,25,25,True,54,1.454850974383736e-12,1.3502716212582467e-12
56,4.0,4.0,1,3,0.4,25,25,True,54,1.4957063365628187e-12,2.991815128972064e-12
56,4.0,4.0,1,6,0.4,25,25,True,57,1.529720794479772e-12,3.1498137431640316e-12
56,4.0,4.0,3,1,0.4,25,25,True,54,1.4548509755484064e-12,1.3502716195641808e-12
56,4.0,4.0,3,3,0.4,25,25,True,54,1.2890764844453173e-12,2.5734275821420738e-12
56,4.0,4.0,3,6,0.4,25,25,True,58,1.5248635687470369e-12,3.162581307947221e-12
56,4.0,4.0,6,1,0.4,25,25,True,54,1.454850977983626e-12,1.3502716212582467e-12
56,4.0,4.0,6,3,0.4,25,25,True,53,1.4654041868844558e-12,2.9336429119286578e-12
56,4.0,4.0,6,6,0.4,25,25,True,56,1.5161205624281138e-12,3.1366576003222235e-12
56,4.0,8.0,1,1,0.4,25,25,True,54,1.4816660268493487e-12,1.4673918547272735e-12
56,4.0,8.0,1,3,0.4,25,25,True,55,1.505254254574595e-12,2.9640317977808195e-12
56,4.0,8.0,1,6,0.4,25,25,True,59,1.565914065082552e-12,3.3451019731955967e-12
56,4.0,8.0,3,1,0.4,25,25,True,54,1.4826091743191938e-12,1.4667967361547962e-12
56,4.0,8.0,3,3,0.4,25,25,True,55,1.3334194859382364e-12,2.6979113387781695e-12
56,4.0,8.0,3,6,0.4,25,25,True,61,1.5729639812889218e-12,3.442690577060148e-12
56,4.0,8.0,6,1,0.4,25,25,True,54,1.4826836590084436e-12,1.4663734636266579e-12
56,4.0,8.0,6,3,0.4,25,25,True,54,1.4329093467324583e-12,2.8861635303911726e-12
56,4.0,8.0,6,6,0.4,25,25,True,60,1.5327183966462599e-12,3.2563951535280466e-12
56,4.0,16.0,1,1,0.4,25,25,True,53,1.5026105359972064e-12,3.025388967126119e-12
56,4.0,16.0,1,3,0.4,25,25,True,56,1.5322743074364098e-12,3.182010210878161e-12
56,4.0,16.0,1,6,0.4,25,25,True,61,1.5390466678866233e-12,3.350375532562566e-12
56,4.0,16.0,3,1,0.4,25,25,True,54,1.4725269614768166e-12,2.948509492117779e-12
56,4.0,16.0,3,3,0.4,25,25,True,57,1.5520362772747376e-12,3.197220266315526e-12
56,4.0,16.0,3,6,0.4,25,25,True,67,1.6641688027618784e-12,3.974987006216679e-12
56,4.0,16.0,6,1,0.4,25,25,True,53,1.4943463133576529e-12,2.9967694992194538e-12
56,4.0,16.0,6,3,0.4,25,25,True,56,1.5310808176849378e-12,3.1423474933234274e-12
56,4.0,16.0,6,6,0.4,25,25,True,67,1.5817902543346918e-12,3.756883693029067e-12
56,8.0,4.0,1,1,0.4,25,25,True,54,1.4548509736425822e-12,1.3502716203053346e-12
56,8.0,4.0,1,3,0.4,25,25,True,54,1.451703340871191e-12,2.881493654793843e-12
56,8.0,4.0,1,6,0.4,25,25,True,55,1.4973022821607174e-12,3.0077884627388585e-12
56,8.0,4.0,3,1,0.4,25,25,True,54,1.4548509767130767e-12,1.3502716187171478e-12
56,8.0,4.0,3,3,0.4,25,25,True,53,1.4831434691497947e-12,2.9695725045630894e-12
56,8.0,4.0,3,6,0.4,25,25,True,55,1.5135948050470915e-12,3.095856904167249e-12
56,8.0,4.0,6,1,0.4,25,25,True,54,1.454850973430824e-12,1.350271618823027e-12
56,8.0,4.0,6,3,0.4,25,25,True,53,1.4357647015739161e-12,2.8732849433055208e-12
56,8.0,4.0,6,6,0.4,25,25,True,55,1.4621637234313312e-12,2.9252156252823625e-12
56,8.0,8.0,1,1,0.4,25,25,True,54,1.4821192233574476e-12,1.4668487778590755e-12
56,8.0,8.0,1,3,0.4,25,25,True,54,1.5026035971033025e-12,2.9893032493788496e-12
56,8.0,8.0,1,6,0.4,25,25,True,56,1.5132339825640884e-12,3.1069591344135006e-12
56,8.0,8.0,3,1,0.4,25,25,True,54,1.4826132942874493e-12,1.4665184214571192e-12
56,8.0,8.0,3,3,0.4,25,25,True,54,1.4556411631616584e-12,2.8866076196010226e-12
56,8.0,8.0,3,6,0.4,25,25,True,57,1.536826221837373e-12,3.1348812434828233e-12
56,8.0,8.0,6,1,0.4,25,25,True,54,1.4826470129750136e-12,1.4663029904854463e-12
56,8.0,8.0,6,3,0.4,25,25,True,54,1.372416069678195e-12,2.6506297157169456e-12
56,8.0,8.0,6,6,0.4,25,25,True,56,1.4277468096679513e-12,2.9521385336295225e-12
56,8.0,16.0,1,1,0.4,25,25,True,53,1.511908653828442e-12,2.992932290890593e-12
56,8.0,16.0,1,3,0.4,25,25,True,55,1.5172862966039702e-12,3.039762885848063e-12
56,8.0,16.0,1,6,0.4,25,25,True,56,1.5319412405290223e-12,3.1359914665074484e-12
56,8.0,16.0,3,1,0.4,25,25,True,53,1.4869633302438956e-12,2.932341869321675e-12
56,8.0,16.0,3,3,0.4,25,25,True,55,1.511846203783307e-12,3.023220562781148e-12
56,8.0,16.0,3,6,0.4,25,25,True,59,1.4714340856869512e-12,3.1825653223904737e-12
56,8.0,16.0,6,1,0.4,25,25,True,53,1.481478134612857e-12,2.956364320017002e-12
56,8.0,16.0,6,3,0.4,25,25,True,55,1.5119017149345382e-12,2.990385716827859e-12
56,8.0,16.0,6,6,0.4,25,25,True,59,1.5418777365994174e-12,3.320177466292762e-12
56,16.0,4.0,1,1,0.4,25,25,True,54,1.454850974277857e-12,1.350271617975994e-12
56,16.0,4.0,1,3,0.4,25,25,True,53,1.4376971835261543e-12,2.869239568159543e-12
56,16.0,4.0,1,6,0.4,25,25,True,54,1.5014101073518304e-12,3.0150604235501532e-12
56,16.0,4.0,3,1,0.4,25,25,True,54,1.4548509755484064e-12,1.3502716196700599e-12
56,16.0,4.0,3,3,0.4,25,25,True,53,1.490144813098837e-12,2.935936216363899e-12
56,16.0,4.0,3,6,0.4,25,25,True,54,1.511984981661385e-12,3.056582764671134e-12
56,16.0,4.0,6,1,0.4,25,25,True,54,1.454850973430824e-12,1.3502716196700599e-12
56,16.0,4.0,6,3,0.4,25,25,True,53,1.4211583299061914e-12,2.8431527965278036e-12
56,16.0,4.0,6,6,0.4,25,25,True,54,1.48109302600119e-12,2.984251734616805e-12
56,16.0,8.0,1,1,0.4,25,25,True,54,1.4823585067769152e-12,1.4665481285966453e-12
56,16.0,8.0,1,3,0.4,25,25,True,54,1.4019896354966477e-12,2.7229052346200433e-12
56,16.0,8.0,1,6,0.4,25,25,True,54,1.4580003870889868e-12,2.9164448633878237e-12
56,16.0,8.0,3,1,0.4,25,25,True,54,1.4826135111278838e-12,1.4663754151905684e-12
56,16.0,8.0,3,3,0.4,25,25,True,54,1.4908629886178915e-12,2.8250041195221343e-12
56,16.0,8.0,3,6,0.4,25,25,True,55,1.5233370120881773e-12,3.117617275449902e-12
56,16.0,8.0,6,1,0.4,25,25,True,54,1.4826299910009055e-12,1.4662646097285403e-12
56,16.0,8.0,6,3,0.4,25,25,True,54,1.4907797218910446e-12,2.822242439748379e-12
56,16.0,8.0,6,6,0.4,25,25,True,55,1.505184865635556e-12,3.064382081419126e-12
56,16.0,16.0,1,1,0.4,25,25,True,53,1.5141742026880678e-12,3.0180233312471216e-12
56,16.0,16.0,1,3,0.4,25,25,True,54,1.4943879467210763e-12,3.0035418596696672e-12
56,16.0,16.0,1,6,0.4,25,25,True,55,1.4996892616636615e-12,2.9725666372826254e-12
56,16.0,16.0,3,1,0.4,25,25,True,53,1.5009556098011245e-12,2.9747176943928366e-12
56,16.0,16.0,3,3,0.4,25,25,True,54,1.5062118219333342e-12,3.05330760674849e-12
56,16.0,16.0,3,6,0.4,25,25,True,56,1.5204504322241519e-12,3.1181723869622147e-12
56,16.0,16.0,6,1,0.4,25,25,True,53,1.4751672106072533e-12,2.9359917275151304e-12
56,16.0,16.0,6,3,0.4,25,25,True,54,1.4951095916870827e-12,2.9885538488372276e-12
56,16.0,16.0,6,6,0.4,25,25,True,56,1.4466761122378102e-12,2.8606006452491783e-12
57,4.0,4.0,1,1,0.4,25,25,True,54,1.454862545277312e-12,1.3502468615322864e-12
57,4.0,4.0,1,3,0.4,25,25,True,54,1.486626793889556e-12,2.9722474481630456e-12
57,4.0,4.0,1,6,0.4,25,25,True,57,1.5327183966462599e-12,3.173794560495935e-12
57,4.0,4.0,3,1,0.4,25,25,True,54,1.4548625443244e-12,1.3502468588853084e-12
57,4.0,4.0,3,3,0.4,25,25,True,54,1.2806561366929259e-12,2.5562468808359995e-12
57,4.0,4.0,3,6,0.4,25,25,True,58,1.4795387137667149e-12,3.0671021278294575e-12
57,4.0,4.0,6,1,0.4,25,25,True,54,1.4548625409362682e-12,1.3502468595205831e-12
57,4.0,4.0,6,3,0.4,25,25,True,53,1.4613900367610455e-12,2.9255799172123176e-12
57,4.0,4.0,6,6,0.4,25,25,True,56,1.4916123891595134e-12,3.0742075551870585e-12
57,4.0,8.0,1,1,0.4,25,25,True,54,1.4904454623612673e-12,1.46041143588016e-12
57,4.0,8.0,1,3,0.4,25,25,True,55,1.509445346492555e-12,2.9427016379202087e-12
57,4.0,8.0,1,6,0.4,25,25,True,59,1.5275558595817529e-12,3.2632785362807226e-12
57,4.0,8.0,3,1,0.4,25,25,True,54,1.4912147038026458e-12,1.4599265806686246e-12
57,4.0,8.0,3,3,0.4,25,25,True,55,1.498370871821919e-12,2.857325487326534e-12
57,4.0,8.0,3,6,0.4,25,25,True,61,1.591726750405087e-12,3.4432456885724605e-12
57,4.0,8.0,6,1,0.4,25,25,True,54,1.4912755275445222e-12,1.459589176952547e-12
57,4.0,8.0,6,3,0.4,25,25,True,54,1.4191980923783376e-12,2.8527180617743397e-12
57,4.0,8.0,6,6,0.4,25,25,True,60,1.5111800699685318e-12,3.193778574939188e-12
57,4.0,16.0,1,1,0.4,25,25,True,53,1.5314798040844124e-12,3.0735136657966677e-12
57,4.0,16.0,1,3,0.4,25,25,True,56,1.517230785452739e-12,3.124500658202578e-12
57,4.0,16.0,1,6,0.4,25,25,True,61,1.579902875192829e-12,3.5072500459421008e-12
57,4.0,16.0,3,1,0.4,25,25,True,54,1.4351159149939008e-12,2.8710644972562704e-12
57,4.0,16.0,3,3,0.4,25,25,True,57,1.535244154027282e-12,3.227723643917102e-12
57,4.0,16.0,3,6,0.4,25,25,True,67,1.6523449275496205e-12,3.901434730835263e-12
57,4.0,16.0,6,1,0.4,25,25,True,53,1.4729814590275225e-12,2.9544075519361e-12
57,4.0,16.0,6,3,0.4,25,25,True,56,1.4707124407209449e-12,3.019640093526732e-12
57,4.0,16.0,6,6,0.4,25,25,True,67,1.6474044350900385e-12,3.8088421305815245e-12
57,8.0,4.0,1,1,0.4,25,25,True,54,1.4548625439008835e-12,1.3502468590970666e-12
57,8.0,4.0,1,3,0.4,25,25,True,54,1.4473908183099127e-12,2.85687445922278e-12
57,8.0,4.0,1,6,0.4,25,25,True,55,1.484090628167678e-12,2.983502334075183e-12
57,8.0,4.0,3,1,0.4,25,25,True,54,1.4548625411480264e-12,1.3502468595205831e-12
57,8.0,4.0,3,3,0.4,25,25,True,53,1.4759513056183948e-12,2.957328826269645e-12
57,8.0,4.0,3,6,0.4,25,25,True,55,1.5107082251830661e-12,3.0697389075129422e-12
57,8.0,4.0,6,1,0.4,25,25,True,54,1.4548625410421473e-12,1.3502468598382205e-12
57,8.0,4.0,6,3,0.4,25,25,True,53,1.4334679276917228e-12,2.868868337335684e-12
57,8.0,4.0,6,6,0.4,25,25,True,55,1.4097889522446394e-12,2.855993219696984e-12
57,8.0,8.0,1,1,0.4,25,25,True,54,1.4908146332009986e-12,1.459972550840738e-12
57,8.0,8.0,1,3,0.4,25,25,True,54,1.4919593338547088e-12,2.9666546996764964e-12
57,8.0,8.0,1,6,0.4,25,25,True,56,1.4975243267656424e-12,3.0753177782116836e-12
57,8.0,8.0,3,1,0.4,25,25,True,54,1.4912196911326392e-12,1.4597078970904342e-12
57,8.0,8.0,3,3,0.4,25,25,True,54,1.439362518063092e-12,2.8557434195164433e-12
57,8.0,8.0,3,6,0.4,25,25,True,57,1.5069612224749562e-12,3.061828568462488e-12
57,8.0,8.0,6,1,0.4,25,25,True,54,1.4912482056497756e-12,1.4595277026893672e-12
57,8.0,8.0,6,3,0.4,25,25,True,54,1.364117152569122e-12,2.6356972160357373e-12
57,8.0,8.0,6,6,0.4,25,25,True,56,1.5320522628314848e-12,3.0378477511305846e-12
57,8.0,16.0,1,1,0.4,25,25,True,53,1.4764960087898515e-12,2.956149214305981e-12
57,8.0,16.0,1,3,0.4,25,25,True,55,1.4959700145311672e-12,3.0008218132593356e-12
57,8.0,16.0,1,6,0.4,25,25,True,56,1.5132894937153196e-12,3.0977442833091118e-12
57,8.0,16.0,3,1,0.4,25,25,True,53,1.4965355343843356e-12,2.9988268812619623e-12
57,8.0,16.0,3,3,0.4,25,25,True,55,1.498828838819577e-12,2.9781455079813668e-12
57,8.0,16.0,3,6,0.4,25,25,True,59,1.5728529589864593e-12,3.2428504326276197e-12
57,8.0,16.0,6,1,0.4,25,25,True,53,1.48169670977083e-12,2.9400024081915888e-12
57,8.0,16.0,6,3,0.4,25,25,True,55,1.5060730440552561e-12,3.03146396873899e-12
57,8.0,16.0,6,6,0.4,25,25,True,59,1.5754064719430971e-12,3.3710811919718253e-12
57,16.0,4.0,1,1,0.4,25,25,True,54,1.4548625440067626e-12,1.350246861214649e-12
57,16.0,4.0,1,3,0.4,25,25,True,53,1.4351159149939008e-12,2.864583570350021e-12
57,16.0,4.0,1,6,0.4,25,25,True,54,1.496053281258014e-12,3.0040414600307486e-12
57,16.0,4.0,3,1,0.4,25,25,True,54,1.4548625437950044e-12,1.3502468606852534e-12
57,16.0,4.0,3,3,0.4,25,25,True,53,1.4867690412145862e-12,2.930045095439482e-12
57,16.0,4.0,3,6,0.4,25,25,True,54,1.5117074259052288e-12,3.0552227414659683e-12
57,16.0,4.0,6,1,0.4,25,25,True,54,1.4548625443244e-12,1.350246860367616e-12
57,16.0,4.0,6,3,0.4,25,25,True,53,1.4195936093308603e-12,2.840640916934589e-12
57,16.0,4.0,6,6,0.4,25,25,True,54,1.472350019682267e-12,2.9657387656811807e-12
57,16.0,8.0,1,1,0.4,25,25,True,54,1.4910155358635602e-12,1.4597335926819222e-12
57,16.0,8.0,1,3,0.4,25,25,True,54,1.4155204786092668e-12,2.7308294514583054e-12
57,16.0,8.0,1,6,0.4,25,25,True,54,1.4959700145311672e-12,2.944922083969459e-12
57,16.0,8.0,3,1,0.4,25,25,True,54,1.4912196911326392e-12,1.4595911285164576e-12
57,16.0,8.0,3,3,0.4,25,25,True,54,1.4747092436095954e-12,2.8018698472465076e-12
57,16.0,8.0,3,6,0.4,25,25,True,55,1.5134005160177821e-12,3.089806188683042e-12
57,16.0,8.0,6,1,0.4,25,25,True,54,1.4912316173565365e-12,1.4595017902574448e-12
57,16.0,8.0,6,3,0.4,25,25,True,54,1.4880874310563286e-12,2.8091279302699945e-12
57,16.0,8.0,6,6,0.4,25,25,True,55,1.4854228957972282e-12,3.0128677330765186e-12
57,16.0,16.0,1,1,0.4,25,25,True,53,1.441905622678874e-12,2.918963681874942e-12
57,16.0,16.0,1,3,0.4,25,25,True,54,1.5075718451385e-12,3.007899485041321e-12
57,16.0,16.0,1,6,0.4,25,25,True,55,1.4903078771055789e-12,2.956079825366942e-12
57,16.0,16.0,3,1,0.4,25,25,True,53,1.4795872860240422e-12,2.9570061677031134e-12
57,16.0,16.0,3,3,0.4,25,25,True,54,1.5128731600810852e-12,3.0454250232736513e-12
57,16.0,16.0,3,6,0.4,25,25,True,56,1.501077040444443e-12,3.0765945346900025e-12
57,16.0,16.0,6,1,0.4,25,25,True,53,1.4847810481111168e-12,2.9285948666135653e-12
57,16.0,16.0,6,3,0.4,25,25,True,54,1.480732203518187e-12,2.9572178039671826e-12
57,16.0,16.0,6,6,0.4,25,25,True,56,1.5218937221561646e-12,3.0505042936113114e-12
58,4.0,4.0,1,1,0.4,25,25,True,54,1.4548716981035818e-12,1.350227247002085e-12
58,4.0,4.0,1,3,0.4,25,25,True,54,1.478026034895663e-12,2.953585293008487e-12
58,4.0,4.0,1,6,0.4,25,25,True,57,1.5045742429720121e-12,3.112843316444014e-12
58,4.0,4.0,3,1,0.4,25,25,True,54,1.454871701438774e-12,1.3502272470550246e-12
58,4.0,4.0,3,3,0.4,25,25,True,54,1.2728360032632224e-12,2.5400966052746554e-12
58,4.0,4.0,3,6,0.4,25,25,True,58,1.556560436100085e-12,3.101768841773378e-12
58,4.0,4.0,6,1,0.4,25,25,True,54,1.4548717020211092e-12,1.3502272475844202e-12
58,4.0,4.0,6,3,0.4,25,25,True,53,1.4738661680002707e-12,2.922335984312241e-12
58,4.0,4.0,6,6,0.4,25,25,True,56,1.4536982728685643e-12,2.9973246107317664e-12
58,4.0,8.0,1,1,0.4,25,25,True,54,1.4984246482496744e-12,1.4540790446715413e-12
58,4.0,8.0,1,3,0.4,25,25,True,55,1.4992451724538114e-12,3.0327684807929245e-12
58,4.0,8.0,1,6,0.4,25,25,True,59,1.5501488981328748e-12,3.2637226254905727e-12
58,4.0,8.0,3,1,0.4,25,25,True,54,1.4713118961021121e-12,1.4251356171557372e-12
58,4.0,8.0,3,3,0.4,25,25,True,55,1.5100004580048676e-12,3.036931817135269e-12
58,4.0,8.0,3,6,0.4,25,25,True,61,1.522393322517246e-12,3.2834290841776692e-12
58,4.0,8.0,6,1,0.4,25,25,True,54,1.4714364709317307e-12,1.4249376418390414e-12
58,4.0,8.0,6,3,0.4,25,25,True,54,1.4942352910551904e-12,2.9211078000912494e-12
58,4.0,8.0,6,6,0.4,25,25,True,59,1.557087792036782e-12,3.352707000914279e-12
58,4.0,16.0,1,1,0.4,25,25,True,53,1.4969032957612427e-12,3.013519989103486e-12
58,4.0,16.0,1,3,0.4,25,25,True,56,1.4791223801324804e-12,3.0447311338832606e-12
58,4.0,16.0,1,6,0.4,25,25,True,61,1.5766277172701848e-12,3.4520164504669992e-12
58,4.0,16.0,3,1,0.4,25,25,True,54,1.5137231745843138e-12,2.9567806536512364e-12
58,4.0,16.0,3,3,0.4,25,25,True,57,1.554173456597141e-12,3.198025178008379e-12
58,4.0,16.0,3,6,0.4,25,25,True,66,1.649458347685595e-12,3.880895604879697e-12
58,4.0,16.0,6,1,0.4,25,25,True,53,1.4708928519624465e-12,2.917558555859401e-12
58,4.0,16.0,6,3,0.4,25,25,True,56,1.5280277043672186e-12,3.04162250941431e-12
58,4.0,16.0,6,6,0.4,25,25,True,66,1.6437962102600068e-12,3.835709527777453e-12
58,8.0,4.0,1,1,0.4,25,25,True,54,1.4548717017564114e-12,1.3502272480079367e-12
58,8.0,4.0,1,3,0.4,25,25,True,54,1.4432795236718476e-12,2.8379104621834017e-12
58,8.0,4.0,1,6,0.4,25,25,True,55,1.4727108421652702e-12,2.9606039841922893e-12
58,8.0,4.0,3,1,0.4,25,25,True,54,1.454871700485862e-12,1.3502272471079641e-12
58,8.0,4.0,3,3,0.4,25,25,True,53,1.4749139409797607e-12,2.945074739635345e-12
58,8.0,4.0,3,6,0.4,25,25,True,55,1.5127898933542383e-12,3.050837360518699e-12
58,8.0,4.0,6,1,0.4,25,25,True,54,1.454871701438774e-12,1.3502272482196949e-12
58,8.0,4.0,6,3,0.4,25,25,True,53,1.4313376872632233e-12,2.8644100980024234e-12
58,8.0,4.0,6,6,0.4,25,25,True,55,1.5023260413471462e-12,2.9119207045624762e-12
58,8.0,8.0,1,1,0.4,25,25,True,54,1.4709242938254485e-12,1.4251022237288247e-12
58,8.0,8.0,1,3,0.4,25,25,True,54,1.505406910240481e-12,3.0329350142466183e-12
58,8.0,8.0,1,6,0.4,25,25,True,56,1.4827583605381278e-12,3.043287843951248e-12
58,8.0,8.0,3,1,0.4,25,25,True,54,1.4713627451840017e-12,1.4250049707939527e-12
58,8.0,8.0,3,3,0.4,25,25,True,54,1.4243467516550368e-12,2.8261004647589516e-12
58,8.0,8.0,3,6,0.4,25,25,True,57,1.5381029783156919e-12,3.1679103784654217e-12
58,8.0,8.0,6,1,0.4,25,25,True,54,1.4714229184045746e-12,1.4249031642099563e-12
58,8.0,8.0,6,3,0.4,25,25,True,54,1.3569007029090585e-12,2.622013717257232e-12
58,8.0,8.0,6,6,0.4,25,25,True,56,1.5178414081162828e-12,2.988831404593384e-12
58,8.0,16.0,1,1,0.4,25,25,True,53,1.4562101524617788e-12,2.9189498040871342e-12
58,8.0,16.0,1,3,0.4,25,25,True,55,1.4780676682590865e-12,2.9664326550715714e-12
58,8.0,16.0,1,6,0.4,25,25,True,56,1.4943601911454607e-12,3.0582203436324562e-12
58,8.0,16.0,3,1,0.4,25,25,True,53,1.4761282474129445e-12,2.9588623218224086e-12
58,8.0,16.0,3,3,0.4,25,25,True,55,1.5255019469861963e-12,2.9743429941220256e-12
58,8.0,16.0,3,6,0.4,25,25,True,59,1.5640821970919205e-12,3.350320021411335e-12
58,8.0,16.0,6,1,0.4,25,25,True,53,1.534501692379564e-12,3.0486169144694486e-12
58,8.0,16.0,6,3,0.4,25,25,True,55,1.5122347818419257e-12,3.00123814689357e-12
58,8.0,16.0,6,6,0.4,25,25,True,59,1.5703549571810527e-12,3.3354430328813578e-12
58,16.0,4.0,1,1,0.4,25,25,True,54,1.4548717030269608e-12,1.350227247372662e-12
58,16.0,4.0,1,3,0.4,25,25,True,53,1.4326734243397254e-12,2.86001777816125e-12
58,16.0,4.0,1,6,0.4,25,25,True,54,1.491501366857051e-12,2.9928837186332657e-12
58,16.0,4.0,3,1,0.4,25,25,True,54,1.454871699638829e-12,1.3502272471079641e-12
58,16.0,4.0,3,3,0.4,25,25,True,53,1.4831469385967466e-12,2.9242407106888635e-12
58,16.0,4.0,3,6,0.4,25,25,True,54,1.50204848559099e-12,3.0443425558246417e-12
58,16.0,4.0,6,1,0.4,25,25,True,54,1.4548716999035268e-12,1.3502272470550246e-12
58,16.0,4.0,6,3,0.4,25,25,True,53,1.4186672669946887e-12,2.837816787115699e-12
58,16.0,4.0,6,6,0.4,25,25,True,54,1.4658552149882098e-12,2.9480307084384094e-12
58,16.0,8.0,1,1,0.4,25,25,True,54,1.4711621677820919e-12,1.4249878403996274e-12
58,16.0,8.0,1,3,0.4,25,25,True,54,1.4342277365742007e-12,2.7444851946611948e-12
58,16.0,8.0,1,6,0.4,25,25,True,54,1.5137335829251697e-12,2.9650726318664056e-12
58,16.0,8.0,3,1,0.4,25,25,True,54,1.4713872481530998e-12,1.4249349313336102e-12
58,16.0,8.0,3,3,0.4,25,25,True,54,1.4588608099330713e-12,2.7800539648126232e-12
58,16.0,8.0,3,6,0.4,25,25,True,55,1.4974133044631799e-12,3.0593305666570814e-12
58,16.0,8.0,6,1,0.4,25,25,True,54,1.4714170637128432e-12,1.4248827812091136e-12
58,16.0,8.0,6,3,0.4,25,25,True,54,1.4858669850070783e-12,2.796984865938157e-12
58,16.0,8.0,6,6,0.4,25,25,True,55,1.4934720127257606e-12,3.0164759579065503e-12
58,16.0,16.0,1,1,0.4,25,25,True,53,1.485964129521733e-12,2.954803068888623e-12
58,16.0,16.0,1,3,0.4,25,25,True,54,1.499800283966124e-12,2.9907187837352467e-12
58,16.0,16.0,1,6,0.4,25,25,True,55,1.4852008511923032e-12,2.940647725324652e-12
58,16.0,16.0,3,1,0.4,25,25,True,53,1.451699871424239e-12,2.9048083383109713e-12
58,16.0,16.0,3,3,0.4,25,25,True,54,1.497774126946183e-12,3.0145053120378407e-12
58,16.0,16.0,3,6,0.4,25,25,True,56,1.478261957288396e-12,3.035127704720253e-12
58,16.0,16.0,6,1,0.4,25,25,True,53,1.532184101815659e-12,3.0737495881894006e-12
58,16.0,16.0,6,3,0.4,25,25,True,54,1.467936883159382e-12,2.928685072234316e-12
58,16.0,16.0,6,6,0.4,25,25,True,56,1.5201173653167643e-12,3.0189184485607257e-12
59,4.0,4.0,1,1,0.4,25,25,True,54,1.4548789498702806e-12,1.3502117191411564e-12
59,4.0,4.0,1,3,0.4,25,25,True,54,1.4702891681928065e-12,2.9355927411156557e-12
59,4.0,4.0,1,6,0.4,25,25,True,57,1.5311640844117846e-12,3.1142310952247954e-12
59,4.0,4.0,3,1,0.4,25,25,True,54,1.4548789510878905e-12,1.3502117166529971e-12
59,4.0,4.0,3,3,0.4,25,25,True,54,1.5014586796091578e-12,2.7756824616531617e-12
59,4.0,4.0,3,6,0.4,25,25,True,58,1.5440981826486677e-12,3.270050896730936e-12
59,4.0,4.0,6,1,0.4,25,25,True,54,1.4548789508761323e-12,1.3502117168118158e-12
59,4.0,4.0,6,3,0.4,25,25,True,53,1.4527684610854408e-12,2.9097418918766493e-12
59,4.0,4.0,6,6,0.4,25,25,True,56,1.4150625116116089e-12,2.922939668081881e-12
59,4.0,8.0,1,1,0.4,25,25,True,54,1.4805162304454278e-12,1.422442350539066e-12
59,4.0,8.0,1,3,0.4,25,25,True,55,1.5120404928126163e-12,3.066852327648917e-12
59,4.0,8.0,1,6,0.4,25,25,True,58,1.546318628697918e-12,3.2795988147427124e-12
59,4.0,8.0,3,1,0.4,25,25,True,54,1.481181496898465e-12,1.4223010789959911e-12
59,4.0,8.0,3,3,0.4,25,25,True,55,1.507807767531233e-12,3.0519198279677084e-12
59,4.0,8.0,3,6,0.4,25,25,True,61,1.5591972157835698e-12,3.2517877279758522e-12
59,4.0,8.0,6,1,0.4,25,25,True,54,1.4812887244933237e-12,1.4221438696809807e-12
59,4.0,8.0,6,3,0.4,25,25,True,54,1.50547629917952e-12,2.918748576163921e-12
59,4.0,8.0,6,6,0.4,25,25,True,59,1.567412866165796e-12,3.369915457795969e-12
59,4.0,16.0,1,1,0.4,25,25,True,53,1.5147189058595245e-12,3.037681217676891e-12
59,4.0,16.0,1,3,0.4,25,25,True,56,1.4425405314710815e-12,2.9693469905112124e-12
59,4.0,16.0,1,6,0.4,25,25,True,61,1.5658030427800895e-12,3.465339126762501e-12
59,4.0,16.0,3,1,0.4,25,25,True,54,1.470920607538062e-12,2.9184259175973892e-12
59,4.0,16.0,3,3,0.4,25,25,True,57,1.5404622022430203e-12,3.2371327840508e-12
59,4.0,16.0,3,6,0.4,25,25,True,66,1.6319723350477489e-12,3.83909570800256e-12
59,4.0,16.0,6,1,0.4,25,25,True,53,1.469203231296845e-12,2.8801197538008694e-12
59,4.0,16.0,6,3,0.4,25,25,True,56,1.5090151350705128e-12,2.966987766583884e-12
59,4.0,16.0,6,6,0.4,25,25,True,66,1.6430190541427692e-12,3.831324146830184e-12
59,8.0,4.0,1,1,0.4,25,25,True,54,1.4548789481762147e-12,1.3502117166000576e-12
59,8.0,4.0,1,3,0.4,25,25,True,54,1.4395429293045936e-12,2.8284319331106644e-12
59,8.0,4.0,1,6,0.4,25,25,True,55,1.514760539222948e-12,3.0358215941106437e-12
59,8.0,4.0,3,1,0.4,25,25,True,54,1.4548789508231927e-12,1.35021171871764e-12
59,8.0,4.0,3,3,0.4,25,25,True,53,1.465015608825837e-12,2.932341869321675e-12
59,8.0,4.0,3,6,0.4,25,25,True,55,1.5204504322241519e-12,3.037292639618272e-12
59,8.0,4.0,6,1,0.4,25,25,True,54,1.4548789496585224e-12,1.3502117159118433e-12
59,8.0,4.0,6,3,0.4,25,25,True,53,1.4294468386744086e-12,2.8596985890416704e-12
59,8.0,4.0,6,6,0.4,25,25,True,55,1.513567049471476e-12,2.874173121725221e-12
59,8.0,8.0,1,1,0.4,25,25,True,54,1.4808697887738753e-12,1.4222764676066757e-12
59,8.0,8.0,1,3,0.4,25,25,True,54,1.4983153606706878e-12,3.0160735020601237e-12
59,8.0,8.0,1,6,0.4,25,25,True,56,1.5264456365571277e-12,3.071320975323033e-12
59,8.0,8.0,3,1,0.4,25,25,True,54,1.4812292017940543e-12,1.42219591138526e-12
59,8.0,8.0,3,3,0.4,25,25,True,54,1.5081408344386205e-12,2.9435481829764854e-12
59,8.0,8.0,3,6,0.4,25,25,True,57,1.5096257577340566e-12,3.1069591344135006e-12
59,8.0,8.0,6,1,0.4,25,25,True,54,1.4812754972268194e-12,1.4221139457010201e-12
59,8.0,8.0,6,3,0.4,25,25,True,54,1.3495871087343403e-12,2.6090518634447335e-12
59,8.0,8.0,6,6,0.4,25,25,True,56,1.5295542610260782e-12,2.9697910797210625e-12
59,8.0,16.0,1,1,0.4,25,25,True,53,1.4575805840078004e-12,2.8814658992182274e-12
59,8.0,16.0,1,3,0.4,25,25,True,55,1.510791491909913e-12,2.9819202662650923e-12
59,8.0,16.0,1,6,0.4,25,25,True,56,1.5358825322664416e-12,3.0824232055692846e-12
59,8.0,16.0,3,1,0.4,25,25,True,53,1.4740222931131086e-12,2.9186479622023143e-12
59,8.0,16.0,3,3,0.4,25,25,True,55,1.4945822357503857e-12,2.9142244173385734e-12
59,8.0,16.0,3,6,0.4,25,25,True,59,1.5213941217950833e-12,3.2593372445433033e-12
59,8.0,16.0,6,1,0.4,25,25,True,53,1.4496459588286825e-12,2.8500361792804796e-12
59,8.0,16.0,6,3,0.4,25,25,True,55,1.4869494524560878e-12,2.94186897065174e-12
59,8.0,16.0,6,6,0.4,25,25,True,59,1.5494827643180997e-12,3.3063551896361787e-12
59,16.0,4.0,1,1,0.4,25,25,True,54,1.4548789506114345e-12,1.3502117184000026e-12
59,16.0,4.0,1,3,0.4,25,25,True,53,1.4300644002318563e-12,2.8555838249566534e-12
59,16.0,4.0,1,6,0.4,25,25,True,54,1.5079326676215032e-12,3.0037361486989766e-12
59,16.0,4.0,3,1,0.4,25,25,True,54,1.4548789495526433e-12,1.3502117172353323e-12
59,16.0,4.0,3,3,0.4,25,25,True,53,1.4791327884733363e-12,2.9180893812430497e-12
59,16.0,4.0,3,6,0.4,25,25,True,54,1.4921397450962104e-12,3.0160041131210846e-12
59,16.0,4.0,6,1,0.4,25,25,True,54,1.4548789489703081e-12,1.3502117172882718e-12
59,16.0,4.0,6,3,0.4,25,25,True,53,1.5001506981082713e-12,2.9192828709945218e-12
59,16.0,4.0,6,6,0.4,25,25,True,54,1.4584999874500681e-12,2.9306557181030257e-12
59,16.0,8.0,1,1,0.4,25,25,True,54,1.4810651620053572e-12,1.422185394624187e-12
59,16.0,8.0,1,3,0.4,25,25,True,54,1.4516304824852e-12,2.757113981566306e-12
59,16.0,8.0,1,6,0.4,25,25,True,54,1.504740776425706e-12,2.9518609778733662e-12
59,16.0,8.0,3,1,0.4,25,25,True,54,1.4812432964222966e-12,1.4221404002340288e-12
59,16.0,8.0,3,3,0.4,25,25,True,54,1.444525055127599e-12,2.759570350008289e-12
59,16.0,8.0,3,6,0.4,25,25,True,55,1.5212275883413895e-12,3.076261467782615e-12
59,16.0,8.0,6,1,0.4,25,25,True,54,1.481270076215957e-12,1.4220996342323433e-12
59,16.0,8.0,6,3,0.4,25,25,True,54,1.4835355166553654e-12,2.784938946120974e-12
59,16.0,8.0,6,6,0.4,25,25,True,55,1.4541146065027988e-12,2.9591884498358922e-12
59,16.0,16.0,1,1,0.4,25,25,True,53,1.4780537904712787e-12,2.936404591702413e-12
59,16.0,16.0,1,3,0.4,25,25,True,54,1.50204848559099e-12,3.021805028424751e-12
59,16.0,16.0,1,6,0.4,25,25,True,55,1.514233183286251e-12,2.961075828977755e-12
59,16.0,16.0,3,1,0.4,25,25,True,53,1.4517484436815664e-12,2.8690556874710893e-12
59,16.0,16.0,3,3,0.4,25,25,True,54,1.4827028493868966e-12,2.984112956738727e-12
59,16.0,16.0,3,6,0.4,25,25,True,56,1.4612200338603998e-12,2.99660296576576e-12
59,16.0,16.0,6,1,0.4,25,25,True,53,1.439581093221065e-12,2.834669998730277e-12
59,16.0,16.0,6,3,0.4,25,25,True,54,1.4557799410397365e-12,2.9010405189211497e-12
59,16.0,16.0,6,6,0.4,25,25,True,56,1.5153989174621074e-12,2.983280289470258e-12
60,4.0,4.0,1,1,0.4,25,25,True,54,1.4548846841774544e-12,1.3501994255696578e-12
60,4.0,4.0,1,3,0.4,25,25,True,54,1.493812018527052e-12,2.9767577292005853e-12
60,4.0,4.0,1,6,0.4,25,25,True,57,1.5031864641912307e-12,3.063993503360507e-12
60,4.0,4.0,3,1,0.4,25,25,True,54,1.4548846867185533e-12,1.3501994258872951e-12
60,4.0,4.0,3,3,0.4,25,25,True,54,1.4927260816310906e-12,2.7598340279766376e-12
60,4.0,4.0,3,6,0.4,25,25,True,58,1.516481384911117e-12,3.198191711462073e-12
60,4.0,4.0,6,1,0.4,25,25,True,54,1.4548846866656137e-12,1.3501994252520204e-12
60,4.0,4.0,6,3,0.4,25,25,True,53,1.4494794253749888e-12,2.901755224993252e-12
60,4.0,4.0,6,6,0.4,25,25,True,56,1.3851975122491922e-12,2.854105840555121e-12
60,4.0,8.0,1,1,0.4,25,25,True,54,1.4896049888371565e-12,1.419849047362698e-12
60,4.0,8.0,1,3,0.4,25,25,True,55,1.4907103329520055e-12,3.0225405511785652e-12
60,4.0,8.0,1,6,0.4,25,25,True,58,1.5640266859406893e-12,3.2610580902314723e-12
60,4.0,8.0,3,1,0.4,25,25,True,54,1.4901413436518851e-12,1.4197348808739352e-12
60,4.0,8.0,3,3,0.4,25,25,True,54,1.505628954845406e-12,3.0157265573649283e-12
60,4.0,8.0,3,6,0.4,25,25,True,61,1.5662471319899396e-12,3.4554581418433372e-12
60,4.0,8.0,6,1,0.4,25,25,True,54,1.4902273208841632e-12,1.4196090050017096e-12
60,4.0,8.0,6,3,0.4,25,25,True,54,1.4924450564279823e-12,2.8932828355365814e-12
60,4.0,8.0,6,6,0.4,25,25,True,59,1.5350498649979727e-12,3.3052449666115535e-12
60,4.0,16.0,1,1,0.4,25,25,True,53,1.4880180421172895e-12,2.9909616450218834e-12
60,4.0,16.0,1,3,0.4,25,25,True,56,1.500466417780899e-12,2.993466585721194e-12
60,4.0,16.0,1,6,0.4,25,25,True,61,1.5828449662080857e-12,3.4965919049056993e-12
60,4.0,16.0,3,1,0.4,25,25,True,54,1.4311538065747698e-12,2.8807234375705093e-12
60,4.0,16.0,3,3,0.4,25,25,True,57,1.5107359807586818e-12,3.1402658251522553e-12
60,4.0,16.0,3,6,0.4,25,25,True,66,1.6261436641684668e-12,3.709699214482498e-12
60,4.0,16.0,6,1,0.4,25,25,True,53,1.4679576998410937e-12,2.84208073741965e-12
60,4.0,16.0,6,3,0.4,25,25,True,56,1.5087653348899721e-12,3.0926927685470673e-12
60,4.0,16.0,6,6,0.4,25,25,True,66,1.643407632201388e-12,3.8363756615922284e-12
60,8.0,4.0,1,1,0.4,25,25,True,54,1.454884685183306e-12,1.350199424934383e-12
60,8.0,4.0,1,3,0.4,25,25,True,54,1.4360526656709283e-12,2.8187660539025217e-12
60,8.0,4.0,1,6,0.4,25,25,True,55,1.5143719611643292e-12,3.022859740298145e-12
60,8.0,4.0,3,1,0.4,25,25,True,54,1.4548846866126741e-12,1.3501994251990808e-12
60,8.0,4.0,3,3,0.4,25,25,True,53,1.5007335651961995e-12,2.968784940104996e-12
60,8.0,4.0,3,6,0.4,25,25,True,55,1.5019374632885274e-12,2.998323811453929e-12
60,8.0,4.0,6,1,0.4,25,25,True,54,1.4548846850244874e-12,1.3501994246167457e-12
60,8.0,4.0,6,3,0.4,25,25,True,53,1.427913343121645e-12,2.8546019714692505e-12
60,8.0,4.0,6,6,0.4,25,25,True,55,1.5109025142123755e-12,3.0577484988469905e-12
60,8.0,8.0,1,1,0.4,25,25,True,54,1.489892193992648e-12,1.4197152568146132e-12
60,8.0,8.0,1,3,0.4,25,25,True,54,1.4886286647808333e-12,2.996311532221796e-12
60,8.0,8.0,1,6,0.4,25,25,True,56,1.5185630530822891e-12,3.122113678699634e-12
60,8.0,8.0,3,1,0.4,25,25,True,54,1.4901782065257496e-12,1.4196511804662193e-12
60,8.0,8.0,3,3,0.4,25,25,True,54,1.4992174168781958e-12,2.9202196216715492e-12
60,8.0,8.0,3,6,0.4,25,25,True,57,1.4792056468593273e-12,3.0482283364108298e-12
60,8.0,8.0,6,1,0.4,25,25,True,54,1.4902200567296076e-12,1.4195845020326114e-12
60,8.0,8.0,6,3,0.4,25,25,True,54,1.4982459717316488e-12,2.85074741590563e-12
60,8.0,8.0,6,6,0.4,25,25,True,56,1.512734382203007e-12,2.9221625119646433e-12
60,8.0,16.0,1,1,0.4,25,25,True,53,1.479157074602e-12,2.9719768313007933e-12
60,8.0,16.0,1,3,0.4,25,25,True,55,1.49411039096492e-12,2.9490576647361877e-12
60,8.0,16.0,1,6,0.4,25,25,True,56,1.5381584894669231e-12,3.1913360842850125e-12
60,8.0,16.0,3,1,0.4,25,25,True,53,1.472273691849324e-12,2.8779305327741866e-12
60,8.0,16.0,3,3,0.4,25,25,True,55,1.5203394099216894e-12,3.064881681780207e-12
60,8.0,16.0,3,6,0.4,25,25,True,59,1.5398238240038609e-12,3.2392977189488192e-12
60,8.0,16.0,6,1,0.4,25,25,True,53,1.450204539787947e-12,2.814862926081574e-12
60,8.0,16.0,6,3,0.4,25,25,True,55,1.4932777236964512e-12,2.9433122605837525e-12
60,8.0,16.0,6,6,0.4,25,25,True,59,1.546762717907768e-12,3.319344799024293e-12
60,16.0,4.0,1,1,0.4,25,25,True,54,1.4548846868244324e-12,1.350199424828504e-12
60,16.0,4.0,1,3,0.4,25,25,True,53,1.4272021064964946e-12,2.8511047689416813e-12
60,16.0,4.0,1,6,0.4,25,25,True,54,1.5031309530399994e-12,2.993327807843116e-12
60,16.0,4.0,3,1,0.4,25,25,True,54,1.4548846867714928e-12,1.3501994244049875e-12
60,16.0,4.0,3,3,0.4,25,25,True,53,1.4744074017247755e-12,2.9116917210636473e-12
60,16.0,4.0,3,6,0.4,25,25,True,54,1.5112078255441475e-12,3.0279945217870363e-12
60,16.0,4.0,6,1,0.4,25,25,True,54,1.4548846869303115e-12,1.35019942530496e-12
60,16.0,4.0,6,3,0.4,25,25,True,53,1.4981141327474745e-12,2.9166877246744605e-12
60,16.0,4.0,6,6,0.4,25,25,True,54,1.4513668045168515e-12,2.9140856394604953e-12
60,16.0,8.0,1,1,0.4,25,25,True,54,1.4900456086000546e-12,1.419640555284929e-12
60,16.0,8.0,1,3,0.4,25,25,True,54,1.467867494220343e-12,2.768479889780906e-12
60,16.0,8.0,1,6,0.4,25,25,True,54,1.499578239361199e-12,2.939093413090177e-12
60,16.0,8.0,3,1,0.4,25,25,True,54,1.4901959874413784e-12,1.4196070534377991e-12
60,16.0,8.0,3,3,0.4,25,25,True,54,1.4309248230759408e-12,2.7396418467162675e-12
60,16.0,8.0,3,6,0.4,25,25,True,55,1.508848601616819e-12,3.0478952695034423e-12
60,16.0,8.0,6,1,0.4,25,25,True,54,1.490218105165697e-12,1.419572575808714e-12
60,16.0,8.0,6,3,0.4,25,25,True,54,1.4815232374232323e-12,2.7736007934819895e-12
60,16.0,8.0,6,6,0.4,25,25,True,55,1.4411249971146844e-12,2.9065083673174286e-12
60,16.0,16.0,1,1,0.4,25,25,True,53,1.4439491269335747e-12,2.8748808889034194e-12
60,16.0,16.0,1,3,0.4,25,25,True,54,1.4941659021161513e-12,3.0115354654469684e-12
60,16.0,16.0,1,6,0.4,25,25,True,55,1.5128454045054696e-12,3.0800917372175718e-12
60,16.0,16.0,3,1,0.4,25,25,True,53,1.4560505579019889e-12,2.8326369028164322e-12
60,16.0,16.0,3,3,0.4,25,25,True,54,1.4674650383739163e-12,2.9546642910105447e-12
60,16.0,16.0,3,6,0.4,25,25,True,56,1.533828619670885e-12,3.0869196088190165e-12
60,16.0,16.0,6,1,0.4,25,25,True,53,1.4408994830628075e-12,2.8008394215017773e-12
60,16.0,16.0,6,3,0.4,25,25,True,54,1.4437617767981692e-12,2.8749502778424585e-12
60,16.0,16.0,6,6,0.4,25,25,True,56,1.5100698469439067e-12,2.9524160893856788e-12
61,4.0,4.0,1,1,0.4,25,25,True,54,1.4548892228711534e-12,1.3501896980050635e-12
61,4.0,4.0,1,3,0.4,25,25,True,54,1.4857975960680392e-12,2.9597851947116283e-12
61,4.0,4.0,1,6,0.4,25,25,True,57,1.5112910922709943e-12,3.0513924720310115e-12
61,4.0,4.0,3,1,0.4,25,25,True,54,1.4548892237975957e-12,1.3501896987197475e-12
61,4.0,4.0,3,3,0.4,25,25,True,54,1.4842502227274679e-12,2.7446517281148886e-12
61,4.0,4.0,3,6,0.4,25,25,True,57,1.5495937866205622e-12,3.2454039455842576e-12
61,4.0,4.0,6,1,0.4,25,25,True,54,1.4548892226064556e-12,1.3501896976874261e-12
61,4.0,4.0,6,3,0.4,25,25,True,53,1.4464124342694618e-12,2.8934181439677076e-12
61,4.0,4.0,6,6,0.4,25,25,True,56,1.5187573421115985e-12,2.9543867352543884e-12
61,4.0,8.0,1,1,0.4,25,25,True,54,1.4978268191717659e-12,1.417506628569043e-12
61,4.0,8.0,1,3,0.4,25,25,True,55,1.4701295736330167e-12,2.9803243206671937e-12
61,4.0,8.0,1,6,0.4,25,25,True,58,1.563305040974683e-12,3.3345548544616577e-12
61,4.0,8.0,3,1,0.4,25,25,True,54,1.4982625058147792e-12,1.4174127908710143e-12
61,4.0,8.0,3,3,0.4,25,25,True,54,1.476610500539266e-12,2.9541508128616556e-12
61,4.0,8.0,3,6,0.4,25,25,True,61,1.5403789355161734e-12,3.3551494915684543e-12
61,4.0,8.0,6,1,0.4,25,25,True,54,1.4983352015704443e-12,1.4173126648003853e-12
61,4.0,8.0,6,3,0.4,25,25,True,54,1.4993145613928505e-12,2.888453365379462e-12
61,4.0,8.0,6,6,0.4,25,25,True,59,1.4682144389155383e-12,3.159195127722114e-12
61,4.0,16.0,1,1,0.4,25,25,True,53,1.4718434804272817e-12,2.942590615617746e-12
61,4.0,16.0,1,3,0.4,25,25,True,56,1.5328016633731067e-12,3.1784019860481294e-12
61,4.0,16.0,1,6,0.4,25,25,True,61,1.5598078384471137e-12,3.423317185280439e-12
61,4.0,16.0,3,1,0.4,25,25,True,54,1.4381447421829563e-12,2.843583007949846e-12
61,4.0,16.0,3,3,0.4,25,25,True,57,1.5220047444586271e-12,3.1235569686316467e-12
61,4.0,16.0,3,6,0.4,25,25,True,66,1.6525114610033143e-12,3.792355318665841e-12
61,4.0,16.0,6,1,0.4,25,25,True,53,1.467256871556799e-12,2.8036323262981e-12
61,4.0,16.0,6,3,0.4,25,25,True,56,1.5112910922709943e-12,3.045230734244342e-12
61,4.0,16.0,6,6,0.4,25,25,True,66,1.6405765634885938e-12,3.79540843198356e-12
61,8.0,4.0,1,1,0.4,25,25,True,54,1.4548892221829391e-12,1.3501896974227283e-12
61,8.0,4.0,1,3,0.4,25,25,True,54,1.4327150577031489e-12,2.8088989467711656e-12
61,8.0,4.0,1,6,0.4,25,25,True,55,1.5045187318207809e-12,3.0018765251327295e-12
61,8.0,4.0,3,1,0.4,25,25,True,54,1.4548892235593677e-12,1.350189697952124e-12
61,8.0,4.0,3,3,0.4,25,25,True,53,1.4915881030308498e-12,2.9561700309876926e-12
61,8.0,4.0,3,6,0.4,25,25,True,55,1.5251688800788088e-12,3.0035141040940516e-12
61,8.0,4.0,6,1,0.4,25,25,True,54,1.45488922207706e-12,1.3501896975021377e-12
61,8.0,4.0,6,3,0.4,25,25,True,53,1.435917357239802e-12,2.8490751424747884e-12
61,8.0,4.0,6,6,0.4,25,25,True,55,1.5107082251830661e-12,3.0374036619207345e-12
61,8.0,8.0,1,1,0.4,25,25,True,54,1.4980624705139556e-12,1.4174002141258135e-12
61,8.0,8.0,1,3,0.4,25,25,True,54,1.4791917690715195e-12,2.976785484776201e-12
61,8.0,8.0,1,6,0.4,25,25,True,55,1.5233925232394085e-12,3.120392833011465e-12
61,8.0,8.0,3,1,0.4,25,25,True,54,1.4982893398185482e-12,1.4173452992857771e-12
61,8.0,8.0,3,3,0.4,25,25,True,54,1.5064754999016827e-12,3.0180996590800646e-12
61,8.0,8.0,3,6,0.4,25,25,True,57,1.52433621281034e-12,3.1206703887676213e-12
61,8.0,8.0,6,1,0.4,25,25,True,54,1.4983259316418696e-12,1.417293094951172e-12
61,8.0,8.0,6,3,0.4,25,25,True,54,1.4925005675792136e-12,2.83817414015175e-12
61,8.0,8.0,6,6,0.4,25,25,True,56,1.5273338149768279e-12,3.1127878052927827e-12
61,8.0,16.0,1,1,0.4,25,25,True,53,1.4551138072249614e-12,2.9162991466158417e-12
61,8.0,16.0,1,3,0.4,25,25,True,55,1.4779011348053928e-12,2.9172775306562926e-12
61,8.0,16.0,1,6,0.4,25,25,True,56,1.5241696793566462e-12,3.1557534363457762e-12
61,8.0,16.0,3,1,0.4,25,25,True,53,1.4711599993777469e-12,2.8370084059758938e-12
61,8.0,16.0,3,3,0.4,25,25,True,55,1.5177581413894359e-12,3.0327129696416932e-12
61,8.0,16.0,3,6,0.4,25,25,True,59,1.5618617510426702e-12,3.2245317527213047e-12
61,8.0,16.0,6,1,0.4,25,25,True,53,1.4509816959051847e-12,2.778888230636767e-12
61,8.0,16.0,6,3,0.4,25,25,True,55,1.4977463713705674e-12,2.954331224103157e-12
61,8.0,16.0,6,6,0.4,25,25,True,59,1.5201728764679956e-12,3.238576073982813e-12
61,16.0,4.0,1,1,0.4,25,25,True,54,1.4548892240358237e-12,1.3501896973697888e-12
61,16.0,4.0,1,3,0.4,25,25,True,53,1.424260015481238e-12,2.8465806101163338e-12
61,16.0,4.0,1,6,0.4,25,25,True,54,1.5064061109626437e-12,3.033323592305237e-12
61,16.0,4.0,3,1,0.4,25,25,True,54,1.4548892227652743e-12,1.3501896976344866e-12
61,16.0,4.0,3,3,0.4,25,25,True,53,1.4693385397279712e-12,2.904898543931722e-12
61,16.0,4.0,3,6,0.4,25,25,True,54,1.5029644195863057e-12,3.0095925751538743e-12
61,16.0,4.0,6,1,0.4,25,25,True,54,1.4548892224741067e-12,1.350189697449198e-12
61,16.0,4.0,6,3,0.4,25,25,True,53,1.4957757255018578e-12,2.933254333870039e-12
61,16.0,4.0,6,6,0.4,25,25,True,54,1.4917789226132072e-12,2.9601321394068236e-12
61,16.0,8.0,1,1,0.4,25,25,True,54,1.4981876958648777e-12,1.4173407998467613e-12
61,16.0,8.0,1,3,0.4,25,25,True,54,1.4824946825697793e-12,2.7789714973636137e-12
61,16.0,8.0,1,6,0.4,25,25,True,54,1.4923062785499042e-12,2.926159314853294e-12
61,16.0,8.0,3,1,0.4,25,25,True,54,1.4983085844071098e-12,1.4173113637577783e-12
61,16.0,8.0,3,3,0.4,25,25,True,54,1.4177270468707093e-12,2.7205598884805227e-12
61,16.0,8.0,3,6,0.4,25,25,True,55,1.5173418077552014e-12,3.043787444312329e-12
61,16.0,8.0,6,1,0.4,25,25,True,54,1.4983230585061125e-12,1.4172846923843352e-12
61,16.0,8.0,6,3,0.4,25,25,True,53,1.5011325515956742e-12,2.985320324278007e-12
61,16.0,8.0,6,6,0.4,25,25,True,55,1.4268586312482512e-12,2.856048730848215e-12
61,16.0,16.0,1,1,0.4,25,25,True,53,1.4480534826777358e-12,2.8357732828609983e-12
61,16.0,16.0,1,3,0.4,25,25,True,54,1.4975243267656424e-12,3.0090652192171774e-12
61,16.0,16.0,1,6,0.4,25,25,True,55,1.504962821030631e-12,3.063771458755582e-12
61,16.0,16.0,3,1,0.4,25,25,True,53,1.4528656056000955e-12,2.795486064854913e-12
61,16.0,16.0,3,3,0.4,25,25,True,54,1.454697473590727e-12,2.9272417823023034e-12
61,16.0,16.0,3,6,0.4,25,25,True,56,1.5140666498325572e-12,3.0482283364108298e-12
61,16.0,16.0,6,1,0.4,25,25,True,53,1.4425960426223128e-12,2.766294138201175e-12
61,16.0,16.0,6,3,0.4,25,25,True,54,1.4334644582447709e-12,2.850830682632477e-12
61,16.0,16.0,6,6,0.4,25,25,True,56,1.4852008511923032e-12,2.8969604493056522e-12
62,4.0,4.0,1,1,0.4,25,25,True,54,1.4548928120409185e-12,1.3501820028695563e-12
62,4.0,4.0,1,3,0.4,25,25,True,54,1.4499304534787427e-12,2.9071189899809724e-12
62,4.0,4.0,1,6,0.4,25,25,True,57,1.5324408408901036e-12,3.0526692285093304e-12
62,4.0,4.0,3,1,0.4,25,25,True,54,1.4548928099233361e-12,1.3501820028960261e-12
62,4.0,4.0,3,3,0.4,25,25,True,53,1.5007092790675358e-12,2.9849699101358595e-12
62,4.0,4.0,3,6,0.4,25,25,True,57,1.54706802923954e-12,3.253147751181018e-12
62,4.0,4.0,6,1,0.4,25,25,True,54,1.454892811246825e-12,1.3501820028960261e-12
62,4.0,4.0,6,3,0.4,25,25,True,53,1.4435778961097157e-12,2.8848208544207665e-12
62,4.0,4.0,6,6,0.4,25,25,True,56,1.5235590566931023e-12,3.140432358605949e-12
62,4.0,8.0,1,1,0.4,25,25,True,54,1.4980586215962433e-12,1.3983545224527383e-12
62,4.0,8.0,1,3,0.4,25,25,True,55,1.500549684507746e-12,2.990246938949781e-12
62,4.0,8.0,1,6,0.4,25,25,True,58,1.5391021790378545e-12,3.270272941335861e-12
62,4.0,8.0,3,1,0.4,25,25,True,54,1.4876272956543257e-12,1.396783350874481e-12
62,4.0,8.0,3,3,0.4,25,25,True,54,1.5002860065393975e-12,3.047381791354553e-12
62,4.0,8.0,3,6,0.4,25,25,True,61,1.5859535906770361e-12,3.3344993433104264e-12
62,4.0,8.0,6,1,0.4,25,25,True,54,1.4877139234079073e-12,1.3967333691543293e-12
62,4.0,8.0,6,3,0.4,25,25,True,54,1.4912793222521259e-12,2.8686081288142873e-12
62,4.0,8.0,6,6,0.4,25,25,True,59,1.5481504966885495e-12,3.175126828125485e-12
62,4.0,16.0,1,1,0.4,25,25,True,53,1.5120751872821359e-12,3.0159451325229014e-12
62,4.0,16.0,1,3,0.4,25,25,True,56,1.5069334668993406e-12,3.1130098498977077e-12
62,4.0,16.0,1,6,0.4,25,25,True,61,1.571076602147059e-12,3.46661588324082e-12
62,4.0,16.0,3,1,0.4,25,25,True,54,1.4458781394388609e-12,2.807067078780534e-12
62,4.0,16.0,3,3,0.4,25,25,True,57,1.4691026173352384e-12,3.0087599078854055e-12
62,4.0,16.0,3,6,0.4,25,25,True,66,1.6509016376176078e-12,3.883449117836335e-12
62,4.0,16.0,6,1,0.4,25,25,True,53,1.4667607406426697e-12,2.7647606426484117e-12
62,4.0,16.0,6,3,0.4,25,25,True,56,1.5252521468056557e-12,3.137601289893155e-12
62,4.0,16.0,6,6,0.4,25,25,True,66,1.627253887193092e-12,3.764821787655137e-12
62,8.0,4.0,1,1,0.4,25,25,True,54,1.4548928119350394e-12,1.3501820032401333e-12
62,8.0,4.0,1,3,0.4,25,25,True,54,1.5338008640952694e-12,3.01292324422775e-12
62,8.0,4.0,1,6,0.4,25,25,True,55,1.5110690476660693e-12,2.997740944366001e-12
62,8.0,4.0,3,1,0.4,25,25,True,54,1.4548928121467976e-12,1.3501820027636772e-12
62,8.0,4.0,3,3,0.4,25,25,True,53,1.481325478946971e-12,2.942826538010479e-12
62,8.0,4.0,3,6,0.4,25,25,True,55,1.511846203783307e-12,2.9707625248676095e-12
62,8.0,4.0,6,1,0.4,25,25,True,54,1.454892811008597e-12,1.3501820036901195e-12
62,8.0,4.0,6,3,0.4,25,25,True,53,1.4732555453367269e-12,2.8645419369865976e-12
62,8.0,4.0,6,6,0.4,25,25,True,55,1.4974688156144111e-12,2.9931890299650377e-12
62,8.0,8.0,1,1,0.4,25,25,True,54,1.488590609284579e-12,1.396741338040297e-12
62,8.0,8.0,1,3,0.4,25,25,True,54,1.4709067297502543e-12,2.958897016291928e-12
62,8.0,8.0,1,6,0.4,25,25,True,55,1.5117906926320757e-12,3.092581746244605e-12
62,8.0,8.0,3,1,0.4,25,25,True,54,1.4876707721614424e-12,1.3967490358757217e-12
62,8.0,8.0,3,3,0.4,25,25,True,54,1.5066836667188e-12,3.005512505538377e-12
62,8.0,8.0,3,6,0.4,25,25,True,57,1.4979684159754925e-12,3.063771458755582e-12
62,8.0,8.0,6,1,0.4,25,25,True,54,1.4877118634237796e-12,1.396722743973039e-12
62,8.0,8.0,6,3,0.4,25,25,True,54,1.48649148545843e-12,2.8261976092736063e-12
62,8.0,8.0,6,6,0.4,25,25,True,56,1.499578239361199e-12,3.048505892166986e-12
62,8.0,16.0,1,1,0.4,25,25,True,53,1.4554121796628294e-12,2.8710020472111353e-12
62,8.0,16.0,1,3,0.4,25,25,True,55,1.5110690476660693e-12,3.026134898220789e-12
62,8.0,16.0,1,6,0.4,25,25,True,56,1.5373813333496855e-12,3.151590100003432e-12
62,8.0,16.0,3,1,0.4,25,25,True,53,1.4702961070867104e-12,2.795697701118982e-12
62,8.0,16.0,3,3,0.4,25,25,True,55,1.488503764690563e-12,2.974176460668332e-12
62,8.0,16.0,3,6,0.4,25,25,True,59,1.5673018438633335e-12,3.19211324040225e-12
62,8.0,16.0,6,1,0.4,25,25,True,53,1.451935793816972e-12,2.742216176354617e-12
62,8.0,16.0,6,3,0.4,25,25,True,54,1.4943046799942294e-12,3.0122015992617435e-12
62,8.0,16.0,6,6,0.4,25,25,True,59,1.5026868638301494e-12,3.1569191705216326e-12
62,16.0,4.0,1,1,0.4,25,25,True,54,1.4548928120673883e-12,1.350182002922496e-12
62,16.0,4.0,1,3,0.4,25,25,True,53,1.4209119991726027e-12,2.8419662456702355e-12
62,16.0,4.0,1,6,0.4,25,25,True,54,1.5026035971033025e-12,3.0238589410203076e-12
62,16.0,4.0,3,1,0.4,25,25,True,54,1.454892811246825e-12,1.3501820028166168e-12
62,16.0,4.0,3,3,0.4,25,25,True,53,1.4633225187132837e-12,2.897512091371013e-12
62,16.0,4.0,3,6,0.4,25,25,True,54,1.4976631046437205e-12,2.9963531655852194e-12
62,16.0,4.0,6,1,0.4,25,25,True,54,1.4548928120144487e-12,1.3501820025783888e-12
62,16.0,4.0,6,3,0.4,25,25,True,53,1.493138945818373e-12,2.910661295318917e-12
62,16.0,4.0,6,6,0.4,25,25,True,54,1.4936385461794544e-12,2.9531932455029164e-12
62,16.0,8.0,1,1,0.4,25,25,True,54,1.4875692908380977e-12,1.3967277313030324e-12
62,16.0,8.0,1,3,0.4,25,25,True,54,1.496802681799636e-12,2.788658193253468e-12
62,16.0,8.0,1,6,0.4,25,25,True,54,1.4872547637878597e-12,2.9134472612213358e-12
62,16.0,8.0,3,1,0.4,25,25,True,54,1.4876903962207644e-12,1.3967287612950963e-12
62,16.0,8.0,3,3,0.4,25,25,True,54,1.405250915631484e-12,2.7024077420279013e-12
62,16.0,8.0,3,6,0.4,25,25,True,55,1.5027978861326119e-12,3.0209723611562822e-12
62,16.0,8.0,6,1,0.4,25,25,True,54,1.4877107250114985e-12,1.3967171603318507e-12
62,16.0,8.0,6,3,0.4,25,25,True,53,1.4969969708289455e-12,2.9793528755206466e-12
62,16.0,8.0,6,6,0.4,25,25,True,55,1.4142020887675244e-12,2.808031585033177e-12
62,16.0,16.0,1,1,0.4,25,25,True,53,1.4464193731633657e-12,2.795940562405619e-12
62,16.0,16.0,1,3,0.4,25,25,True,54,1.5031309530399994e-12,3.0066782397142333e-12
62,16.0,16.0,1,6,0.4,25,25,True,55,1.4968581929508673e-12,3.0486169144694486e-12
62,16.0,16.0,3,1,0.4,25,25,True,53,1.453649700611237e-12,2.7576760319725224e-12
62,16.0,16.0,3,3,0.4,25,25,True,54,1.4403200854218312e-12,2.8998470291696776e-12
62,16.0,16.0,3,6,0.4,25,25,True,56,1.4972467710094861e-12,3.009703597456337e-12
62,16.0,16.0,6,1,0.4,25,25,True,53,1.4473838794160088e-12,2.7307461847314585e-12
62,16.0,16.0,6,3,0.4,25,25,True,54,1.4229728506620631e-12,2.827182932207961e-12
62,16.0,16.0,6,6,0.4,25,25,True,56,1.456113007947124e-12,2.8425595210990195e-12
63,4.0,4.0,1,1,0.4,25,25,True,54,1.4548956487013193e-12,1.3501759186848358e-12
63,4.0,4.0,1,3,0.4,25,25,True,54,1.4970143180637052e-12,2.9527907896564898e-12
63,4.0,4.0,1,6,0.4,25,25,True,57,1.5065726444163374e-12,3.0072055956509303e-12
63,4.0,4.0,3,1,0.4,25,25,True,54,1.4548956487542588e-12,1.3501759176525144e-12
63,4.0,4.0,3,3,0.4,25,25,True,53,1.493669771202022e-12,2.9693331127234046e-12
63,4.0,4.0,3,6,0.4,25,25,True,57,1.528138726669681e-12,3.2094327195864025e-12
63,4.0,4.0,6,1,0.4,25,25,True,54,1.454895648727789e-12,1.3501759177848633e-12
63,4.0,4.0,6,3,0.4,25,25,True,53,1.441079894304309e-12,2.8756302894450414e-12
63,4.0,4.0,6,6,0.4,25,25,True,56,1.5222267890635521e-12,3.1083746687698977e-12
63,4.0,8.0,1,1,0.4,25,25,True,54,1.4397549450394231e-12,1.3821839723107687e-12
63,4.0,8.0,1,3,0.4,25,25,True,55,1.4811346593646135e-12,2.9513891330879005e-12
63,4.0,8.0,1,6,0.4,25,25,True,58,1.5099588246414442e-12,3.202216269926339e-12
63,4.0,8.0,3,1,0.4,25,25,True,54,1.4961003356323e-12,1.3967674131025454e-12
63,4.0,8.0,3,3,0.4,25,25,True,54,1.475042310516983e-12,2.9939384305066596e-12
63,4.0,8.0,3,6,0.4,25,25,True,61,1.5752954496406346e-12,3.259059688787147e-12
63,4.0,8.0,6,1,0.4,25,25,True,54,1.4961704293027511e-12,1.3967291949759653e-12
63,4.0,8.0,6,3,0.4,25,25,True,54,1.4740569875826282e-12,2.840949697713313e-12
63,4.0,8.0,6,6,0.4,25,25,True,59,1.525446435834965e-12,3.082534227871747e-12
63,4.0,16.0,1,1,0.4,25,25,True,53,1.4693454786218751e-12,2.960187650558055e-12
63,4.0,16.0,1,3,0.4,25,25,True,56,1.533523308339113e-12,3.104017043398244e-12
63,4.0,16.0,1,6,0.4,25,25,True,61,1.5311640844117846e-12,3.3736902160796944e-12
63,4.0,16.0,3,1,0.4,25,25,True,53,1.4990786390001176e-12,2.8224297898837847e-12
63,4.0,16.0,3,3,0.4,25,25,True,57,1.5351608873004352e-12,3.0243862969570046e-12
63,4.0,16.0,3,6,0.4,25,25,True,66,1.627031842588167e-12,3.836098105836072e-12
63,4.0,16.0,6,1,0.4,25,25,True,53,1.494044471472833e-12,3.0001348627628488e-12
63,4.0,16.0,6,3,0.4,25,25,True,56,1.4894474542614944e-12,3.054584363226809e-12
63,4.0,16.0,6,6,0.4,25,25,True,65,1.6198709040793347e-12,3.670286297108305e-12
63,8.0,4.0,1,1,0.4,25,25,True,54,1.454895648727789e-12,1.3501759186848358e-12
63,8.0,4.0,1,3,0.4,25,25,True,54,1.4516061963565363e-12,2.9357002939711663e-12
63,8.0,4.0,1,6,0.4,25,25,True,55,1.5004386622052834e-12,2.977090796107973e-12
63,8.0,4.0,3,1,0.4,25,25,True,54,1.4548956471396023e-12,1.350175917943682e-12
63,8.0,4.0,3,3,0.4,25,25,True,53,1.4696160954841275e-12,2.928473435970247e-12
63,8.0,4.0,3,6,0.4,25,25,True,55,1.4939716130868419e-12,2.9351521213527576e-12
63,8.0,4.0,6,1,0.4,25,25,True,54,1.4548956488336682e-12,1.350175917705454e-12
63,8.0,4.0,6,3,0.4,25,25,True,53,1.4989121055464238e-12,2.9255139977202305e-12
63,8.0,4.0,6,6,0.4,25,25,True,55,1.5113743589978412e-12,2.97761815204467e-12
63,8.0,8.0,1,1,0.4,25,25,True,54,1.4969659084367037e-12,1.3967350496676967e-12
63,8.0,8.0,1,3,0.4,25,25,True,54,1.462177601219139e-12,2.941244470200388e-12
63,8.0,8.0,1,6,0.4,25,25,True,55,1.4986345497902676e-12,3.0645486148728196e-12
63,8.0,8.0,3,1,0.4,25,25,True,54,1.4961325364368228e-12,1.3967394948966039e-12
63,8.0,8.0,3,3,0.4,25,25,True,54,1.4943046799942294e-12,2.9802410539403468e-12
63,8.0,8.0,3,6,0.4,25,25,True,57,1.5250578577763463e-12,3.064437592570357e-12
63,8.0,8.0,6,1,0.4,25,25,True,54,1.496168423528732e-12,1.3967204129383681e-12
63,8.0,8.0,6,3,0.4,25,25,True,54,1.4978712714608378e-12,2.9882762930810713e-12
63,8.0,8.0,6,6,0.4,25,25,True,56,1.470545907267251e-12,2.98733260351014e-12
63,8.0,16.0,1,1,0.4,25,25,True,53,1.4559985161977096e-12,2.825552292140543e-12
63,8.0,16.0,1,3,0.4,25,25,True,55,1.513039693534779e-12,3.059136277627772e-12
63,8.0,16.0,1,6,0.4,25,25,True,56,1.5201173653167643e-12,3.1168956304838957e-12
63,8.0,16.0,3,1,0.4,25,25,True,53,1.4699144679219955e-12,2.754123318293722e-12
63,8.0,16.0,3,3,0.4,25,25,True,55,1.5049905766062466e-12,3.076344734509462e-12
63,8.0,16.0,3,6,0.4,25,25,True,59,1.530386928294547e-12,3.1129543387464764e-12
63,8.0,16.0,6,1,0.4,25,25,True,53,1.487157619273205e-12,2.978867152947373e-12
63,8.0,16.0,6,3,0.4,25,25,True,54,1.4689915950327759e-12,2.9645452759297086e-12
63,8.0,16.0,6,6,0.4,25,25,True,59,1.5542012121727566e-12,3.1546987244723823e-12
63,16.0,4.0,1,1,0.4,25,25,True,54,1.454895647642528e-12,1.3501759178642726e-12
63,16.0,4.0,1,3,0.4,25,25,True,53,1.4172656104260994e-12,2.837077794914933e-12
63,16.0,4.0,1,6,0.4,25,25,True,54,1.4959422589555516e-12,3.014560823189072e-12
63,16.0,4.0,3,1,0.4,25,25,True,54,1.454895648727789e-12,1.350175917811333e-12
63,16.0,4.0,3,3,0.4,25,25,True,53,1.4563003580825296e-12,2.8894386883138168e-12
63,16.0,4.0,3,6,0.4,25,25,True,54,1.483785316835906e-12,2.9736213491560193e-12
63,16.0,4.0,6,1,0.4,25,25,True,54,1.4548956490454264e-12,1.3501759188701242e-12
63,16.0,4.0,6,3,0.4,25,25,True,53,1.4897319489115546e-12,2.9070391927010775e-12
63,16.0,4.0,6,6,0.4,25,25,True,54,1.4699907957549385e-12,2.923605801896656e-12
63,16.0,8.0,1,1,0.4,25,25,True,54,1.4960527391569278e-12,1.3967225271326045e-12
63,16.0,8.0,1,3,0.4,25,25,True,54,1.3727075032221592e-12,2.6599694669116047e-12
63,16.0,8.0,1,6,0.4,25,25,True,54,1.4795942249179461e-12,2.9015678748578466e-12
63,16.0,8.0,3,1,0.4,25,25,True,54,1.4961515099748413e-12,1.3967255086885788e-12
63,16.0,8.0,3,3,0.4,25,25,True,54,1.4946238691138092e-12,2.786881836414068e-12
63,16.0,8.0,3,6,0.4,25,25,True,55,1.4918621893400541e-12,2.992273095969722e-12
63,16.0,8.0,6,1,0.4,25,25,True,54,1.496165550392975e-12,1.3967142871960936e-12
63,16.0,8.0,6,3,0.4,25,25,True,53,1.4932360903330277e-12,2.973718493670674e-12
63,16.0,8.0,6,6,0.4,25,25,True,55,1.398825499876466e-12,2.7617907960575394e-12
63,16.0,16.0,1,1,0.4,25,25,True,53,1.4480742993594475e-12,2.7556498749525815e-12
63,16.0,16.0,1,3,0.4,25,25,True,54,1.5084322679825846e-12,3.0046520826942924e-12
63,16.0,16.0,1,6,0.4,25,25,True,55,1.4917511670375916e-12,3.0339619705443965e-12
63,16.0,16.0,3,1,0.4,25,25,True,53,1.505250785127643e-12,2.9993472983047553e-12
63,16.0,16.0,3,3,0.4,25,25,True,54,1.4296619443854297e-12,2.874478433056993e-12
63,16.0,16.0,3,6,0.4,25,25,True,56,1.4794832026154836e-12,2.9736213491560193e-12
63,16.0,16.0,6,1,0.4,25,25,True,53,1.4836222528291643e-12,2.967872475556632e-12
63,16.0,16.0,6,3,0.4,25,25,True,54,1.4996892616636615e-12,2.933764342571976e-12
63,16.0,16.0,6,6,0.4,25,25,True,56,1.512068248388232e-12,3.0428437547413978e-12
64,4.0,4.0,1,1,0.4,25,25,True,54,1.4548978900563768e-12,1.3501711070744742e-12
64,4.0,4.0,1,3,0.4,25,25,True,54,1.5031101363582877e-12,2.9513197441488614e-12
64,4.0,4.0,1,6,0.4,25,25,True,57,1.4833689832016717e-12,2.9633517861782366e-12
64,4.0,4.0,3,1,0.4,25,25,True,54,1.454897890162256e-12,1.3501711072068231e-12
64,4.0,4.0,3,3,0.4,25,25,True,53,1.48707782199331e-12,2.954129996179944e-12
64,4.0,4.0,3,6,0.4,25,25,True,57,1.540712002423561e-12,3.2514546610684647e-12
64,4.0,4.0,6,1,0.4,25,25,True,54,1.4548978894608068e-12,1.3501711072994674e-12
64,4.0,4.0,6,3,0.4,25,25,True,53,1.4386825064605091e-12,2.865707671162454e-12
64,4.0,4.0,6,6,0.4,25,25,True,56,1.4933887459989137e-12,3.0493663150110706e-12
64,4.0,8.0,1,1,0.4,25,25,True,54,1.441304703624774e-12,1.3789145606596387e-12
64,4.0,8.0,1,3,0.4,25,25,True,55,1.497704738007144e-12,2.9996977124469026e-12
64,4.0,8.0,1,6,0.4,25,25,True,58,1.5565881916757007e-12,3.249567281926602e-12
64,4.0,8.0,3,1,0.4,25,25,True,54,1.4413763693883752e-12,1.3788078751658661e-12
64,4.0,8.0,3,3,0.4,25,25,True,54,1.5121931484785023e-12,3.0034447151550125e-12
64,4.0,8.0,3,6,0.4,25,25,True,60,1.5870638137016613e-12,3.4970359941155493e-12
64,4.0,8.0,6,1,0.4,25,25,True,54,1.4964544902719423e-12,1.3958445402133257e-12
64,4.0,8.0,6,3,0.4,25,25,True,54,1.458513865237876e-12,2.814914967785853e-12
64,4.0,8.0,6,6,0.4,25,25,True,59,1.5629164629160641e-12,3.060773856589094e-12
64,4.0,16.0,1,1,0.4,25,25,True,53,1.4685891391863493e-12,2.904759766053644e-12
64,4.0,16.0,1,3,0.4,25,25,True,56,1.5044909762451653e-12,3.0397351302724473e-12
64,4.0,16.0,1,6,0.4,25,25,True,60,1.5673573550145647e-12,3.3775759966658825e-12
64,4.0,16.0,3,1,0.4,25,25,True,53,1.5067704028925988e-12,3.048446911568803e-12
64,4.0,16.0,3,3,0.4,25,25,True,57,1.5180356971455922e-12,3.1534219679940634e-12
64,4.0,16.0,3,6,0.4,25,25,True,65,1.643629676806313e-12,3.7875258485087215e-12
64,4.0,16.0,6,1,0.4,25,25,True,53,1.527330345529876e-12,3.037878976153152e-12
64,4.0,16.0,6,3,0.4,25,25,True,55,1.490751966315429e-12,3.0132563111351374e-12
64,4.0,16.0,6,6,0.4,25,25,True,65,1.6078249842621517e-12,3.688993555073239e-12
64,8.0,4.0,1,1,0.4,25,25,True,54,1.4548978907842958e-12,1.3501711070480044e-12
64,8.0,4.0,1,3,0.4,25,25,True,54,1.4845520646122878e-12,2.9812229074277496e-12
64,8.0,4.0,1,6,0.4,25,25,True,55,1.492472812003598e-12,2.95755087087457e-12
64,8.0,4.0,3,1,0.4,25,25,True,54,1.4548978908637051e-12,1.3501711069685951e-12
64,8.0,4.0,3,3,0.4,25,25,True,53,1.4563766859154725e-12,2.913058683162717e-12
64,8.0,4.0,3,6,0.4,25,25,True,55,1.5079049120458876e-12,3.0629665470627288e-12
64,8.0,4.0,6,1,0.4,25,25,True,54,1.4548978906916515e-12,1.3501711075641651e-12
64,8.0,4.0,6,3,0.4,25,25,True,53,1.4945787663034338e-12,2.9202924800575403e-12
64,8.0,4.0,6,6,0.4,25,25,True,55,1.5054901769673279e-12,3.0460078903615795e-12
64,8.0,8.0,1,1,0.4,25,25,True,54,1.4413256287267029e-12,1.3788199098099807e-12
64,8.0,8.0,1,3,0.4,25,25,True,54,1.4535317394148706e-12,2.9241054022577373e-12
64,8.0,8.0,1,6,0.4,25,25,True,55,1.485145340041072e-12,3.0376257065256596e-12
64,8.0,8.0,3,1,0.4,25,25,True,54,1.4981055675503119e-12,1.3976523931258367e-12
64,8.0,8.0,3,3,0.4,25,25,True,54,1.4820922267233527e-12,2.9559688030644793e-12
64,8.0,8.0,3,6,0.4,25,25,True,57,1.5270562592206716e-12,3.166689133138334e-12
64,8.0,8.0,6,1,0.4,25,25,True,54,1.496202033796079e-12,1.3953137148296768e-12
64,8.0,8.0,6,3,0.4,25,25,True,54,1.486186174126658e-12,2.971317636379922e-12
64,8.0,8.0,6,6,0.4,25,25,True,56,1.4456769115156476e-12,2.9291569170197818e-12
64,8.0,16.0,1,1,0.4,25,25,True,53,1.456938736321689e-12,2.7798943702528334e-12
64,8.0,16.0,1,3,0.4,25,25,True,55,1.4972745265851017e-12,3.0270785877917206e-12
64,8.0,16.0,1,6,0.4,25,25,True,56,1.5045742429720121e-12,3.0840885401062224e-12
64,8.0,16.0,3,1,0.4,25,25,True,53,1.469723648339638e-12,2.9724001038289316e-12
64,8.0,16.0,3,3,0.4,25,25,True,55,1.5170642519990452e-12,3.1079305795600476e-12
64,8.0,16.0,3,6,0.4,25,25,True,59,1.5445422718585178e-12,3.0929703243032236e-12
64,8.0,16.0,6,1,0.4,25,25,True,53,1.5209430936913293e-12,3.018363337048413e-12
64,8.0,16.0,6,3,0.4,25,25,True,54,1.5081547122264283e-12,2.9838631565581863e-12
64,8.0,16.0,6,6,0.4,25,25,True,59,1.5011880627469054e-12,3.0428437547413978e-12
64,16.0,4.0,1,1,0.4,25,25,True,54,1.4548978901357862e-12,1.3501711071935882e-12
64,16.0,4.0,1,3,0.4,25,25,True,53,1.41572170653248e-12,2.831970769001657e-12
64,16.0,4.0,1,6,0.4,25,25,True,54,1.4920287227937479e-12,3.00587332802138e-12
64,16.0,4.0,3,1,0.4,25,25,True,54,1.4548978904269537e-12,1.3501711072597627e-12
64,16.0,4.0,3,3,0.4,25,25,True,53,1.4482928745174206e-12,2.8805499652229116e-12
64,16.0,4.0,3,6,0.4,25,25,True,54,1.4884760091149474e-12,3.0009883467130294e-12
64,16.0,4.0,6,1,0.4,25,25,True,54,1.4548978901754908e-12,1.3501711072068231e-12
64,16.0,4.0,6,3,0.4,25,25,True,53,1.4858253516436548e-12,2.9029834092142437e-12
64,16.0,4.0,6,6,0.4,25,25,True,54,1.4486467581065199e-12,2.895184092466252e-12
64,16.0,8.0,1,1,0.4,25,25,True,54,1.4413357660170156e-12,1.3787674344248324e-12
64,16.0,8.0,1,3,0.4,25,25,True,54,1.3692380562702056e-12,2.652322805829499e-12
64,16.0,8.0,1,6,0.4,25,25,True,54,1.4739320874923578e-12,2.890465644611595e-12
64,16.0,8.0,3,1,0.4,25,25,True,54,1.4970339421230272e-12,1.3962253120163026e-12
64,16.0,8.0,3,3,0.4,25,25,True,54,1.4829248939918216e-12,2.7703256355593453e-12
64,16.0,8.0,3,6,0.4,25,25,True,55,1.4766521339026895e-12,2.966904499857037e-12
64,16.0,8.0,6,1,0.4,25,25,True,54,1.4960734474184223e-12,1.3950439653291624e-12
64,16.0,8.0,6,3,0.4,25,25,True,53,1.49830148288288e-12,2.9772018184104354e-12
64,16.0,8.0,6,6,0.4,25,25,True,55,1.3882228699912957e-12,2.718436586945927e-12
64,16.0,16.0,1,1,0.4,25,25,True,53,1.5027284971935728e-12,2.994729464411705e-12
64,16.0,16.0,1,3,0.4,25,25,True,54,1.4635515022121126e-12,2.944311461305915e-12
64,16.0,16.0,1,6,0.4,25,25,True,55,1.4832579608992091e-12,3.0189184485607257e-12
64,16.0,16.0,3,1,0.4,25,25,True,53,1.4560540273489408e-12,2.9337920981475918e-12
64,16.0,16.0,3,3,0.4,25,25,True,54,1.4176437801438624e-12,2.849942504212777e-12
64,16.0,16.0,3,6,0.4,25,25,True,56,1.4613865673140936e-12,2.9372615450995454e-12
64,16.0,16.0,6,1,0.4,25,25,True,53,1.5178101830937152e-12,3.0084060242963062e-12
64,16.0,16.0,6,3,0.4,25,25,True,54,1.4973855488875643e-12,2.920691466457015e-12
64,16.0,16.0,6,6,0.4,25,25,True,56,1.4845902285287593e-12,2.989719583013084e-12
